No Sensor found on bus! Rescanning...
No Sensor found on bus! Rescanning...
✖ WiFi connection lost
🔄 WiFi disconnected, retrying...
✖ WiFi connection lost
No Sensor found on bus! Rescanning...
No Sensor found on bus! Rescanning...
✖ WiFi connection lost
🔄 WiFi disconnected, retrying...
✖ WiFi connection lost
No Sensor found on bus! Rescanning...
No Sensor found on bus! Rescanning...
✖ WiFi connection lost
🔄 WiFi disconnected, retrying...
✖ WiFi connection lost
⚠ WiFi connection timeout (20s). Falling back to AP Setup Mode!
✖ WiFi connection lost
🚀 AP Mode active. SSID: 'Pool-Controller-Setup'. IP: 192.168.4.1
[ 20330][E][WiFiUdp.cpp:221] parsePacket(): could not receive data: 9
[ 20344][E][WiFiUdp.cpp:221] parsePacket(): could not receive data: 9
[ 20352][E][WiFiUdp.cpp:221] parsePacket(): could not receive data: 9
[ 20360][E][WiFiUdp.cpp:221] parsePacket(): could not receive data: 9
[ 20368][E][WiFiUdp.cpp:221] parsePacket(): could not receive data: 9
[ 20376][E][WiFiUdp.cpp:221] parsePacket(): could not receive data: 9
[ 20384][E][WiFiUdp.cpp:221] parsePacket(): could not receive data: 9
[ 20392][E][WiFiUdp.cpp:221] parsePacket(): could not receive data: 9
[ 20400][E][WiFiUdp.cpp:221] parsePacket(): could not receive data: 9
[ 20408][E][WiFiUdp.cpp:221] parsePacket(): could not receive data: 9
[ 20416][E][WiFiUdp.cpp:221] parsePacket(): could not receive data: 9
[ 20424][E][WiFiUdp.cpp:221] parsePacket(): could not receive data: 9
[ 20432][E][WiFiUdp.cpp:221] parsePacket(): could not receive data: 9
[ 20440][E][WiFiUdp.cpp:221] parsePacket(): could not receive data: 9
[ 20448][E][WiFiUdp.cpp:221] parsePacket(): could not receive data: 9
[ 20456][E][WiFiUdp.cpp:221] parsePacket(): could not receive data: 9
[ 20464][E][WiFiUdp.cpp:221] parsePacket(): could not receive data: 9
[ 20472][E][WiFiUdp.cpp:221] parsePacket(): could not receive data: 9
[ 20480][E][WiFiUdp.cpp:221] parsePacket(): could not receive data: 9
[ 20488][E][WiFiUdp.cpp:221] parsePacket(): could not receive data: 9
[ 20496][E][WiFiUdp.cpp:221] parsePacket(): could not receive data: 9
[ 20504][E][WiFiUdp.cpp:221] parsePacket(): could not receive data: 9
[ 20512][E][WiFiUdp.cpp:221] parsePacket(): could not receive data: 9
[ 20520][E][WiFiUdp.cpp:221] parsePacket(): could not receive data: 9
[ 20528][E][WiFiUdp.cpp:221] parsePacket(): could not receive data: 9
[ 20536][E][WiFiUdp.cpp:221] parsePacket(): could not receive data: 9
[ 20544][E][WiFiUdp.cpp:221] parsePacket(): could not receive data: 9
[ 20552][E][WiFiUdp.cpp:221] parsePacket(): could not receive data: 9
[ 20560][E][WiFiUdp.cpp:221] parsePacket(): could not receive data: 9
[ 20568][E][WiFiUdp.cpp:221] parsePacket(): could not receive data: 9
[ 20576][E][WiFiUdp.cpp:221] parsePacket(): could not receive data: 9
[ 20584][E][WiFiUdp.cpp:221] parsePacket(): could not receive data: 9
[ 20592][E][WiFiUdp.cpp:221] parsePacket(): could not receive data: 9
[ 20600][E][WiFiUdp.cpp:221] parsePacket(): could not receive data: 9
[ 20608][E][WiFiUdp.cpp:221] parsePacket(): could not receive data: 9
[ 20616][E][WiFiUdp.cpp:221] parsePacket(): could not receive data: 9
[ 20624][E][WiFiUdp.cpp:221] parsePacket(): could not receive data: 9
[ 20632][E][WiFiUdp.cpp:221] parsePacket(): could not receive data: 9
[ 20640][E][WiFiUdp.cpp:221] parsePacket(): could not receive data: 9
[ 20648][E][WiFiUdp.cpp:221] parsePacket(): could not receive data: 9
[ 20656][E][WiFiUdp.cpp:221] parsePacket(): could not receive data: 9
[ 20664][E][WiFiUdp.cpp:221] parsePacket(): could not receive data: 9
[ 20672][E][WiFiUdp.cpp:221] parsePacket(): could not receive data: 9
[ 20680][E][WiFiUdp.cpp:221] parsePacket(): could not receive data: 9
[ 20688][E][WiFiUdp.cpp:221] parsePacket(): could not receive data: 9
[ 20696][E][WiFiUdp.cpp:221] parsePacket(): could not receive data: 9
[ 20704][E][WiFiUdp.cpp:221] parsePacket(): could not receive data: 9
[ 20712][E][WiFiUdp.cpp:221] parsePacket(): could not receive data: 9
[ 20720][E][WiFiUdp.cpp:221] parsePacket(): could not receive data: 9
[ 20728][E][WiFiUdp.cpp:221] parsePacket(): could not receive data: 9
[ 20736][E][WiFiUdp.cpp:221] parsePacket(): could not receive data: 9
[ 20744][E][WiFiUdp.cpp:221] parsePacket(): could not receive data: 9
[ 20752][E][WiFiUdp.cpp:221] parsePacket(): could not receive data: 9
[ 20760][E][WiFiUdp.cpp:221] parsePacket(): could not receive data: 9
[ 20768][E][WiFiUdp.cpp:221] parsePacket(): could not receive data: 9
[ 20776][E][WiFiUdp.cpp:221] parsePacket(): could not receive data: 9
[ 20784][E][WiFiUdp.cpp:221] parsePacket(): could not receive data: 9
[ 20792][E][WiFiUdp.cpp:221] parsePacket(): could not receive data: 9
[ 20800][E][WiFiUdp.cpp:221] parsePacket(): could not receive data: 9
[ 20808][E][WiFiUdp.cpp:221] parsePacket(): could not receive data: 9
[ 20816][E][WiFiUdp.cpp:221] parsePacket(): could not receive data: 9
[ 20824][E][WiFiUdp.cpp:221] parsePacket(): could not receive data: 9
[ 20832][E][WiFiUdp.cpp:221] parsePacket(): could not receive data: 9
[ 20840][E][WiFiUdp.cpp:221] parsePacket(): could not receive data: 9
[ 20848][E][WiFiUdp.cpp:221] parsePacket(): could not receive data: 9
[ 20856][E][WiFiUdp.cpp:221] parsePacket(): could not receive data: 9
[ 20864][E][WiFiUdp.cpp:221] parsePacket(): could not receive data: 9
[ 20872][E][WiFiUdp.cpp:221] parsePacket(): could not receive data: 9
[ 20880][E][WiFiUdp.cpp:221] parsePacket(): could not receive data: 9
[ 20888][E][WiFiUdp.cpp:221] parsePacket(): could not receive data: 9
[ 20896][E][WiFiUdp.cpp:221] parsePacket(): could not receive data: 9
[ 20904][E][WiFiUdp.cpp:221] parsePacket(): could not receive data: 9
[ 20912][E][WiFiUdp.cpp:221] parsePacket(): could not receive data: 9
[ 20920][E][WiFiUdp.cpp:221] parsePacket(): could not receive data: 9
[ 20928][E][WiFiUdp.cpp:221] parsePacket(): could not receive data: 9
[ 20936][E][WiFiUdp.cpp:221] parsePacket(): could not receive data: 9
[ 20944][E][WiFiUdp.cpp:221] parsePacket(): could not receive data: 9
[ 20952][E][WiFiUdp.cpp:221] parsePacket(): could not receive data: 9
[ 20960][E][WiFiUdp.cpp:221] parsePacket(): could not receive data: 9
[ 20968][E][WiFiUdp.cpp:221] parsePacket(): could not receive data: 9
[ 20976][E][WiFiUdp.cpp:221] parsePacket(): could not receive data: 9
[ 20984][E][WiFiUdp.cpp:221] parsePacket(): could not receive data: 9
[ 20992][E][WiFiUdp.cpp:221] parsePacket(): could not receive data: 9
[ 21000][E][WiFiUdp.cpp:221] parsePacket(): could not receive data: 9
[ 21008][E][WiFiUdp.cpp:221] parsePacket(): could not receive data: 9
[ 21016][E][WiFiUdp.cpp:221] parsePacket(): could not receive data: 9
[ 21024][E][WiFiUdp.cpp:221] parsePacket(): could not receive data: 9
[ 21032][E][WiFiUdp.cpp:221] parsePacket(): could not receive data: 9
[ 21040][E][WiFiUdp.cpp:221] parsePacket(): could not receive data: 9
[ 21048][E][WiFiUdp.cpp:221] parsePacket(): could not receive data: 9
[ 21056][E][WiFiUdp.cpp:221] parsePacket(): could not receive data: 9
[ 21064][E][WiFiUdp.cpp:221] parsePacket(): could not receive data: 9
[ 21072][E][WiFiUdp.cpp:221] parsePacket(): could not receive data: 9
[ 21080][E][WiFiUdp.cpp:221] parsePacket(): could not receive data: 9
[ 21088][E][WiFiUdp.cpp:221] parsePacket(): could not receive data: 9
[ 21096][E][WiFiUdp.cpp:221] parsePacket(): could not receive data: 9
[ 21104][E][WiFiUdp.cpp:221] parsePacket(): could not receive data: 9
[ 21112][E][WiFiUdp.cpp:221] parsePacket(): could not receive data: 9
[ 21120][E][WiFiUdp.cpp:221] parsePacket(): could not receive data: 9
[ 21128][E][WiFiUdp.cpp:221] parsePacket(): could not receive data: 9
[ 21136][E][WiFiUdp.cpp:221] parsePacket(): could not receive data: 9
[ 21144][E][WiFiUdp.cpp:221] parsePacket(): could not receive data: 9
[ 21152][E][WiFiUdp.cpp:221] parsePacket(): could not receive data: 9
[ 21160][E][WiFiUdp.cpp:221] parsePacket(): could not receive data: 9
[ 21168][E][WiFiUdp.cpp:221] parsePacket(): could not receive data: 9
[ 21176][E][WiFiUdp.cpp:221] parsePacket(): could not receive data: 9
[ 21184][E][WiFiUdp.cpp:221] parsePacket(): could not receive data: 9
[ 21192][E][WiFiUdp.cpp:221] parsePacket(): could not receive data: 9
[ 21200][E][WiFiUdp.cpp:221] parsePacket(): could not receive data: 9
[ 21208][E][WiFiUdp.cpp:221] parsePacket(): could not receive data: 9
[ 21216][E][WiFiUdp.cpp:221] parsePacket(): could not receive data: 9
[ 21224][E][WiFiUdp.cpp:221] parsePacket(): could not receive data: 9
[ 21232][E][WiFiUdp.cpp:221] parsePacket(): could not receive data: 9
[ 21240][E][WiFiUdp.cpp:221] parsePacket(): could not receive data: 9
[ 21248][E][WiFiUdp.cpp:221] parsePacket(): could not receive data: 9
[ 21256][E][WiFiUdp.cpp:221] parsePacket(): could not receive data: 9
[ 21264][E][WiFiUdp.cpp:221] parsePacket(): could not receive data: 9
[ 21272][E][WiFiUdp.cpp:221] parsePacket(): could not receive data: 9
[ 21280][E][WiFiUdp.cpp:221] parsePacket(): could not receive data: 9
[ 21288][E][WiFiUdp.cpp:221] parsePacket(): could not receive data: 9
[ 21296][E][WiFiUdp.cpp:221] parsePacket(): could not receive data: 9
[ 21304][E][WiFiUdp.cpp:221] parsePacket(): could not receive data: 9
[ 21312][E][WiFiUdp.cpp:221] parsePacket(): could not receive data: 9
[ 21320][E][WiFiUdp.cpp:221] parsePacket(): could not receive data: 9
[ 21328][E][WiFiUdp.cpp:221] parsePacket(): could not receive data: 9
[ 21336][E][WiFiUdp.cpp:221] parsePacket(): could not receive data: 9
[ 21344][E][WiFiUdp.cpp:221] parsePacket(): could not receive data: 9
[ 21352][E][WiFiUdp.cpp:221] parsePacket(): could not receive data: 9
[ 21360][E][WiFiUdp.cpp:221] parsePacket(): could not receive data: 9
[ 21368][E][WiFiUdp.cpp:221] parsePacket(): could not receive data: 9
[ 21376][E][WiFiUdp.cpp:221] parsePacket(): could not receive data: 9
[ 21384][E][WiFiUdp.cpp:221] parsePacket(): could not receive data: 9
[ 21392][E][WiFiUdp.cpp:221] parsePacket(): could not receive data: 9
[ 21400][E][WiFiUdp.cpp:221] parsePacket(): could not receive data: 9
[ 21408][E][WiFiUdp.cpp:221] parsePacket(): could not receive data: 9
[ 21416][E][WiFiUdp.cpp:221] parsePacket(): could not receive data: 9
[ 21424][E][WiFiUdp.cpp:221] parsePacket(): could not receive data: 9
[ 21432][E][WiFiUdp.cpp:221] parsePacket(): could not receive data: 9
[ 21440][E][WiFiUdp.cpp:221] parsePacket(): could not receive data: 9
[ 21448][E][WiFiUdp.cpp:221] parsePacket(): could not receive data: 9
[ 21456][E][WiFiUdp.cpp:221] parsePacket(): could not receive data: 9
[ 21464][E][WiFiUdp.cpp:221] parsePacket(): could not receive data: 9
[ 21472][E][WiFiUdp.cpp:221] parsePacket(): could not receive data: 9
[ 21480][E][WiFiUdp.cpp:221] parsePacket(): could not receive data: 9
[ 21488][E][WiFiUdp.cpp:221] parsePacket(): could not receive data: 9
[ 21496][E][WiFiUdp.cpp:221] parsePacket(): could not receive data: 9
[ 21504][E][WiFiUdp.cpp:221] parsePacket(): could not receive data: 9
[ 21512][E][WiFiUdp.cpp:221] parsePacket(): could not receive data: 9
[ 21520][E][WiFiUdp.cpp:221] parsePacket(): could not receive data: 9
[ 21528][E][WiFiUdp.cpp:221] parsePacket(): could not receive data: 9
[ 21536][E][WiFiUdp.cpp:221] parsePacket(): could not receive data: 9
[ 21544][E][WiFiUdp.cpp:221] parsePacket(): could not receive data: 9
[ 21552][E][WiFiUdp.cpp:221] parsePacket(): could not receive data: 9
[ 21560][E][WiFiUdp.cpp:221] parsePacket(): could not receive data: 9
[ 21568][E][WiFiUdp.cpp:221] parsePacket(): could not receive data: 9
[ 21576][E][WiFiUdp.cpp:221] parsePacket(): could not receive data: 9
[ 21584][E][WiFiUdp.cpp:221] parsePacket(): could not receive data: 9
[ 21592][E][WiFiUdp.cpp:221] parsePacket(): could not receive data: 9
[ 21600][E][WiFiUdp.cpp:221] parsePacket(): could not receive data: 9
[ 21608][E][WiFiUdp.cpp:221] parsePacket(): could not receive data: 9
[ 21616][E][WiFiUdp.cpp:221] parsePacket(): could not receive data: 9
[ 21624][E][WiFiUdp.cpp:221] parsePacket(): could not receive data: 9
[ 21632][E][WiFiUdp.cpp:221] parsePacket(): could not receive data: 9
[ 21640][E][WiFiUdp.cpp:221] parsePacket(): could not receive data: 9
[ 21648][E][WiFiUdp.cpp:221] parsePacket(): could not receive data: 9
[ 21656][E][WiFiUdp.cpp:221] parsePacket(): could not receive data: 9
[ 21664][E][WiFiUdp.cpp:221] parsePacket(): could not receive data: 9
[ 21672][E][WiFiUdp.cpp:221] parsePacket(): could not receive data: 9
[ 21680][E][WiFiUdp.cpp:221] parsePacket(): could not receive data: 9
[ 21688][E][WiFiUdp.cpp:221] parsePacket(): could not receive data: 9
[ 21696][E][WiFiUdp.cpp:221] parsePacket(): could not receive data: 9
No Sensor found on bus! Rescanning...
No Sensor found on bus! Rescanning...
[ 22009][E][WiFiUdp.cpp:221] parsePacket(): could not receive data: 9
[ 22017][E][WiFiUdp.cpp:221] parsePacket(): could not receive data: 9
[ 22025][E][WiFiUdp.cpp:221] parsePacket(): could not receive data: 9
[ 22033][E][WiFiUdp.cpp:221] parsePacket(): could not receive data: 9
[ 22041][E][WiFiUdp.cpp:221] parsePacket(): could not receive data: 9
[ 22049][E][WiFiUdp.cpp:221] parsePacket(): could not receive data: 9
[ 22057][E][WiFiUdp.cpp:221] parsePacket(): could not receive data: 9
[ 22065][E][WiFiUdp.cpp:221] parsePacket(): could not receive data: 9
[ 22073][E][WiFiUdp.cpp:221] parsePacket(): could not receive data: 9
[ 22081][E][WiFiUdp.cpp:221] parsePacket(): could not receive data: 9
[ 22089][E][WiFiUdp.cpp:221] parsePacket(): could not receive data: 9
[ 22097][E][WiFiUdp.cpp:221] parsePacket(): could not receive data: 9
[ 22105][E][WiFiUdp.cpp:221] parsePacket(): could not receive data: 9
[ 22113][E][WiFiUdp.cpp:221] parsePacket(): could not receive data: 9
[ 22121][E][WiFiUdp.cpp:221] parsePacket(): could not receive data: 9
[ 22129][E][WiFiUdp.cpp:221] parsePacket(): could not receive data: 9
[ 22137][E][WiFiUdp.cpp:221] parsePacket(): could not receive data: 9
[ 22145][E][WiFiUdp.cpp:221] parsePacket(): could not receive data: 9
[ 22153][E][WiFiUdp.cpp:221] parsePacket(): could not receive data: 9
[ 22161][E][WiFiUdp.cpp:221] parsePacket(): could not receive data: 9
[ 22169][E][WiFiUdp.cpp:221] parsePacket(): could not receive data: 9
[ 22177][E][WiFiUdp.cpp:221] parsePacket(): could not receive data: 9
[ 22185][E][WiFiUdp.cpp:221] parsePacket(): could not receive data: 9
[ 22193][E][WiFiUdp.cpp:221] parsePacket(): could not receive data: 9
[ 22201][E][WiFiUdp.cpp:221] parsePacket(): could not receive data: 9
[ 22209][E][WiFiUdp.cpp:221] parsePacket(): could not receive data: 9
[ 22217][E][WiFiUdp.cpp:221] parsePacket(): could not receive data: 9
[ 22225][E][WiFiUdp.cpp:221] parsePacket(): could not receive data: 9
[ 22233][E][WiFiUdp.cpp:221] parsePacket(): could not receive data: 9
[ 22241][E][WiFiUdp.cpp:221] parsePacket(): could not receive data: 9
[ 22249][E][WiFiUdp.cpp:221] parsePacket(): could not receive data: 9
[ 22257][E][WiFiUdp.cpp:221] parsePacket(): could not receive data: 9
[ 22265][E][WiFiUdp.cpp:221] parsePacket(): could not receive data: 9
[ 22273][E][WiFiUdp.cpp:221] parsePacket(): could not receive data: 9
[ 22281][E][WiFiUdp.cpp:221] parsePacket(): could not receive data: 9
[ 22289][E][WiFiUdp.cpp:221] parsePacket(): could not receive data: 9
[ 22297][E][WiFiUdp.cpp:221] parsePacket(): could not receive data: 9
[ 22305][E][WiFiUdp.cpp:221] parsePacket(): could not receive data: 9
[ 22313][E][WiFiUdp.cpp:221] parsePacket(): could not receive data: 9
[ 22321][E][WiFiUdp.cpp:221] parsePacket(): could not receive data: 9
[ 22329][E][WiFiUdp.cpp:221] parsePacket(): could not receive data: 9
[ 22337][E][WiFiUdp.cpp:221] parsePacket(): could not receive data: 9
[ 22345][E][WiFiUdp.cpp:221] parsePacket(): could not receive data: 9
[ 22353][E][WiFiUdp.cpp:221] parsePacket(): could not receive data: 9
[ 22361][E][WiFiUdp.cpp:221] parsePacket(): could not receive data: 9
[ 22369][E][WiFiUdp.cpp:221] parsePacket(): could not receive data: 9
[ 22377][E][WiFiUdp.cpp:221] parsePacket(): could not receive data: 9
[ 22385][E][WiFiUdp.cpp:221] parsePacket(): could not receive data: 9
[ 22393][E][WiFiUdp.cpp:221] parsePacket(): could not receive data: 9
[ 22401][E][WiFiUdp.cpp:221] parsePacket(): could not receive data: 9
[ 22409][E][WiFiUdp.cpp:221] parsePacket(): could not receive data: 9
[ 22417][E][WiFiUdp.cpp:221] parsePacket(): could not receive data: 9
[ 22425][E][WiFiUdp.cpp:221] parsePacket(): could not receive data: 9
[ 22433][E][WiFiUdp.cpp:221] parsePacket(): could not receive data: 9
[ 22441][E][WiFiUdp.cpp:221] parsePacket(): could not receive data: 9
[ 22449][E][WiFiUdp.cpp:221] parsePacket(): could not receive data: 9
[ 22457][E][WiFiUdp.cpp:221] parsePacket(): could not receive data: 9
[ 22465][E][WiFiUdp.cpp:221] parsePacket(): could not receive data: 9
[ 22473][E][WiFiUdp.cpp:221] parsePacket(): could not receive data: 9
[ 22481][E][WiFiUdp.cpp:221] parsePacket(): could not receive data: 9
[ 22489][E][WiFiUdp.cpp:221] parsePacket(): could not receive data: 9
[ 22497][E][WiFiUdp.cpp:221] parsePacket(): could not receive data: 9
[ 22505][E][WiFiUdp.cpp:221] parsePacket(): could not receive data: 9
[ 22513][E][WiFiUdp.cpp:221] parsePacket(): could not receive data: 9
[ 22521][E][WiFiUdp.cpp:221] parsePacket(): could not receive data: 9
[ 22529][E][WiFiUdp.cpp:221] parsePacket(): could not receive data: 9
[ 22537][E][WiFiUdp.cpp:221] parsePacket(): could not receive data: 9
[ 22545][E][WiFiUdp.cpp:221] parsePacket(): could not receive data: 9
[ 22553][E][WiFiUdp.cpp:221] parsePacket(): could not receive data: 9
[ 22561][E][WiFiUdp.cpp:221] parsePacket(): could not receive data: 9
[ 22569][E][WiFiUdp.cpp:221] parsePacket(): could not receive data: 9
[ 22577][E][WiFiUdp.cpp:221] parsePacket(): could not receive data: 9
[ 22585][E][WiFiUdp.cpp:221] parsePacket(): could not receive data: 9
[ 22593][E][WiFiUdp.cpp:221] parsePacket(): could not receive data: 9
[ 22601][E][WiFiUdp.cpp:221] parsePacket(): could not receive data: 9
[ 22609][E][WiFiUdp.cpp:221] parsePacket(): could not receive data: 9
[ 22617][E][WiFiUdp.cpp:221] parsePacket(): could not receive data: 9
[ 22625][E][WiFiUdp.cpp:221] parsePacket(): could not receive data: 9
[ 22633][E][WiFiUdp.cpp:221] parsePacket(): could not receive data: 9
[ 22641][E][WiFiUdp.cpp:221] parsePacket(): could not receive data: 9
[ 22649][E][WiFiUdp.cpp:221] parsePacket(): could not receive data: 9
[ 22657][E][WiFiUdp.cpp:221] parsePacket(): could not receive data: 9
[ 22665][E][WiFiUdp.cpp:221] parsePacket(): could not receive data: 9
[ 22673][E][WiFiUdp.cpp:221] parsePacket(): could not receive data: 9
[ 22681][E][WiFiUdp.cpp:221] parsePacket(): could not receive data: 9
[ 22689][E][WiFiUdp.cpp:221] parsePacket(): could not receive data: 9
[ 22697][E][WiFiUdp.cpp:221] parsePacket(): could not receive data: 9
[ 22705][E][WiFiUdp.cpp:221] parsePacket(): could not receive data: 9
[ 22713][E][WiFiUdp.cpp:221] parsePacket(): could not receive data: 9
[ 22721][E][WiFiUdp.cpp:221] parsePacket(): could not receive data: 9
[ 22729][E][WiFiUdp.cpp:221] parsePacket(): could not receive data: 9
[ 22737][E][WiFiUdp.cpp:221] parsePacket(): could not receive data: 9
[ 22745][E][WiFiUdp.cpp:221] parsePacket(): could not receive data: 9
[ 22753][E][WiFiUdp.cpp:221] parsePacket(): could not receive data: 9
[ 22761][E][WiFiUdp.cpp:221] parsePacket(): could not receive data: 9
[ 22769][E][WiFiUdp.cpp:221] parsePacket(): could not receive data: 9
[ 22777][E][WiFiUdp.cpp:221] parsePacket(): could not receive data: 9
[ 22785][E][WiFiUdp.cpp:221] parsePacket(): could not receive data: 9
[ 22793][E][WiFiUdp.cpp:221] parsePacket(): could not receive data: 9
[ 22801][E][WiFiUdp.cpp:221] parsePacket(): could not receive data: 9
[ 22809][E][WiFiUdp.cpp:221] parsePacket(): could not receive data: 9
[ 22817][E][WiFiUdp.cpp:221] parsePacket(): could not receive data: 9
[ 22825][E][WiFiUdp.cpp:221] parsePacket(): could not receive data: 9
[ 22833][E][WiFiUdp.cpp:221] parsePacket(): could not receive data: 9
[ 22841][E][WiFiUdp.cpp:221] parsePacket(): could not receive data: 9
[ 22849][E][WiFiUdp.cpp:221] parsePacket(): could not receive data: 9
[ 22857][E][WiFiUdp.cpp:221] parsePacket(): could not receive data: 9
[ 22865][E][WiFiUdp.cpp:221] parsePacket(): could not receive data: 9
[ 22873][E][WiFiUdp.cpp:221] parsePacket(): could not receive data: 9
[ 22881][E][WiFiUdp.cpp:221] parsePacket(): could not receive data: 9
[ 22889][E][WiFiUdp.cpp:221] parsePacket(): could not receive data: 9
[ 22897][E][WiFiUdp.cpp:221] parsePacket(): could not receive data: 9
[ 22905][E][WiFiUdp.cpp:221] parsePacket(): could not receive data: 9
[ 22913][E][WiFiUdp.cpp:221] parsePacket(): could not receive data: 9
[ 22921][E][WiFiUdp.cpp:221] parsePacket(): could not receive data: 9
[ 22929][E][WiFiUdp.cpp:221] parsePacket(): could not receive data: 9
[ 22937][E][WiFiUdp.cpp:221] parsePacket(): could not receive data: 9
[ 22945][E][WiFiUdp.cpp:221] parsePacket(): could not receive data: 9
[ 22953][E][WiFiUdp.cpp:221] parsePacket(): could not receive data: 9
[ 22961][E][WiFiUdp.cpp:221] parsePacket(): could not receive data: 9
[ 22969][E][WiFiUdp.cpp:221] parsePacket(): could not receive data: 9
[ 22977][E][WiFiUdp.cpp:221] parsePacket(): could not receive data: 9
[ 22985][E][WiFiUdp.cpp:221] parsePacket(): could not receive data: 9
[ 22993][E][WiFiUdp.cpp:221] parsePacket(): could not receive data: 9
[ 23001][E][WiFiUdp.cpp:221] parsePacket(): could not receive data: 9
[ 23009][E][WiFiUdp.cpp:221] parsePacket(): could not receive data: 9
[ 23017][E][WiFiUdp.cpp:221] parsePacket(): could not receive data: 9
[ 23025][E][WiFiUdp.cpp:221] parsePacket(): could not receive data: 9
[ 23033][E][WiFiUdp.cpp:221] parsePacket(): could not receive data: 9
[ 23041][E][WiFiUdp.cpp:221] parsePacket(): could not receive data: 9
[ 23049][E][WiFiUdp.cpp:221] parsePacket(): could not receive data: 9
[ 23057][E][WiFiUdp.cpp:221] parsePacket(): could not receive data: 9
[ 23065][E][WiFiUdp.cpp:221] parsePacket(): could not receive data: 9
[ 23073][E][WiFiUdp.cpp:221] parsePacket(): could not receive data: 9
[ 23081][E][WiFiUdp.cpp:221] parsePacket(): could not receive data: 9
[ 23089][E][WiFiUdp.cpp:221] parsePacket(): could not receive data: 9
[ 23097][E][WiFiUdp.cpp:221] parsePacket(): could not receive data: 9
[ 23105][E][WiFiUdp.cpp:221] parsePacket(): could not receive data: 9
[ 23113][E][WiFiUdp.cpp:221] parsePacket(): could not receive data: 9
[ 23121][E][WiFiUdp.cpp:221] parsePacket(): could not receive data: 9
[ 23129][E][WiFiUdp.cpp:221] parsePacket(): could not receive data: 9
[ 23137][E][WiFiUdp.cpp:221] parsePacket(): could not receive data: 9
[ 23145][E][WiFiUdp.cpp:221] parsePacket(): could not receive data: 9
[ 23153][E][WiFiUdp.cpp:221] parsePacket(): could not receive data: 9
[ 23161][E][WiFiUdp.cpp:221] parsePacket(): could not receive data: 9
[ 23169][E][WiFiUdp.cpp:221] parsePacket(): could not receive data: 9
[ 23177][E][WiFiUdp.cpp:221] parsePacket(): could not receive data: 9
[ 23185][E][WiFiUdp.cpp:221] parsePacket(): could not receive data: 9
[ 23193][E][WiFiUdp.cpp:221] parsePacket(): could not receive data: 9
[ 23201][E][WiFiUdp.cpp:221] parsePacket(): could not receive data: 9
[ 23209][E][WiFiUdp.cpp:221] parsePacket(): could not receive data: 9
[ 23217][E][WiFiUdp.cpp:221] parsePacket(): could not receive data: 9
[ 23225][E][WiFiUdp.cpp:221] parsePacket(): could not receive data: 9
[ 23233][E][WiFiUdp.cpp:221] parsePacket(): could not receive data: 9
[ 23241][E][WiFiUdp.cpp:221] parsePacket(): could not receive data: 9
[ 23249][E][WiFiUdp.cpp:221] parsePacket(): could not receive data: 9
[ 23257][E][WiFiUdp.cpp:221] parsePacket(): could not receive data: 9
[ 23265][E][WiFiUdp.cpp:221] parsePacket(): could not receive data: 9
[ 23273][E][WiFiUdp.cpp:221] parsePacket(): could not receive data: 9
[ 23281][E][WiFiUdp.cpp:221] parsePacket(): could not receive data: 9
[ 23289][E][WiFiUdp.cpp:221] parsePacket(): could not receive data: 9
[ 23297][E][WiFiUdp.cpp:221] parsePacket(): could not receive data: 9
[ 23305][E][WiFiUdp.cpp:221] parsePacket(): could not receive data: 9
[ 23313][E][WiFiUdp.cpp:221] parsePacket(): could not receive data: 9
[ 23321][E][WiFiUdp.cpp:221] parsePacket(): could not receive data: 9
[ 23329][E][WiFiUdp.cpp:221] parsePacket(): could not receive data: 9
[ 23337][E][WiFiUdp.cpp:221] parsePacket(): could not receive data: 9
[ 23345][E][WiFiUdp.cpp:221] parsePacket(): could not receive data: 9
[ 23353][E][WiFiUdp.cpp:221] parsePacket(): could not receive data: 9
[ 23361][E][WiFiUdp.cpp:221] parsePacket(): could not receive data: 9
[ 23369][E][WiFiUdp.cpp:221] parsePacket(): could not receive data: 9
[ 23377][E][WiFiUdp.cpp:221] parsePacket(): could not receive data: 9
[ 23385][E][WiFiUdp.cpp:221] parsePacket(): could not receive data: 9
[ 23393][E][WiFiUdp.cpp:221] parsePacket(): could not receive data: 9
[ 23401][E][WiFiUdp.cpp:221] parsePacket(): could not receive data: 9
[ 23409][E][WiFiUdp.cpp:221] parsePacket(): could not receive data: 9
[ 23417][E][WiFiUdp.cpp:221] parsePacket(): could not receive data: 9
[ 23425][E][WiFiUdp.cpp:221] parsePacket(): could not receive data: 9
[ 23433][E][WiFiUdp.cpp:221] parsePacket(): could not receive data: 9
[ 23441][E][WiFiUdp.cpp:221] parsePacket(): could not receive data: 9
[ 23449][E][WiFiUdp.cpp:221] parsePacket(): could not receive data: 9
[ 23457][E][WiFiUdp.cpp:221] parsePacket(): could not receive data: 9
[ 23465][E][WiFiUdp.cpp:221] parsePacket(): could not receive data: 9
[ 23473][E][WiFiUdp.cpp:221] parsePacket(): could not receive data: 9
[ 23481][E][WiFiUdp.cpp:221] parsePacket(): could not receive data: 9
[ 23489][E][WiFiUdp.cpp:221] parsePacket(): could not receive data: 9
[ 23497][E][WiFiUdp.cpp:221] parsePacket(): could not receive data: 9
[ 23505][E][WiFiUdp.cpp:221] parsePacket(): could not receive data: 9
[ 23513][E][WiFiUdp.cpp:221] parsePacket(): could not receive data: 9
[ 23521][E][WiFiUdp.cpp:221] parsePacket(): could not receive data: 9
[ 23529][E][WiFiUdp.cpp:221] parsePacket(): could not receive data: 9
[ 23537][E][WiFiUdp.cpp:221] parsePacket(): could not receive data: 9
[ 23545][E][WiFiUdp.cpp:221] parsePacket(): could not receive data: 9
[ 23553][E][WiFiUdp.cpp:221] parsePacket(): could not receive data: 9
[ 23561][E][WiFiUdp.cpp:221] parsePacket(): could not receive data: 9
[ 23569][E][WiFiUdp.cpp:221] parsePacket(): could not receive data: 9
[ 23577][E][WiFiUdp.cpp:221] parsePacket(): could not receive data: 9
[ 23585][E][WiFiUdp.cpp:221] parsePacket(): could not receive data: 9
[ 23593][E][WiFiUdp.cpp:221] parsePacket(): could not receive data: 9
[ 23601][E][WiFiUdp.cpp:221] parsePacket(): could not receive data: 9
[ 23609][E][WiFiUdp.cpp:221] parsePacket(): could not receive data: 9
[ 23617][E][WiFiUdp.cpp:221] parsePacket(): could not receive data: 9
[ 23625][E][WiFiUdp.cpp:221] parsePacket(): could not receive data: 9
[ 23633][E][WiFiUdp.cpp:221] parsePacket(): could not receive data: 9
[ 23641][E][WiFiUdp.cpp:221] parsePacket(): could not receive data: 9
[ 23649][E][WiFiUdp.cpp:221] parsePacket(): could not receive data: 9
[ 23657][E][WiFiUdp.cpp:221] parsePacket(): could not receive data: 9
[ 23665][E][WiFiUdp.cpp:221] parsePacket(): could not receive data: 9
[ 23673][E][WiFiUdp.cpp:221] parsePacket(): could not receive data: 9
[ 23681][E][WiFiUdp.cpp:221] parsePacket(): could not receive data: 9
[ 23689][E][WiFiUdp.cpp:221] parsePacket(): could not receive data: 9
[ 23697][E][WiFiUdp.cpp:221] parsePacket(): could not receive data: 9
[ 23705][E][WiFiUdp.cpp:221] parsePacket(): could not receive data: 9
[ 23713][E][WiFiUdp.cpp:221] parsePacket(): could not receive data: 9
[ 23721][E][WiFiUdp.cpp:221] parsePacket(): could not receive data: 9
[ 23729][E][WiFiUdp.cpp:221] parsePacket(): could not receive data: 9
[ 23737][E][WiFiUdp.cpp:221] parsePacket(): could not receive data: 9
[ 23745][E][WiFiUdp.cpp:221] parsePacket(): could not receive data: 9
[ 23753][E][WiFiUdp.cpp:221] parsePacket(): could not receive data: 9
[ 23761][E][WiFiUdp.cpp:221] parsePacket(): could not receive data: 9
[ 23769][E][WiFiUdp.cpp:221] parsePacket(): could not receive data: 9
[ 23777][E][WiFiUdp.cpp:221] parsePacket(): could not receive data: 9
[ 23785][E][WiFiUdp.cpp:221] parsePacket(): could not receive data: 9
[ 23793][E][WiFiUdp.cpp:221] parsePacket(): could not receive data: 9
[ 23801][E][WiFiUdp.cpp:221] parsePacket(): could not receive data: 9
[ 23809][E][WiFiUdp.cpp:221] parsePacket(): could not receive data: 9
[ 23817][E][WiFiUdp.cpp:221] parsePacket(): could not receive data: 9
[ 23825][E][WiFiUdp.cpp:221] parsePacket(): could not receive data: 9
[ 23833][E][WiFiUdp.cpp:221] parsePacket(): could not receive data: 9
[ 23841][E][WiFiUdp.cpp:221] parsePacket(): could not receive data: 9
[ 23849][E][WiFiUdp.cpp:221] parsePacket(): could not receive data: 9
[ 23857][E][WiFiUdp.cpp:221] parsePacket(): could not receive data: 9
[ 23865][E][WiFiUdp.cpp:221] parsePacket(): could not receive data: 9
[ 23873][E][WiFiUdp.cpp:221] parsePacket(): could not receive data: 9
[ 23881][E][WiFiUdp.cpp:221] parsePacket(): could not receive data: 9
[ 23889][E][WiFiUdp.cpp:221] parsePacket(): could not receive data: 9
[ 23897][E][WiFiUdp.cpp:221] parsePacket(): could not receive data: 9
[ 23905][E][WiFiUdp.cpp:221] parsePacket(): could not receive data: 9
[ 23913][E][WiFiUdp.cpp:221] parsePacket(): could not receive data: 9
[ 23921][E][WiFiUdp.cpp:221] parsePacket(): could not receive data: 9
[ 23929][E][WiFiUdp.cpp:221] parsePacket(): could not receive data: 9
[ 23937][E][WiFiUdp.cpp:221] parsePacket(): could not receive data: 9
[ 23945][E][WiFiUdp.cpp:221] parsePacket(): could not receive data: 9
[ 23953][E][WiFiUdp.cpp:221] parsePacket(): could not receive data: 9
[ 23961][E][WiFiUdp.cpp:221] parsePacket(): could not receive data: 9
[ 23969][E][WiFiUdp.cpp:221] parsePacket(): could not receive data: 9
[ 23977][E][WiFiUdp.cpp:221] parsePacket(): could not receive data: 9
[ 23985][E][WiFiUdp.cpp:221] parsePacket(): could not receive data: 9
[ 23993][E][WiFiUdp.cpp:221] parsePacket(): could not receive data: 9
[ 24001][E][WiFiUdp.cpp:221] parsePacket(): could not receive data: 9
[ 24009][E][WiFiUdp.cpp:221] parsePacket(): could not receive data: 9
[ 24017][E][WiFiUdp.cpp:221] parsePacket(): could not receive data: 9
[ 24025][E][WiFiUdp.cpp:221] parsePacket(): could not receive data: 9
[ 24033][E][WiFiUdp.cpp:221] parsePacket(): could not receive data: 9
[ 24041][E][WiFiUdp.cpp:221] parsePacket(): could not receive data: 9
[ 24049][E][WiFiUdp.cpp:221] parsePacket(): could not receive data: 9
[ 24057][E][WiFiUdp.cpp:221] parsePacket(): could not receive data: 9
[ 24065][E][WiFiUdp.cpp:221] parsePacket(): could not receive data: 9
[ 24073][E][WiFiUdp.cpp:221] parsePacket(): could not receive data: 9
[ 24081][E][WiFiUdp.cpp:221] parsePacket(): could not receive data: 9
[ 24089][E][WiFiUdp.cpp:221] parsePacket(): could not receive data: 9
[ 24097][E][WiFiUdp.cpp:221] parsePacket(): could not receive data: 9
[ 24105][E][WiFiUdp.cpp:221] parsePacket(): could not receive data: 9
[ 24113][E][WiFiUdp.cpp:221] parsePacket(): could not receive data: 9
[ 24121][E][WiFiUdp.cpp:221] parsePacket(): could not receive data: 9
[ 24129][E][WiFiUdp.cpp:221] parsePacket(): could not receive data: 9
[ 24137][E][WiFiUdp.cpp:221] parsePacket(): could not receive data: 9
[ 24145][E][WiFiUdp.cpp:221] parsePacket(): could not receive data: 9
[ 24153][E][WiFiUdp.cpp:221] parsePacket(): could not receive data: 9
[ 24161][E][WiFiUdp.cpp:221] parsePacket(): could not receive data: 9
[ 24169][E][WiFiUdp.cpp:221] parsePacket(): could not receive data: 9
[ 24177][E][WiFiUdp.cpp:221] parsePacket(): could not receive data: 9
[ 24185][E][WiFiUdp.cpp:221] parsePacket(): could not receive data: 9
[ 24193][E][WiFiUdp.cpp:221] parsePacket(): could not receive data: 9
[ 24201][E][WiFiUdp.cpp:221] parsePacket(): could not receive data: 9
[ 24209][E][WiFiUdp.cpp:221] parsePacket(): could not receive data: 9
[ 24217][E][WiFiUdp.cpp:221] parsePacket(): could not receive data: 9
[ 24225][E][WiFiUdp.cpp:221] parsePacket(): could not receive data: 9
[ 24233][E][WiFiUdp.cpp:221] parsePacket(): could not receive data: 9
[ 24241][E][WiFiUdp.cpp:221] parsePacket(): could not receive data: 9
[ 24249][E][WiFiUdp.cpp:221] parsePacket(): could not receive data: 9
[ 24257][E][WiFiUdp.cpp:221] parsePacket(): could not receive data: 9
[ 24265][E][WiFiUdp.cpp:221] parsePacket(): could not receive data: 9
[ 24273][E][WiFiUdp.cpp:221] parsePacket(): could not receive data: 9
[ 24281][E][WiFiUdp.cpp:221] parsePacket(): could not receive data: 9
[ 24289][E][WiFiUdp.cpp:221] parsePacket(): could not receive data: 9
[ 24297][E][WiFiUdp.cpp:221] parsePacket(): could not receive data: 9
[ 24305][E][WiFiUdp.cpp:221] parsePacket(): could not receive data: 9
[ 24313][E][WiFiUdp.cpp:221] parsePacket(): could not receive data: 9
[ 24321][E][WiFiUdp.cpp:221] parsePacket(): could not receive data: 9
[ 24329][E][WiFiUdp.cpp:221] parsePacket(): could not receive data: 9
[ 24337][E][WiFiUdp.cpp:221] parsePacket(): could not receive data: 9
[ 24345][E][WiFiUdp.cpp:221] parsePacket(): could not receive data: 9
[ 24353][E][WiFiUdp.cpp:221] parsePacket(): could not receive data: 9
[ 24361][E][WiFiUdp.cpp:221] parsePacket(): could not receive data: 9
[ 24369][E][WiFiUdp.cpp:221] parsePacket(): could not receive data: 9
[ 24377][E][WiFiUdp.cpp:221] parsePacket(): could not receive data: 9
[ 24385][E][WiFiUdp.cpp:221] parsePacket(): could not receive data: 9
[ 24393][E][WiFiUdp.cpp:221] parsePacket(): could not receive data: 9
[ 24401][E][WiFiUdp.cpp:221] parsePacket(): could not receive data: 9
[ 24409][E][WiFiUdp.cpp:221] parsePacket(): could not receive data: 9
[ 24417][E][WiFiUdp.cpp:221] parsePacket(): could not receive data: 9
[ 24425][E][WiFiUdp.cpp:221] parsePacket(): could not receive data: 9
[ 24433][E][WiFiUdp.cpp:221] parsePacket(): could not receive data: 9
[ 24441][E][WiFiUdp.cpp:221] parsePacket(): could not receive data: 9
[ 24449][E][WiFiUdp.cpp:221] parsePacket(): could not receive data: 9
[ 24457][E][WiFiUdp.cpp:221] parsePacket(): could not receive data: 9
[ 24465][E][WiFiUdp.cpp:221] parsePacket(): could not receive data: 9
[ 24473][E][WiFiUdp.cpp:221] parsePacket(): could not receive data: 9
[ 24481][E][WiFiUdp.cpp:221] parsePacket(): could not receive data: 9
[ 24489][E][WiFiUdp.cpp:221] parsePacket(): could not receive data: 9
[ 24497][E][WiFiUdp.cpp:221] parsePacket(): could not receive data: 9
[ 24505][E][WiFiUdp.cpp:221] parsePacket(): could not receive data: 9
[ 24513][E][WiFiUdp.cpp:221] parsePacket(): could not receive data: 9
[ 24521][E][WiFiUdp.cpp:221] parsePacket(): could not receive data: 9
[ 24529][E][WiFiUdp.cpp:221] parsePacket(): could not receive data: 9
[ 24537][E][WiFiUdp.cpp:221] parsePacket(): could not receive data: 9
[ 24545][E][WiFiUdp.cpp:221] parsePacket(): could not receive data: 9
[ 24553][E][WiFiUdp.cpp:221] parsePacket(): could not receive data: 9
[ 24561][E][WiFiUdp.cpp:221] parsePacket(): could not receive data: 9
[ 24569][E][WiFiUdp.cpp:221] parsePacket(): could not receive data: 9
[ 24577][E][WiFiUdp.cpp:221] parsePacket(): could not receive data: 9
[ 24585][E][WiFiUdp.cpp:221] parsePacket(): could not receive data: 9
[ 24593][E][WiFiUdp.cpp:221] parsePacket(): could not receive data: 9
[ 24601][E][WiFiUdp.cpp:221] parsePacket(): could not receive data: 9
[ 24609][E][WiFiUdp.cpp:221] parsePacket(): could not receive data: 9
[ 24617][E][WiFiUdp.cpp:221] parsePacket(): could not receive data: 9
[ 24625][E][WiFiUdp.cpp:221] parsePacket(): could not receive data: 9
[ 24633][E][WiFiUdp.cpp:221] parsePacket(): could not receive data: 9
[ 24641][E][WiFiUdp.cpp:221] parsePacket(): could not receive data: 9
[ 24649][E][WiFiUdp.cpp:221] parsePacket(): could not receive data: 9
[ 24657][E][WiFiUdp.cpp:221] parsePacket(): could not receive data: 9
[ 24665][E][WiFiUdp.cpp:221] parsePacket(): could not receive data: 9
[ 24673][E][WiFiUdp.cpp:221] parsePacket(): could not receive data: 9
[ 24681][E][WiFiUdp.cpp:221] parsePacket(): could not receive data: 9
[ 24689][E][WiFiUdp.cpp:221] parsePacket(): could not receive data: 9
[ 24697][E][WiFiUdp.cpp:221] parsePacket(): could not receive data: 9
[ 24705][E][WiFiUdp.cpp:221] parsePacket(): could not receive data: 9
[ 24713][E][WiFiUdp.cpp:221] parsePacket(): could not receive data: 9
[ 24721][E][WiFiUdp.cpp:221] parsePacket(): could not receive data: 9
[ 24729][E][WiFiUdp.cpp:221] parsePacket(): could not receive data: 9
[ 24737][E][WiFiUdp.cpp:221] parsePacket(): could not receive data: 9
[ 24745][E][WiFiUdp.cpp:221] parsePacket(): could not receive data: 9
[ 24753][E][WiFiUdp.cpp:221] parsePacket(): could not receive data: 9
[ 24761][E][WiFiUdp.cpp:221] parsePacket(): could not receive data: 9
[ 24769][E][WiFiUdp.cpp:221] parsePacket(): could not receive data: 9
[ 24777][E][WiFiUdp.cpp:221] parsePacket(): could not receive data: 9
[ 24785][E][WiFiUdp.cpp:221] parsePacket(): could not receive data: 9
[ 24793][E][WiFiUdp.cpp:221] parsePacket(): could not receive data: 9
[ 24801][E][WiFiUdp.cpp:221] parsePacket(): could not receive data: 9
[ 24809][E][WiFiUdp.cpp:221] parsePacket(): could not receive data: 9
[ 24817][E][WiFiUdp.cpp:221] parsePacket(): could not receive data: 9
[ 24825][E][WiFiUdp.cpp:221] parsePacket(): could not receive data: 9
[ 24833][E][WiFiUdp.cpp:221] parsePacket(): could not receive data: 9
[ 24841][E][WiFiUdp.cpp:221] parsePacket(): could not receive data: 9
[ 24849][E][WiFiUdp.cpp:221] parsePacket(): could not receive data: 9
[ 24857][E][WiFiUdp.cpp:221] parsePacket(): could not receive data: 9
[ 24865][E][WiFiUdp.cpp:221] parsePacket(): could not receive data: 9
[ 24873][E][WiFiUdp.cpp:221] parsePacket(): could not receive data: 9
[ 24881][E][WiFiUdp.cpp:221] parsePacket(): could not receive data: 9
[ 24889][E][WiFiUdp.cpp:221] parsePacket(): could not receive data: 9
[ 24897][E][WiFiUdp.cpp:221] parsePacket(): could not receive data: 9
[ 24905][E][WiFiUdp.cpp:221] parsePacket(): could not receive data: 9
[ 24913][E][WiFiUdp.cpp:221] parsePacket(): could not receive data: 9
[ 24921][E][WiFiUdp.cpp:221] parsePacket(): could not receive data: 9
[ 24929][E][WiFiUdp.cpp:221] parsePacket(): could not receive data: 9
[ 24937][E][WiFiUdp.cpp:221] parsePacket(): could not receive data: 9
[ 24945][E][WiFiUdp.cpp:221] parsePacket(): could not receive data: 9
[ 24953][E][WiFiUdp.cpp:221] parsePacket(): could not receive data: 9
[ 24961][E][WiFiUdp.cpp:221] parsePacket(): could not receive data: 9
[ 24969][E][WiFiUdp.cpp:221] parsePacket(): could not receive data: 9
[ 24977][E][WiFiUdp.cpp:221] parsePacket(): could not receive data: 9
[ 24985][E][WiFiUdp.cpp:221] parsePacket(): could not receive data: 9
[ 24993][E][WiFiUdp.cpp:221] parsePacket(): could not receive data: 9
[ 25001][E][WiFiUdp.cpp:221] parsePacket(): could not receive data: 9
[ 25009][E][WiFiUdp.cpp:221] parsePacket(): could not receive data: 9
[ 25017][E][WiFiUdp.cpp:221] parsePacket(): could not receive data: 9
[ 25025][E][WiFiUdp.cpp:221] parsePacket(): could not receive data: 9
[ 25033][E][WiFiUdp.cpp:221] parsePacket(): could not receive data: 9
[ 25041][E][WiFiUdp.cpp:221] parsePacket(): could not receive data: 9
[ 25049][E][WiFiUdp.cpp:221] parsePacket(): could not receive data: 9
[ 25057][E][WiFiUdp.cpp:221] parsePacket(): could not receive data: 9
[ 25065][E][WiFiUdp.cpp:221] parsePacket(): could not receive data: 9
[ 25073][E][WiFiUdp.cpp:221] parsePacket(): could not receive data: 9
[ 25081][E][WiFiUdp.cpp:221] parsePacket(): could not receive data: 9
[ 25089][E][WiFiUdp.cpp:221] parsePacket(): could not receive data: 9
[ 25097][E][WiFiUdp.cpp:221] parsePacket(): could not receive data: 9
[ 25105][E][WiFiUdp.cpp:221] parsePacket(): could not receive data: 9
[ 25113][E][WiFiUdp.cpp:221] parsePacket(): could not receive data: 9
[ 25121][E][WiFiUdp.cpp:221] parsePacket(): could not receive data: 9
[ 25129][E][WiFiUdp.cpp:221] parsePacket(): could not receive data: 9
[ 25137][E][WiFiUdp.cpp:221] parsePacket(): could not receive data: 9
[ 25145][E][WiFiUdp.cpp:221] parsePacket(): could not receive data: 9
[ 25153][E][WiFiUdp.cpp:221] parsePacket(): could not receive data: 9
[ 25161][E][WiFiUdp.cpp:221] parsePacket(): could not receive data: 9
[ 25169][E][WiFiUdp.cpp:221] parsePacket(): could not receive data: 9
[ 25177][E][WiFiUdp.cpp:221] parsePacket(): could not receive data: 9
[ 25185][E][WiFiUdp.cpp:221] parsePacket(): could not receive data: 9
[ 25193][E][WiFiUdp.cpp:221] parsePacket(): could not receive data: 9
[ 25201][E][WiFiUdp.cpp:221] parsePacket(): could not receive data: 9
[ 25209][E][WiFiUdp.cpp:221] parsePacket(): could not receive data: 9
[ 25217][E][WiFiUdp.cpp:221] parsePacket(): could not receive data: 9
[ 25225][E][WiFiUdp.cpp:221] parsePacket(): could not receive data: 9
[ 25233][E][WiFiUdp.cpp:221] parsePacket(): could not receive data: 9
[ 25241][E][WiFiUdp.cpp:221] parsePacket(): could not receive data: 9
[ 25249][E][WiFiUdp.cpp:221] parsePacket(): could not receive data: 9
[ 25257][E][WiFiUdp.cpp:221] parsePacket(): could not receive data: 9
[ 25265][E][WiFiUdp.cpp:221] parsePacket(): could not receive data: 9
[ 25273][E][WiFiUdp.cpp:221] parsePacket(): could not receive data: 9
[ 25281][E][WiFiUdp.cpp:221] parsePacket(): could not receive data: 9
[ 25289][E][WiFiUdp.cpp:221] parsePacket(): could not receive data: 9
[ 25297][E][WiFiUdp.cpp:221] parsePacket(): could not receive data: 9
[ 25305][E][WiFiUdp.cpp:221] parsePacket(): could not receive data: 9
[ 25313][E][WiFiUdp.cpp:221] parsePacket(): could not receive data: 9
[ 25321][E][WiFiUdp.cpp:221] parsePacket(): could not receive data: 9
[ 25329][E][WiFiUdp.cpp:221] parsePacket(): could not receive data: 9
[ 25337][E][WiFiUdp.cpp:221] parsePacket(): could not receive data: 9
[ 25345][E][WiFiUdp.cpp:221] parsePacket(): could not receive data: 9
[ 25353][E][WiFiUdp.cpp:221] parsePacket(): could not receive data: 9
[ 25361][E][WiFiUdp.cpp:221] parsePacket(): could not receive data: 9
[ 25369][E][WiFiUdp.cpp:221] parsePacket(): could not receive data: 9
[ 25377][E][WiFiUdp.cpp:221] parsePacket(): could not receive data: 9
[ 25385][E][WiFiUdp.cpp:221] parsePacket(): could not receive data: 9
[ 25393][E][WiFiUdp.cpp:221] parsePacket(): could not receive data: 9
[ 25401][E][WiFiUdp.cpp:221] parsePacket(): could not receive data: 9
[ 25409][E][WiFiUdp.cpp:221] parsePacket(): could not receive data: 9
[ 25417][E][WiFiUdp.cpp:221] parsePacket(): could not receive data: 9
[ 25425][E][WiFiUdp.cpp:221] parsePacket(): could not receive data: 9
[ 25433][E][WiFiUdp.cpp:221] parsePacket(): could not receive data: 9
[ 25441][E][WiFiUdp.cpp:221] parsePacket(): could not receive data: 9
[ 25449][E][WiFiUdp.cpp:221] parsePacket(): could not receive data: 9
[ 25457][E][WiFiUdp.cpp:221] parsePacket(): could not receive data: 9
[ 25465][E][WiFiUdp.cpp:221] parsePacket(): could not receive data: 9
[ 25473][E][WiFiUdp.cpp:221] parsePacket(): could not receive data: 9
[ 25481][E][WiFiUdp.cpp:221] parsePacket(): could not receive data: 9
[ 25489][E][WiFiUdp.cpp:221] parsePacket(): could not receive data: 9
[ 25497][E][WiFiUdp.cpp:221] parsePacket(): could not receive data: 9
[ 25505][E][WiFiUdp.cpp:221] parsePacket(): could not receive data: 9
[ 25513][E][WiFiUdp.cpp:221] parsePacket(): could not receive data: 9
[ 25521][E][WiFiUdp.cpp:221] parsePacket(): could not receive data: 9
[ 25529][E][WiFiUdp.cpp:221] parsePacket(): could not receive data: 9
[ 25537][E][WiFiUdp.cpp:221] parsePacket(): could not receive data: 9
[ 25545][E][WiFiUdp.cpp:221] parsePacket(): could not receive data: 9
[ 25553][E][WiFiUdp.cpp:221] parsePacket(): could not receive data: 9
[ 25561][E][WiFiUdp.cpp:221] parsePacket(): could not receive data: 9
[ 25569][E][WiFiUdp.cpp:221] parsePacket(): could not receive data: 9
[ 25577][E][WiFiUdp.cpp:221] parsePacket(): could not receive data: 9
[ 25585][E][WiFiUdp.cpp:221] parsePacket(): could not receive data: 9
[ 25593][E][WiFiUdp.cpp:221] parsePacket(): could not receive data: 9
[ 25601][E][WiFiUdp.cpp:221] parsePacket(): could not receive data: 9
[ 25609][E][WiFiUdp.cpp:221] parsePacket(): could not receive data: 9
[ 25617][E][WiFiUdp.cpp:221] parsePacket(): could not receive data: 9
[ 25625][E][WiFiUdp.cpp:221] parsePacket(): could not receive data: 9
[ 25633][E][WiFiUdp.cpp:221] parsePacket(): could not receive data: 9
[ 25641][E][WiFiUdp.cpp:221] parsePacket(): could not receive data: 9
[ 25649][E][WiFiUdp.cpp:221] parsePacket(): could not receive data: 9
[ 25657][E][WiFiUdp.cpp:221] parsePacket(): could not receive data: 9
[ 25665][E][WiFiUdp.cpp:221] parsePacket(): could not receive data: 9
[ 25673][E][WiFiUdp.cpp:221] parsePacket(): could not receive data: 9
[ 25681][E][WiFiUdp.cpp:221] parsePacket(): could not receive data: 9
[ 25689][E][WiFiUdp.cpp:221] parsePacket(): could not receive data: 9
[ 25697][E][WiFiUdp.cpp:221] parsePacket(): could not receive data: 9
[ 25705][E][WiFiUdp.cpp:221] parsePacket(): could not receive data: 9
[ 25713][E][WiFiUdp.cpp:221] parsePacket(): could not receive data: 9
[ 25721][E][WiFiUdp.cpp:221] parsePacket(): could not receive data: 9
[ 25729][E][WiFiUdp.cpp:221] parsePacket(): could not receive data: 9
[ 25737][E][WiFiUdp.cpp:221] parsePacket(): could not receive data: 9
[ 25745][E][WiFiUdp.cpp:221] parsePacket(): could not receive data: 9
[ 25753][E][WiFiUdp.cpp:221] parsePacket(): could not receive data: 9
[ 25761][E][WiFiUdp.cpp:221] parsePacket(): could not receive data: 9
[ 25769][E][WiFiUdp.cpp:221] parsePacket(): could not receive data: 9
[ 25777][E][WiFiUdp.cpp:221] parsePacket(): could not receive data: 9
[ 25785][E][WiFiUdp.cpp:221] parsePacket(): could not receive data: 9
[ 25793][E][WiFiUdp.cpp:221] parsePacket(): could not receive data: 9
[ 25801][E][WiFiUdp.cpp:221] parsePacket(): could not receive data: 9
[ 25809][E][WiFiUdp.cpp:221] parsePacket(): could not receive data: 9
[ 25817][E][WiFiUdp.cpp:221] parsePacket(): could not receive data: 9
[ 25825][E][WiFiUdp.cpp:221] parsePacket(): could not receive data: 9
[ 25833][E][WiFiUdp.cpp:221] parsePacket(): could not receive data: 9
[ 25841][E][WiFiUdp.cpp:221] parsePacket(): could not receive data: 9
[ 25849][E][WiFiUdp.cpp:221] parsePacket(): could not receive data: 9
[ 25857][E][WiFiUdp.cpp:221] parsePacket(): could not receive data: 9
[ 25865][E][WiFiUdp.cpp:221] parsePacket(): could not receive data: 9
[ 25873][E][WiFiUdp.cpp:221] parsePacket(): could not receive data: 9
[ 25881][E][WiFiUdp.cpp:221] parsePacket(): could not receive data: 9
[ 25889][E][WiFiUdp.cpp:221] parsePacket(): could not receive data: 9
[ 25897][E][WiFiUdp.cpp:221] parsePacket(): could not receive data: 9
[ 25905][E][WiFiUdp.cpp:221] parsePacket(): could not receive data: 9
[ 25913][E][WiFiUdp.cpp:221] parsePacket(): could not receive data: 9
[ 25921][E][WiFiUdp.cpp:221] parsePacket(): could not receive data: 9
[ 25929][E][WiFiUdp.cpp:221] parsePacket(): could not receive data: 9
[ 25937][E][WiFiUdp.cpp:221] parsePacket(): could not receive data: 9
[ 25945][E][WiFiUdp.cpp:221] parsePacket(): could not receive data: 9
[ 25953][E][WiFiUdp.cpp:221] parsePacket(): could not receive data: 9
[ 25961][E][WiFiUdp.cpp:221] parsePacket(): could not receive data: 9
[ 25969][E][WiFiUdp.cpp:221] parsePacket(): could not receive data: 9
[ 25977][E][WiFiUdp.cpp:221] parsePacket(): could not receive data: 9
[ 25985][E][WiFiUdp.cpp:221] parsePacket(): could not receive data: 9
[ 25993][E][WiFiUdp.cpp:221] parsePacket(): could not receive data: 9
[ 26001][E][WiFiUdp.cpp:221] parsePacket(): could not receive data: 9
[ 26009][E][WiFiUdp.cpp:221] parsePacket(): could not receive data: 9
[ 26017][E][WiFiUdp.cpp:221] parsePacket(): could not receive data: 9
[ 26025][E][WiFiUdp.cpp:221] parsePacket(): could not receive data: 9
[ 26033][E][WiFiUdp.cpp:221] parsePacket(): could not receive data: 9
[ 26041][E][WiFiUdp.cpp:221] parsePacket(): could not receive data: 9
[ 26049][E][WiFiUdp.cpp:221] parsePacket(): could not receive data: 9
[ 26057][E][WiFiUdp.cpp:221] parsePacket(): could not receive data: 9
[ 26065][E][WiFiUdp.cpp:221] parsePacket(): could not receive data: 9
[ 26073][E][WiFiUdp.cpp:221] parsePacket(): could not receive data: 9
[ 26081][E][WiFiUdp.cpp:221] parsePacket(): could not receive data: 9
[ 26089][E][WiFiUdp.cpp:221] parsePacket(): could not receive data: 9
[ 26097][E][WiFiUdp.cpp:221] parsePacket(): could not receive data: 9
[ 26105][E][WiFiUdp.cpp:221] parsePacket(): could not receive data: 9
[ 26113][E][WiFiUdp.cpp:221] parsePacket(): could not receive data: 9
[ 26121][E][WiFiUdp.cpp:221] parsePacket(): could not receive data: 9
[ 26129][E][WiFiUdp.cpp:221] parsePacket(): could not receive data: 9
[ 26137][E][WiFiUdp.cpp:221] parsePacket(): could not receive data: 9
[ 26145][E][WiFiUdp.cpp:221] parsePacket(): could not receive data: 9
[ 26153][E][WiFiUdp.cpp:221] parsePacket(): could not receive data: 9
[ 26161][E][WiFiUdp.cpp:221] parsePacket(): could not receive data: 9
[ 26169][E][WiFiUdp.cpp:221] parsePacket(): could not receive data: 9
[ 26177][E][WiFiUdp.cpp:221] parsePacket(): could not receive data: 9
[ 26185][E][WiFiUdp.cpp:221] parsePacket(): could not receive data: 9
[ 26193][E][WiFiUdp.cpp:221] parsePacket(): could not receive data: 9
[ 26201][E][WiFiUdp.cpp:221] parsePacket(): could not receive data: 9
[ 26209][E][WiFiUdp.cpp:221] parsePacket(): could not receive data: 9
[ 26217][E][WiFiUdp.cpp:221] parsePacket(): could not receive data: 9
[ 26225][E][WiFiUdp.cpp:221] parsePacket(): could not receive data: 9
[ 26233][E][WiFiUdp.cpp:221] parsePacket(): could not receive data: 9
[ 26241][E][WiFiUdp.cpp:221] parsePacket(): could not receive data: 9
[ 26249][E][WiFiUdp.cpp:221] parsePacket(): could not receive data: 9
[ 26257][E][WiFiUdp.cpp:221] parsePacket(): could not receive data: 9
[ 26265][E][WiFiUdp.cpp:221] parsePacket(): could not receive data: 9
[ 26273][E][WiFiUdp.cpp:221] parsePacket(): could not receive data: 9
[ 26281][E][WiFiUdp.cpp:221] parsePacket(): could not receive data: 9
[ 26289][E][WiFiUdp.cpp:221] parsePacket(): could not receive data: 9
[ 26297][E][WiFiUdp.cpp:221] parsePacket(): could not receive data: 9
[ 26305][E][WiFiUdp.cpp:221] parsePacket(): could not receive data: 9
[ 26313][E][WiFiUdp.cpp:221] parsePacket(): could not receive data: 9
[ 26321][E][WiFiUdp.cpp:221] parsePacket(): could not receive data: 9
[ 26329][E][WiFiUdp.cpp:221] parsePacket(): could not receive data: 9
[ 26337][E][WiFiUdp.cpp:221] parsePacket(): could not receive data: 9
[ 26345][E][WiFiUdp.cpp:221] parsePacket(): could not receive data: 9
[ 26353][E][WiFiUdp.cpp:221] parsePacket(): could not receive data: 9
[ 26361][E][WiFiUdp.cpp:221] parsePacket(): could not receive data: 9
[ 26369][E][WiFiUdp.cpp:221] parsePacket(): could not receive data: 9
[ 26377][E][WiFiUdp.cpp:221] parsePacket(): could not receive data: 9
[ 26385][E][WiFiUdp.cpp:221] parsePacket(): could not receive data: 9
[ 26393][E][WiFiUdp.cpp:221] parsePacket(): could not receive data: 9
[ 26401][E][WiFiUdp.cpp:221] parsePacket(): could not receive data: 9
[ 26409][E][WiFiUdp.cpp:221] parsePacket(): could not receive data: 9
[ 26417][E][WiFiUdp.cpp:221] parsePacket(): could not receive data: 9
[ 26425][E][WiFiUdp.cpp:221] parsePacket(): could not receive data: 9
[ 26433][E][WiFiUdp.cpp:221] parsePacket(): could not receive data: 9
[ 26441][E][WiFiUdp.cpp:221] parsePacket(): could not receive data: 9
[ 26449][E][WiFiUdp.cpp:221] parsePacket(): could not receive data: 9
[ 26457][E][WiFiUdp.cpp:221] parsePacket(): could not receive data: 9
[ 26465][E][WiFiUdp.cpp:221] parsePacket(): could not receive data: 9
[ 26473][E][WiFiUdp.cpp:221] parsePacket(): could not receive data: 9
[ 26481][E][WiFiUdp.cpp:221] parsePacket(): could not receive data: 9
[ 26489][E][WiFiUdp.cpp:221] parsePacket(): could not receive data: 9
[ 26497][E][WiFiUdp.cpp:221] parsePacket(): could not receive data: 9
[ 26505][E][WiFiUdp.cpp:221] parsePacket(): could not receive data: 9
[ 26513][E][WiFiUdp.cpp:221] parsePacket(): could not receive data: 9
[ 26521][E][WiFiUdp.cpp:221] parsePacket(): could not receive data: 9
[ 26529][E][WiFiUdp.cpp:221] parsePacket(): could not receive data: 9
[ 26537][E][WiFiUdp.cpp:221] parsePacket(): could not receive data: 9
[ 26545][E][WiFiUdp.cpp:221] parsePacket(): could not receive data: 9
[ 26553][E][WiFiUdp.cpp:221] parsePacket(): could not receive data: 9
[ 26561][E][WiFiUdp.cpp:221] parsePacket(): could not receive data: 9
[ 26569][E][WiFiUdp.cpp:221] parsePacket(): could not receive data: 9
[ 26577][E][WiFiUdp.cpp:221] parsePacket(): could not receive data: 9
[ 26585][E][WiFiUdp.cpp:221] parsePacket(): could not receive data: 9
[ 26593][E][WiFiUdp.cpp:221] parsePacket(): could not receive data: 9
[ 26601][E][WiFiUdp.cpp:221] parsePacket(): could not receive data: 9
[ 26609][E][WiFiUdp.cpp:221] parsePacket(): could not receive data: 9
[ 26617][E][WiFiUdp.cpp:221] parsePacket(): could not receive data: 9
[ 26625][E][WiFiUdp.cpp:221] parsePacket(): could not receive data: 9
[ 26633][E][WiFiUdp.cpp:221] parsePacket(): could not receive data: 9
[ 26641][E][WiFiUdp.cpp:221] parsePacket(): could not receive data: 9
[ 26649][E][WiFiUdp.cpp:221] parsePacket(): could not receive data: 9
[ 26657][E][WiFiUdp.cpp:221] parsePacket(): could not receive data: 9
[ 26665][E][WiFiUdp.cpp:221] parsePacket(): could not receive data: 9
[ 26673][E][WiFiUdp.cpp:221] parsePacket(): could not receive data: 9
[ 26681][E][WiFiUdp.cpp:221] parsePacket(): could not receive data: 9
[ 26689][E][WiFiUdp.cpp:221] parsePacket(): could not receive data: 9
[ 26697][E][WiFiUdp.cpp:221] parsePacket(): could not receive data: 9
No Sensor found on bus! Rescanning...
No Sensor found on bus! Rescanning...
[ 27010][E][WiFiUdp.cpp:221] parsePacket(): could not receive data: 9
[ 27018][E][WiFiUdp.cpp:221] parsePacket(): could not receive data: 9
[ 27026][E][WiFiUdp.cpp:221] parsePacket(): could not receive data: 9
[ 27034][E][WiFiUdp.cpp:221] parsePacket(): could not receive data: 9
[ 27042][E][WiFiUdp.cpp:221] parsePacket(): could not receive data: 9
[ 27050][E][WiFiUdp.cpp:221] parsePacket(): could not receive data: 9
[ 27058][E][WiFiUdp.cpp:221] parsePacket(): could not receive data: 9
[ 27066][E][WiFiUdp.cpp:221] parsePacket(): could not receive data: 9
[ 27074][E][WiFiUdp.cpp:221] parsePacket(): could not receive data: 9
[ 27082][E][WiFiUdp.cpp:221] parsePacket(): could not receive data: 9
[ 27090][E][WiFiUdp.cpp:221] parsePacket(): could not receive data: 9
[ 27098][E][WiFiUdp.cpp:221] parsePacket(): could not receive data: 9
[ 27106][E][WiFiUdp.cpp:221] parsePacket(): could not receive data: 9
[ 27114][E][WiFiUdp.cpp:221] parsePacket(): could not receive data: 9
[ 27122][E][WiFiUdp.cpp:221] parsePacket(): could not receive data: 9
[ 27130][E][WiFiUdp.cpp:221] parsePacket(): could not receive data: 9
[ 27138][E][WiFiUdp.cpp:221] parsePacket(): could not receive data: 9
[ 27146][E][WiFiUdp.cpp:221] parsePacket(): could not receive data: 9
[ 27154][E][WiFiUdp.cpp:221] parsePacket(): could not receive data: 9
[ 27162][E][WiFiUdp.cpp:221] parsePacket(): could not receive data: 9
[ 27170][E][WiFiUdp.cpp:221] parsePacket(): could not receive data: 9
[ 27178][E][WiFiUdp.cpp:221] parsePacket(): could not receive data: 9
[ 27186][E][WiFiUdp.cpp:221] parsePacket(): could not receive data: 9
[ 27194][E][WiFiUdp.cpp:221] parsePacket(): could not receive data: 9
[ 27202][E][WiFiUdp.cpp:221] parsePacket(): could not receive data: 9
[ 27210][E][WiFiUdp.cpp:221] parsePacket(): could not receive data: 9
[ 27218][E][WiFiUdp.cpp:221] parsePacket(): could not receive data: 9
[ 27226][E][WiFiUdp.cpp:221] parsePacket(): could not receive data: 9
[ 27234][E][WiFiUdp.cpp:221] parsePacket(): could not receive data: 9
[ 27242][E][WiFiUdp.cpp:221] parsePacket(): could not receive data: 9
[ 27250][E][WiFiUdp.cpp:221] parsePacket(): could not receive data: 9
[ 27258][E][WiFiUdp.cpp:221] parsePacket(): could not receive data: 9
[ 27266][E][WiFiUdp.cpp:221] parsePacket(): could not receive data: 9
[ 27274][E][WiFiUdp.cpp:221] parsePacket(): could not receive data: 9
[ 27282][E][WiFiUdp.cpp:221] parsePacket(): could not receive data: 9
[ 27290][E][WiFiUdp.cpp:221] parsePacket(): could not receive data: 9
[ 27298][E][WiFiUdp.cpp:221] parsePacket(): could not receive data: 9
[ 27306][E][WiFiUdp.cpp:221] parsePacket(): could not receive data: 9
[ 27314][E][WiFiUdp.cpp:221] parsePacket(): could not receive data: 9
[ 27322][E][WiFiUdp.cpp:221] parsePacket(): could not receive data: 9
[ 27330][E][WiFiUdp.cpp:221] parsePacket(): could not receive data: 9
[ 27338][E][WiFiUdp.cpp:221] parsePacket(): could not receive data: 9
[ 27346][E][WiFiUdp.cpp:221] parsePacket(): could not receive data: 9
[ 27354][E][WiFiUdp.cpp:221] parsePacket(): could not receive data: 9
[ 27362][E][WiFiUdp.cpp:221] parsePacket(): could not receive data: 9
[ 27370][E][WiFiUdp.cpp:221] parsePacket(): could not receive data: 9
[ 27378][E][WiFiUdp.cpp:221] parsePacket(): could not receive data: 9
[ 27386][E][WiFiUdp.cpp:221] parsePacket(): could not receive data: 9
[ 27394][E][WiFiUdp.cpp:221] parsePacket(): could not receive data: 9
[ 27402][E][WiFiUdp.cpp:221] parsePacket(): could not receive data: 9
[ 27410][E][WiFiUdp.cpp:221] parsePacket(): could not receive data: 9
[ 27418][E][WiFiUdp.cpp:221] parsePacket(): could not receive data: 9
[ 27426][E][WiFiUdp.cpp:221] parsePacket(): could not receive data: 9
[ 27434][E][WiFiUdp.cpp:221] parsePacket(): could not receive data: 9
[ 27442][E][WiFiUdp.cpp:221] parsePacket(): could not receive data: 9
[ 27450][E][WiFiUdp.cpp:221] parsePacket(): could not receive data: 9
[ 27458][E][WiFiUdp.cpp:221] parsePacket(): could not receive data: 9
[ 27466][E][WiFiUdp.cpp:221] parsePacket(): could not receive data: 9
[ 27474][E][WiFiUdp.cpp:221] parsePacket(): could not receive data: 9
[ 27482][E][WiFiUdp.cpp:221] parsePacket(): could not receive data: 9
[ 27490][E][WiFiUdp.cpp:221] parsePacket(): could not receive data: 9
[ 27498][E][WiFiUdp.cpp:221] parsePacket(): could not receive data: 9
[ 27506][E][WiFiUdp.cpp:221] parsePacket(): could not receive data: 9
[ 27514][E][WiFiUdp.cpp:221] parsePacket(): could not receive data: 9
[ 27522][E][WiFiUdp.cpp:221] parsePacket(): could not receive data: 9
[ 27530][E][WiFiUdp.cpp:221] parsePacket(): could not receive data: 9
[ 27538][E][WiFiUdp.cpp:221] parsePacket(): could not receive data: 9
[ 27546][E][WiFiUdp.cpp:221] parsePacket(): could not receive data: 9
[ 27554][E][WiFiUdp.cpp:221] parsePacket(): could not receive data: 9
[ 27562][E][WiFiUdp.cpp:221] parsePacket(): could not receive data: 9
[ 27570][E][WiFiUdp.cpp:221] parsePacket(): could not receive data: 9
[ 27578][E][WiFiUdp.cpp:221] parsePacket(): could not receive data: 9
[ 27586][E][WiFiUdp.cpp:221] parsePacket(): could not receive data: 9
[ 27594][E][WiFiUdp.cpp:221] parsePacket(): could not receive data: 9
[ 27602][E][WiFiUdp.cpp:221] parsePacket(): could not receive data: 9
[ 27610][E][WiFiUdp.cpp:221] parsePacket(): could not receive data: 9
[ 27618][E][WiFiUdp.cpp:221] parsePacket(): could not receive data: 9
[ 27626][E][WiFiUdp.cpp:221] parsePacket(): could not receive data: 9
[ 27634][E][WiFiUdp.cpp:221] parsePacket(): could not receive data: 9
[ 27642][E][WiFiUdp.cpp:221] parsePacket(): could not receive data: 9
[ 27650][E][WiFiUdp.cpp:221] parsePacket(): could not receive data: 9
[ 27658][E][WiFiUdp.cpp:221] parsePacket(): could not receive data: 9
[ 27666][E][WiFiUdp.cpp:221] parsePacket(): could not receive data: 9
[ 27674][E][WiFiUdp.cpp:221] parsePacket(): could not receive data: 9
[ 27682][E][WiFiUdp.cpp:221] parsePacket(): could not receive data: 9
[ 27690][E][WiFiUdp.cpp:221] parsePacket(): could not receive data: 9
[ 27698][E][WiFiUdp.cpp:221] parsePacket(): could not receive data: 9
[ 27706][E][WiFiUdp.cpp:221] parsePacket(): could not receive data: 9
[ 27714][E][WiFiUdp.cpp:221] parsePacket(): could not receive data: 9
[ 27722][E][WiFiUdp.cpp:221] parsePacket(): could not receive data: 9
[ 27730][E][WiFiUdp.cpp:221] parsePacket(): could not receive data: 9
[ 27738][E][WiFiUdp.cpp:221] parsePacket(): could not receive data: 9
[ 27746][E][WiFiUdp.cpp:221] parsePacket(): could not receive data: 9
[ 27754][E][WiFiUdp.cpp:221] parsePacket(): could not receive data: 9
[ 27762][E][WiFiUdp.cpp:221] parsePacket(): could not receive data: 9
[ 27770][E][WiFiUdp.cpp:221] parsePacket(): could not receive data: 9
[ 27778][E][WiFiUdp.cpp:221] parsePacket(): could not receive data: 9
[ 27786][E][WiFiUdp.cpp:221] parsePacket(): could not receive data: 9
[ 27794][E][WiFiUdp.cpp:221] parsePacket(): could not receive data: 9
[ 27802][E][WiFiUdp.cpp:221] parsePacket(): could not receive data: 9
[ 27810][E][WiFiUdp.cpp:221] parsePacket(): could not receive data: 9
[ 27818][E][WiFiUdp.cpp:221] parsePacket(): could not receive data: 9
[ 27826][E][WiFiUdp.cpp:221] parsePacket(): could not receive data: 9
[ 27834][E][WiFiUdp.cpp:221] parsePacket(): could not receive data: 9
[ 27842][E][WiFiUdp.cpp:221] parsePacket(): could not receive data: 9
[ 27850][E][WiFiUdp.cpp:221] parsePacket(): could not receive data: 9
[ 27858][E][WiFiUdp.cpp:221] parsePacket(): could not receive data: 9
[ 27866][E][WiFiUdp.cpp:221] parsePacket(): could not receive data: 9
[ 27874][E][WiFiUdp.cpp:221] parsePacket(): could not receive data: 9
[ 27882][E][WiFiUdp.cpp:221] parsePacket(): could not receive data: 9
[ 27890][E][WiFiUdp.cpp:221] parsePacket(): could not receive data: 9
[ 27898][E][WiFiUdp.cpp:221] parsePacket(): could not receive data: 9
[ 27906][E][WiFiUdp.cpp:221] parsePacket(): could not receive data: 9
[ 27914][E][WiFiUdp.cpp:221] parsePacket(): could not receive data: 9
[ 27922][E][WiFiUdp.cpp:221] parsePacket(): could not receive data: 9
[ 27930][E][WiFiUdp.cpp:221] parsePacket(): could not receive data: 9
[ 27938][E][WiFiUdp.cpp:221] parsePacket(): could not receive data: 9
[ 27946][E][WiFiUdp.cpp:221] parsePacket(): could not receive data: 9
[ 27954][E][WiFiUdp.cpp:221] parsePacket(): could not receive data: 9
[ 27962][E][WiFiUdp.cpp:221] parsePacket(): could not receive data: 9
[ 27970][E][WiFiUdp.cpp:221] parsePacket(): could not receive data: 9
[ 27978][E][WiFiUdp.cpp:221] parsePacket(): could not receive data: 9
[ 27986][E][WiFiUdp.cpp:221] parsePacket(): could not receive data: 9
[ 27994][E][WiFiUdp.cpp:221] parsePacket(): could not receive data: 9
[ 28002][E][WiFiUdp.cpp:221] parsePacket(): could not receive data: 9
[ 28010][E][WiFiUdp.cpp:221] parsePacket(): could not receive data: 9
[ 28018][E][WiFiUdp.cpp:221] parsePacket(): could not receive data: 9
[ 28026][E][WiFiUdp.cpp:221] parsePacket(): could not receive data: 9
[ 28034][E][WiFiUdp.cpp:221] parsePacket(): could not receive data: 9
[ 28042][E][WiFiUdp.cpp:221] parsePacket(): could not receive data: 9
[ 28050][E][WiFiUdp.cpp:221] parsePacket(): could not receive data: 9
[ 28058][E][WiFiUdp.cpp:221] parsePacket(): could not receive data: 9
[ 28066][E][WiFiUdp.cpp:221] parsePacket(): could not receive data: 9
[ 28074][E][WiFiUdp.cpp:221] parsePacket(): could not receive data: 9
[ 28082][E][WiFiUdp.cpp:221] parsePacket(): could not receive data: 9
[ 28090][E][WiFiUdp.cpp:221] parsePacket(): could not receive data: 9
[ 28098][E][WiFiUdp.cpp:221] parsePacket(): could not receive data: 9
[ 28106][E][WiFiUdp.cpp:221] parsePacket(): could not receive data: 9
[ 28114][E][WiFiUdp.cpp:221] parsePacket(): could not receive data: 9
[ 28122][E][WiFiUdp.cpp:221] parsePacket(): could not receive data: 9
[ 28130][E][WiFiUdp.cpp:221] parsePacket(): could not receive data: 9
[ 28138][E][WiFiUdp.cpp:221] parsePacket(): could not receive data: 9
[ 28146][E][WiFiUdp.cpp:221] parsePacket(): could not receive data: 9
[ 28154][E][WiFiUdp.cpp:221] parsePacket(): could not receive data: 9
[ 28162][E][WiFiUdp.cpp:221] parsePacket(): could not receive data: 9
[ 28170][E][WiFiUdp.cpp:221] parsePacket(): could not receive data: 9
[ 28178][E][WiFiUdp.cpp:221] parsePacket(): could not receive data: 9
[ 28186][E][WiFiUdp.cpp:221] parsePacket(): could not receive data: 9
[ 28194][E][WiFiUdp.cpp:221] parsePacket(): could not receive data: 9
[ 28202][E][WiFiUdp.cpp:221] parsePacket(): could not receive data: 9
[ 28210][E][WiFiUdp.cpp:221] parsePacket(): could not receive data: 9
[ 28218][E][WiFiUdp.cpp:221] parsePacket(): could not receive data: 9
[ 28226][E][WiFiUdp.cpp:221] parsePacket(): could not receive data: 9
[ 28234][E][WiFiUdp.cpp:221] parsePacket(): could not receive data: 9
[ 28242][E][WiFiUdp.cpp:221] parsePacket(): could not receive data: 9
[ 28250][E][WiFiUdp.cpp:221] parsePacket(): could not receive data: 9
[ 28258][E][WiFiUdp.cpp:221] parsePacket(): could not receive data: 9
[ 28266][E][WiFiUdp.cpp:221] parsePacket(): could not receive data: 9
[ 28274][E][WiFiUdp.cpp:221] parsePacket(): could not receive data: 9
[ 28282][E][WiFiUdp.cpp:221] parsePacket(): could not receive data: 9
[ 28290][E][WiFiUdp.cpp:221] parsePacket(): could not receive data: 9
[ 28298][E][WiFiUdp.cpp:221] parsePacket(): could not receive data: 9
[ 28306][E][WiFiUdp.cpp:221] parsePacket(): could not receive data: 9
[ 28314][E][WiFiUdp.cpp:221] parsePacket(): could not receive data: 9
[ 28322][E][WiFiUdp.cpp:221] parsePacket(): could not receive data: 9
[ 28330][E][WiFiUdp.cpp:221] parsePacket(): could not receive data: 9
[ 28338][E][WiFiUdp.cpp:221] parsePacket(): could not receive data: 9
[ 28346][E][WiFiUdp.cpp:221] parsePacket(): could not receive data: 9
[ 28354][E][WiFiUdp.cpp:221] parsePacket(): could not receive data: 9
[ 28362][E][WiFiUdp.cpp:221] parsePacket(): could not receive data: 9
[ 28370][E][WiFiUdp.cpp:221] parsePacket(): could not receive data: 9
[ 28378][E][WiFiUdp.cpp:221] parsePacket(): could not receive data: 9
[ 28386][E][WiFiUdp.cpp:221] parsePacket(): could not receive data: 9
[ 28394][E][WiFiUdp.cpp:221] parsePacket(): could not receive data: 9
[ 28402][E][WiFiUdp.cpp:221] parsePacket(): could not receive data: 9
[ 28410][E][WiFiUdp.cpp:221] parsePacket(): could not receive data: 9
[ 28418][E][WiFiUdp.cpp:221] parsePacket(): could not receive data: 9
[ 28426][E][WiFiUdp.cpp:221] parsePacket(): could not receive data: 9
[ 28434][E][WiFiUdp.cpp:221] parsePacket(): could not receive data: 9
[ 28442][E][WiFiUdp.cpp:221] parsePacket(): could not receive data: 9
[ 28450][E][WiFiUdp.cpp:221] parsePacket(): could not receive data: 9
[ 28458][E][WiFiUdp.cpp:221] parsePacket(): could not receive data: 9
[ 28466][E][WiFiUdp.cpp:221] parsePacket(): could not receive data: 9
[ 28474][E][WiFiUdp.cpp:221] parsePacket(): could not receive data: 9
[ 28482][E][WiFiUdp.cpp:221] parsePacket(): could not receive data: 9
[ 28490][E][WiFiUdp.cpp:221] parsePacket(): could not receive data: 9
[ 28498][E][WiFiUdp.cpp:221] parsePacket(): could not receive data: 9
[ 28506][E][WiFiUdp.cpp:221] parsePacket(): could not receive data: 9
[ 28514][E][WiFiUdp.cpp:221] parsePacket(): could not receive data: 9
[ 28522][E][WiFiUdp.cpp:221] parsePacket(): could not receive data: 9
[ 28530][E][WiFiUdp.cpp:221] parsePacket(): could not receive data: 9
[ 28538][E][WiFiUdp.cpp:221] parsePacket(): could not receive data: 9
[ 28546][E][WiFiUdp.cpp:221] parsePacket(): could not receive data: 9
[ 28554][E][WiFiUdp.cpp:221] parsePacket(): could not receive data: 9
[ 28562][E][WiFiUdp.cpp:221] parsePacket(): could not receive data: 9
[ 28570][E][WiFiUdp.cpp:221] parsePacket(): could not receive data: 9
[ 28578][E][WiFiUdp.cpp:221] parsePacket(): could not receive data: 9
[ 28586][E][WiFiUdp.cpp:221] parsePacket(): could not receive data: 9
[ 28594][E][WiFiUdp.cpp:221] parsePacket(): could not receive data: 9
[ 28602][E][WiFiUdp.cpp:221] parsePacket(): could not receive data: 9
[ 28610][E][WiFiUdp.cpp:221] parsePacket(): could not receive data: 9
[ 28618][E][WiFiUdp.cpp:221] parsePacket(): could not receive data: 9
[ 28626][E][WiFiUdp.cpp:221] parsePacket(): could not receive data: 9
[ 28634][E][WiFiUdp.cpp:221] parsePacket(): could not receive data: 9
[ 28642][E][WiFiUdp.cpp:221] parsePacket(): could not receive data: 9
[ 28650][E][WiFiUdp.cpp:221] parsePacket(): could not receive data: 9
[ 28658][E][WiFiUdp.cpp:221] parsePacket(): could not receive data: 9
[ 28666][E][WiFiUdp.cpp:221] parsePacket(): could not receive data: 9
[ 28674][E][WiFiUdp.cpp:221] parsePacket(): could not receive data: 9
[ 28682][E][WiFiUdp.cpp:221] parsePacket(): could not receive data: 9
[ 28690][E][WiFiUdp.cpp:221] parsePacket(): could not receive data: 9
[ 28698][E][WiFiUdp.cpp:221] parsePacket(): could not receive data: 9
[ 28706][E][WiFiUdp.cpp:221] parsePacket(): could not receive data: 9
[ 28714][E][WiFiUdp.cpp:221] parsePacket(): could not receive data: 9
[ 28722][E][WiFiUdp.cpp:221] parsePacket(): could not receive data: 9
[ 28730][E][WiFiUdp.cpp:221] parsePacket(): could not receive data: 9
[ 28738][E][WiFiUdp.cpp:221] parsePacket(): could not receive data: 9
[ 28746][E][WiFiUdp.cpp:221] parsePacket(): could not receive data: 9
[ 28754][E][WiFiUdp.cpp:221] parsePacket(): could not receive data: 9
[ 28762][E][WiFiUdp.cpp:221] parsePacket(): could not receive data: 9
[ 28770][E][WiFiUdp.cpp:221] parsePacket(): could not receive data: 9
[ 28778][E][WiFiUdp.cpp:221] parsePacket(): could not receive data: 9
[ 28786][E][WiFiUdp.cpp:221] parsePacket(): could not receive data: 9
[ 28794][E][WiFiUdp.cpp:221] parsePacket(): could not receive data: 9
[ 28802][E][WiFiUdp.cpp:221] parsePacket(): could not receive data: 9
[ 28810][E][WiFiUdp.cpp:221] parsePacket(): could not receive data: 9
[ 28818][E][WiFiUdp.cpp:221] parsePacket(): could not receive data: 9
[ 28826][E][WiFiUdp.cpp:221] parsePacket(): could not receive data: 9
[ 28834][E][WiFiUdp.cpp:221] parsePacket(): could not receive data: 9
[ 28842][E][WiFiUdp.cpp:221] parsePacket(): could not receive data: 9
[ 28850][E][WiFiUdp.cpp:221] parsePacket(): could not receive data: 9
[ 28858][E][WiFiUdp.cpp:221] parsePacket(): could not receive data: 9
[ 28866][E][WiFiUdp.cpp:221] parsePacket(): could not receive data: 9
[ 28874][E][WiFiUdp.cpp:221] parsePacket(): could not receive data: 9
[ 28882][E][WiFiUdp.cpp:221] parsePacket(): could not receive data: 9
[ 28890][E][WiFiUdp.cpp:221] parsePacket(): could not receive data: 9
[ 28898][E][WiFiUdp.cpp:221] parsePacket(): could not receive data: 9
[ 28906][E][WiFiUdp.cpp:221] parsePacket(): could not receive data: 9
[ 28914][E][WiFiUdp.cpp:221] parsePacket(): could not receive data: 9
[ 28922][E][WiFiUdp.cpp:221] parsePacket(): could not receive data: 9
[ 28930][E][WiFiUdp.cpp:221] parsePacket(): could not receive data: 9
[ 28938][E][WiFiUdp.cpp:221] parsePacket(): could not receive data: 9
[ 28946][E][WiFiUdp.cpp:221] parsePacket(): could not receive data: 9
[ 28954][E][WiFiUdp.cpp:221] parsePacket(): could not receive data: 9
[ 28962][E][WiFiUdp.cpp:221] parsePacket(): could not receive data: 9
[ 28970][E][WiFiUdp.cpp:221] parsePacket(): could not receive data: 9
[ 28978][E][WiFiUdp.cpp:221] parsePacket(): could not receive data: 9
[ 28986][E][WiFiUdp.cpp:221] parsePacket(): could not receive data: 9
[ 28994][E][WiFiUdp.cpp:221] parsePacket(): could not receive data: 9
[ 29002][E][WiFiUdp.cpp:221] parsePacket(): could not receive data: 9
[ 29010][E][WiFiUdp.cpp:221] parsePacket(): could not receive data: 9
[ 29018][E][WiFiUdp.cpp:221] parsePacket(): could not receive data: 9
[ 29026][E][WiFiUdp.cpp:221] parsePacket(): could not receive data: 9
[ 29034][E][WiFiUdp.cpp:221] parsePacket(): could not receive data: 9
[ 29042][E][WiFiUdp.cpp:221] parsePacket(): could not receive data: 9
[ 29050][E][WiFiUdp.cpp:221] parsePacket(): could not receive data: 9
[ 29058][E][WiFiUdp.cpp:221] parsePacket(): could not receive data: 9
[ 29066][E][WiFiUdp.cpp:221] parsePacket(): could not receive data: 9
[ 29074][E][WiFiUdp.cpp:221] parsePacket(): could not receive data: 9
[ 29082][E][WiFiUdp.cpp:221] parsePacket(): could not receive data: 9
[ 29090][E][WiFiUdp.cpp:221] parsePacket(): could not receive data: 9
[ 29098][E][WiFiUdp.cpp:221] parsePacket(): could not receive data: 9
[ 29106][E][WiFiUdp.cpp:221] parsePacket(): could not receive data: 9
[ 29114][E][WiFiUdp.cpp:221] parsePacket(): could not receive data: 9
[ 29122][E][WiFiUdp.cpp:221] parsePacket(): could not receive data: 9
[ 29130][E][WiFiUdp.cpp:221] parsePacket(): could not receive data: 9
[ 29138][E][WiFiUdp.cpp:221] parsePacket(): could not receive data: 9
[ 29146][E][WiFiUdp.cpp:221] parsePacket(): could not receive data: 9
[ 29154][E][WiFiUdp.cpp:221] parsePacket(): could not receive data: 9
[ 29162][E][WiFiUdp.cpp:221] parsePacket(): could not receive data: 9
[ 29170][E][WiFiUdp.cpp:221] parsePacket(): could not receive data: 9
[ 29178][E][WiFiUdp.cpp:221] parsePacket(): could not receive data: 9
[ 29186][E][WiFiUdp.cpp:221] parsePacket(): could not receive data: 9
[ 29194][E][WiFiUdp.cpp:221] parsePacket(): could not receive data: 9
[ 29202][E][WiFiUdp.cpp:221] parsePacket(): could not receive data: 9
[ 29210][E][WiFiUdp.cpp:221] parsePacket(): could not receive data: 9
[ 29218][E][WiFiUdp.cpp:221] parsePacket(): could not receive data: 9
[ 29226][E][WiFiUdp.cpp:221] parsePacket(): could not receive data: 9
[ 29234][E][WiFiUdp.cpp:221] parsePacket(): could not receive data: 9
[ 29242][E][WiFiUdp.cpp:221] parsePacket(): could not receive data: 9
[ 29250][E][WiFiUdp.cpp:221] parsePacket(): could not receive data: 9
[ 29258][E][WiFiUdp.cpp:221] parsePacket(): could not receive data: 9
[ 29266][E][WiFiUdp.cpp:221] parsePacket(): could not receive data: 9
[ 29274][E][WiFiUdp.cpp:221] parsePacket(): could not receive data: 9
[ 29282][E][WiFiUdp.cpp:221] parsePacket(): could not receive data: 9
[ 29290][E][WiFiUdp.cpp:221] parsePacket(): could not receive data: 9
[ 29298][E][WiFiUdp.cpp:221] parsePacket(): could not receive data: 9
[ 29306][E][WiFiUdp.cpp:221] parsePacket(): could not receive data: 9
[ 29314][E][WiFiUdp.cpp:221] parsePacket(): could not receive data: 9
[ 29322][E][WiFiUdp.cpp:221] parsePacket(): could not receive data: 9
[ 29330][E][WiFiUdp.cpp:221] parsePacket(): could not receive data: 9
[ 29338][E][WiFiUdp.cpp:221] parsePacket(): could not receive data: 9
[ 29346][E][WiFiUdp.cpp:221] parsePacket(): could not receive data: 9
[ 29354][E][WiFiUdp.cpp:221] parsePacket(): could not receive data: 9
[ 29362][E][WiFiUdp.cpp:221] parsePacket(): could not receive data: 9
[ 29370][E][WiFiUdp.cpp:221] parsePacket(): could not receive data: 9
[ 29378][E][WiFiUdp.cpp:221] parsePacket(): could not receive data: 9
[ 29386][E][WiFiUdp.cpp:221] parsePacket(): could not receive data: 9
[ 29394][E][WiFiUdp.cpp:221] parsePacket(): could not receive data: 9
[ 29402][E][WiFiUdp.cpp:221] parsePacket(): could not receive data: 9
[ 29410][E][WiFiUdp.cpp:221] parsePacket(): could not receive data: 9
[ 29418][E][WiFiUdp.cpp:221] parsePacket(): could not receive data: 9
[ 29426][E][WiFiUdp.cpp:221] parsePacket(): could not receive data: 9
[ 29434][E][WiFiUdp.cpp:221] parsePacket(): could not receive data: 9
[ 29442][E][WiFiUdp.cpp:221] parsePacket(): could not receive data: 9
[ 29450][E][WiFiUdp.cpp:221] parsePacket(): could not receive data: 9
[ 29458][E][WiFiUdp.cpp:221] parsePacket(): could not receive data: 9
[ 29466][E][WiFiUdp.cpp:221] parsePacket(): could not receive data: 9
[ 29474][E][WiFiUdp.cpp:221] parsePacket(): could not receive data: 9
[ 29482][E][WiFiUdp.cpp:221] parsePacket(): could not receive data: 9
[ 29490][E][WiFiUdp.cpp:221] parsePacket(): could not receive data: 9
[ 29498][E][WiFiUdp.cpp:221] parsePacket(): could not receive data: 9
[ 29506][E][WiFiUdp.cpp:221] parsePacket(): could not receive data: 9
[ 29514][E][WiFiUdp.cpp:221] parsePacket(): could not receive data: 9
[ 29522][E][WiFiUdp.cpp:221] parsePacket(): could not receive data: 9
[ 29530][E][WiFiUdp.cpp:221] parsePacket(): could not receive data: 9
[ 29538][E][WiFiUdp.cpp:221] parsePacket(): could not receive data: 9
[ 29546][E][WiFiUdp.cpp:221] parsePacket(): could not receive data: 9
[ 29554][E][WiFiUdp.cpp:221] parsePacket(): could not receive data: 9
[ 29562][E][WiFiUdp.cpp:221] parsePacket(): could not receive data: 9
[ 29570][E][WiFiUdp.cpp:221] parsePacket(): could not receive data: 9
[ 29578][E][WiFiUdp.cpp:221] parsePacket(): could not receive data: 9
[ 29586][E][WiFiUdp.cpp:221] parsePacket(): could not receive data: 9
[ 29594][E][WiFiUdp.cpp:221] parsePacket(): could not receive data: 9
[ 29602][E][WiFiUdp.cpp:221] parsePacket(): could not receive data: 9
[ 29610][E][WiFiUdp.cpp:221] parsePacket(): could not receive data: 9
[ 29618][E][WiFiUdp.cpp:221] parsePacket(): could not receive data: 9
[ 29626][E][WiFiUdp.cpp:221] parsePacket(): could not receive data: 9
[ 29634][E][WiFiUdp.cpp:221] parsePacket(): could not receive data: 9
[ 29642][E][WiFiUdp.cpp:221] parsePacket(): could not receive data: 9
[ 29650][E][WiFiUdp.cpp:221] parsePacket(): could not receive data: 9
[ 29658][E][WiFiUdp.cpp:221] parsePacket(): could not receive data: 9
[ 29666][E][WiFiUdp.cpp:221] parsePacket(): could not receive data: 9
[ 29674][E][WiFiUdp.cpp:221] parsePacket(): could not receive data: 9
[ 29682][E][WiFiUdp.cpp:221] parsePacket(): could not receive data: 9
[ 29690][E][WiFiUdp.cpp:221] parsePacket(): could not receive data: 9
[ 29698][E][WiFiUdp.cpp:221] parsePacket(): could not receive data: 9
[ 29706][E][WiFiUdp.cpp:221] parsePacket(): could not receive data: 9
[ 29714][E][WiFiUdp.cpp:221] parsePacket(): could not receive data: 9
[ 29722][E][WiFiUdp.cpp:221] parsePacket(): could not receive data: 9
[ 29730][E][WiFiUdp.cpp:221] parsePacket(): could not receive data: 9
[ 29738][E][WiFiUdp.cpp:221] parsePacket(): could not receive data: 9
[ 29746][E][WiFiUdp.cpp:221] parsePacket(): could not receive data: 9
[ 29754][E][WiFiUdp.cpp:221] parsePacket(): could not receive data: 9
[ 29762][E][WiFiUdp.cpp:221] parsePacket(): could not receive data: 9
[ 29770][E][WiFiUdp.cpp:221] parsePacket(): could not receive data: 9
[ 29778][E][WiFiUdp.cpp:221] parsePacket(): could not receive data: 9
[ 29786][E][WiFiUdp.cpp:221] parsePacket(): could not receive data: 9
[ 29794][E][WiFiUdp.cpp:221] parsePacket(): could not receive data: 9
[ 29802][E][WiFiUdp.cpp:221] parsePacket(): could not receive data: 9
[ 29810][E][WiFiUdp.cpp:221] parsePacket(): could not receive data: 9
[ 29818][E][WiFiUdp.cpp:221] parsePacket(): could not receive data: 9
[ 29826][E][WiFiUdp.cpp:221] parsePacket(): could not receive data: 9
[ 29834][E][WiFiUdp.cpp:221] parsePacket(): could not receive data: 9
[ 29842][E][WiFiUdp.cpp:221] parsePacket(): could not receive data: 9
[ 29850][E][WiFiUdp.cpp:221] parsePacket(): could not receive data: 9
[ 29858][E][WiFiUdp.cpp:221] parsePacket(): could not receive data: 9
[ 29866][E][WiFiUdp.cpp:221] parsePacket(): could not receive data: 9
[ 29874][E][WiFiUdp.cpp:221] parsePacket(): could not receive data: 9
[ 29882][E][WiFiUdp.cpp:221] parsePacket(): could not receive data: 9
[ 29890][E][WiFiUdp.cpp:221] parsePacket(): could not receive data: 9
[ 29898][E][WiFiUdp.cpp:221] parsePacket(): could not receive data: 9
[ 29906][E][WiFiUdp.cpp:221] parsePacket(): could not receive data: 9
[ 29914][E][WiFiUdp.cpp:221] parsePacket(): could not receive data: 9
[ 29922][E][WiFiUdp.cpp:221] parsePacket(): could not receive data: 9
[ 29930][E][WiFiUdp.cpp:221] parsePacket(): could not receive data: 9
[ 29938][E][WiFiUdp.cpp:221] parsePacket(): could not receive data: 9
[ 29946][E][WiFiUdp.cpp:221] parsePacket(): could not receive data: 9
[ 29954][E][WiFiUdp.cpp:221] parsePacket(): could not receive data: 9
[ 29962][E][WiFiUdp.cpp:221] parsePacket(): could not receive data: 9
[ 29970][E][WiFiUdp.cpp:221] parsePacket(): could not receive data: 9
[ 29978][E][WiFiUdp.cpp:221] parsePacket(): could not receive data: 9
[ 29986][E][WiFiUdp.cpp:221] parsePacket(): could not receive data: 9
[ 29994][E][WiFiUdp.cpp:221] parsePacket(): could not receive data: 9
[ 30002][E][WiFiUdp.cpp:221] parsePacket(): could not receive data: 9
〽 ESP32 internal temp: 36.666668 °C
[ 30010][E][WiFiUdp.cpp:221] parsePacket(): could not receive data: 9
[ 30022][E][WiFiUdp.cpp:221] parsePacket(): could not receive data: 9
[ 30030][E][WiFiUdp.cpp:221] parsePacket(): could not receive data: 9
[ 30038][E][WiFiUdp.cpp:221] parsePacket(): could not receive data: 9
[ 30046][E][WiFiUdp.cpp:221] parsePacket(): could not receive data: 9
[ 30054][E][WiFiUdp.cpp:221] parsePacket(): could not receive data: 9
[ 30062][E][WiFiUdp.cpp:221] parsePacket(): could not receive data: 9
[ 30070][E][WiFiUdp.cpp:221] parsePacket(): could not receive data: 9
[ 30078][E][WiFiUdp.cpp:221] parsePacket(): could not receive data: 9
[ 30086][E][WiFiUdp.cpp:221] parsePacket(): could not receive data: 9
[ 30094][E][WiFiUdp.cpp:221] parsePacket(): could not receive data: 9
[ 30102][E][WiFiUdp.cpp:221] parsePacket(): could not receive data: 9
[ 30110][E][WiFiUdp.cpp:221] parsePacket(): could not receive data: 9
[ 30118][E][WiFiUdp.cpp:221] parsePacket(): could not receive data: 9
[ 30126][E][WiFiUdp.cpp:221] parsePacket(): could not receive data: 9
[ 30134][E][WiFiUdp.cpp:221] parsePacket(): could not receive data: 9
[ 30142][E][WiFiUdp.cpp:221] parsePacket(): could not receive data: 9
[ 30150][E][WiFiUdp.cpp:221] parsePacket(): could not receive data: 9
[ 30158][E][WiFiUdp.cpp:221] parsePacket(): could not receive data: 9
[ 30166][E][WiFiUdp.cpp:221] parsePacket(): could not receive data: 9
[ 30174][E][WiFiUdp.cpp:221] parsePacket(): could not receive data: 9
[ 30182][E][WiFiUdp.cpp:221] parsePacket(): could not receive data: 9
[ 30190][E][WiFiUdp.cpp:221] parsePacket(): could not receive data: 9
[ 30198][E][WiFiUdp.cpp:221] parsePacket(): could not receive data: 9
[ 30206][E][WiFiUdp.cpp:221] parsePacket(): could not receive data: 9
[ 30214][E][WiFiUdp.cpp:221] parsePacket(): could not receive data: 9
[ 30222][E][WiFiUdp.cpp:221] parsePacket(): could not receive data: 9
[ 30230][E][WiFiUdp.cpp:221] parsePacket(): could not receive data: 9
[ 30238][E][WiFiUdp.cpp:221] parsePacket(): could not receive data: 9
[ 30246][E][WiFiUdp.cpp:221] parsePacket(): could not receive data: 9
[ 30254][E][WiFiUdp.cpp:221] parsePacket(): could not receive data: 9
[ 30262][E][WiFiUdp.cpp:221] parsePacket(): could not receive data: 9
[ 30270][E][WiFiUdp.cpp:221] parsePacket(): could not receive data: 9
[ 30278][E][WiFiUdp.cpp:221] parsePacket(): could not receive data: 9
[ 30286][E][WiFiUdp.cpp:221] parsePacket(): could not receive data: 9
[ 30294][E][WiFiUdp.cpp:221] parsePacket(): could not receive data: 9
[ 30302][E][WiFiUdp.cpp:221] parsePacket(): could not receive data: 9
[ 30310][E][WiFiUdp.cpp:221] parsePacket(): could not receive data: 9
[ 30318][E][WiFiUdp.cpp:221] parsePacket(): could not receive data: 9
[ 30326][E][WiFiUdp.cpp:221] parsePacket(): could not receive data: 9
[ 30334][E][WiFiUdp.cpp:221] parsePacket(): could not receive data: 9
[ 30342][E][WiFiUdp.cpp:221] parsePacket(): could not receive data: 9
[ 30350][E][WiFiUdp.cpp:221] parsePacket(): could not receive data: 9
[ 30358][E][WiFiUdp.cpp:221] parsePacket(): could not receive data: 9
[ 30366][E][WiFiUdp.cpp:221] parsePacket(): could not receive data: 9
[ 30374][E][WiFiUdp.cpp:221] parsePacket(): could not receive data: 9
[ 30382][E][WiFiUdp.cpp:221] parsePacket(): could not receive data: 9
[ 30390][E][WiFiUdp.cpp:221] parsePacket(): could not receive data: 9
[ 30398][E][WiFiUdp.cpp:221] parsePacket(): could not receive data: 9
[ 30406][E][WiFiUdp.cpp:221] parsePacket(): could not receive data: 9
[ 30414][E][WiFiUdp.cpp:221] parsePacket(): could not receive data: 9
[ 30422][E][WiFiUdp.cpp:221] parsePacket(): could not receive data: 9
[ 30430][E][WiFiUdp.cpp:221] parsePacket(): could not receive data: 9
[ 30438][E][WiFiUdp.cpp:221] parsePacket(): could not receive data: 9
[ 30446][E][WiFiUdp.cpp:221] parsePacket(): could not receive data: 9
[ 30454][E][WiFiUdp.cpp:221] parsePacket(): could not receive data: 9
[ 30462][E][WiFiUdp.cpp:221] parsePacket(): could not receive data: 9
[ 30470][E][WiFiUdp.cpp:221] parsePacket(): could not receive data: 9
[ 30478][E][WiFiUdp.cpp:221] parsePacket(): could not receive data: 9
[ 30486][E][WiFiUdp.cpp:221] parsePacket(): could not receive data: 9
[ 30494][E][WiFiUdp.cpp:221] parsePacket(): could not receive data: 9
[ 30502][E][WiFiUdp.cpp:221] parsePacket(): could not receive data: 9
[ 30510][E][WiFiUdp.cpp:221] parsePacket(): could not receive data: 9
[ 30518][E][WiFiUdp.cpp:221] parsePacket(): could not receive data: 9
[ 30526][E][WiFiUdp.cpp:221] parsePacket(): could not receive data: 9
[ 30534][E][WiFiUdp.cpp:221] parsePacket(): could not receive data: 9
[ 30542][E][WiFiUdp.cpp:221] parsePacket(): could not receive data: 9
[ 30550][E][WiFiUdp.cpp:221] parsePacket(): could not receive data: 9
[ 30558][E][WiFiUdp.cpp:221] parsePacket(): could not receive data: 9
[ 30566][E][WiFiUdp.cpp:221] parsePacket(): could not receive data: 9
[ 30574][E][WiFiUdp.cpp:221] parsePacket(): could not receive data: 9
[ 30582][E][WiFiUdp.cpp:221] parsePacket(): could not receive data: 9
[ 30590][E][WiFiUdp.cpp:221] parsePacket(): could not receive data: 9
[ 30598][E][WiFiUdp.cpp:221] parsePacket(): could not receive data: 9
[ 30606][E][WiFiUdp.cpp:221] parsePacket(): could not receive data: 9
[ 30614][E][WiFiUdp.cpp:221] parsePacket(): could not receive data: 9
[ 30622][E][WiFiUdp.cpp:221] parsePacket(): could not receive data: 9
[ 30630][E][WiFiUdp.cpp:221] parsePacket(): could not receive data: 9
[ 30638][E][WiFiUdp.cpp:221] parsePacket(): could not receive data: 9
[ 30646][E][WiFiUdp.cpp:221] parsePacket(): could not receive data: 9
[ 30654][E][WiFiUdp.cpp:221] parsePacket(): could not receive data: 9
[ 30662][E][WiFiUdp.cpp:221] parsePacket(): could not receive data: 9
[ 30670][E][WiFiUdp.cpp:221] parsePacket(): could not receive data: 9
[ 30678][E][WiFiUdp.cpp:221] parsePacket(): could not receive data: 9
[ 30686][E][WiFiUdp.cpp:221] parsePacket(): could not receive data: 9
[ 30694][E][WiFiUdp.cpp:221] parsePacket(): could not receive data: 9
[ 30702][E][WiFiUdp.cpp:221] parsePacket(): could not receive data: 9
[ 30710][E][WiFiUdp.cpp:221] parsePacket(): could not receive data: 9
[ 30718][E][WiFiUdp.cpp:221] parsePacket(): could not receive data: 9
[ 30726][E][WiFiUdp.cpp:221] parsePacket(): could not receive data: 9
[ 30734][E][WiFiUdp.cpp:221] parsePacket(): could not receive data: 9
[ 30742][E][WiFiUdp.cpp:221] parsePacket(): could not receive data: 9
[ 30750][E][WiFiUdp.cpp:221] parsePacket(): could not receive data: 9
[ 30758][E][WiFiUdp.cpp:221] parsePacket(): could not receive data: 9
[ 30766][E][WiFiUdp.cpp:221] parsePacket(): could not receive data: 9
[ 30774][E][WiFiUdp.cpp:221] parsePacket(): could not receive data: 9
[ 30782][E][WiFiUdp.cpp:221] parsePacket(): could not receive data: 9
[ 30790][E][WiFiUdp.cpp:221] parsePacket(): could not receive data: 9
[ 30798][E][WiFiUdp.cpp:221] parsePacket(): could not receive data: 9
[ 30806][E][WiFiUdp.cpp:221] parsePacket(): could not receive data: 9
[ 30814][E][WiFiUdp.cpp:221] parsePacket(): could not receive data: 9
[ 30822][E][WiFiUdp.cpp:221] parsePacket(): could not receive data: 9
[ 30830][E][WiFiUdp.cpp:221] parsePacket(): could not receive data: 9
[ 30838][E][WiFiUdp.cpp:221] parsePacket(): could not receive data: 9
[ 30846][E][WiFiUdp.cpp:221] parsePacket(): could not receive data: 9
[ 30854][E][WiFiUdp.cpp:221] parsePacket(): could not receive data: 9
[ 30862][E][WiFiUdp.cpp:221] parsePacket(): could not receive data: 9
[ 30870][E][WiFiUdp.cpp:221] parsePacket(): could not receive data: 9
[ 30878][E][WiFiUdp.cpp:221] parsePacket(): could not receive data: 9
[ 30886][E][WiFiUdp.cpp:221] parsePacket(): could not receive data: 9
[ 30894][E][WiFiUdp.cpp:221] parsePacket(): could not receive data: 9
[ 30902][E][WiFiUdp.cpp:221] parsePacket(): could not receive data: 9
[ 30910][E][WiFiUdp.cpp:221] parsePacket(): could not receive data: 9
[ 30918][E][WiFiUdp.cpp:221] parsePacket(): could not receive data: 9
[ 30926][E][WiFiUdp.cpp:221] parsePacket(): could not receive data: 9
[ 30934][E][WiFiUdp.cpp:221] parsePacket(): could not receive data: 9
[ 30942][E][WiFiUdp.cpp:221] parsePacket(): could not receive data: 9
[ 30950][E][WiFiUdp.cpp:221] parsePacket(): could not receive data: 9
[ 30958][E][WiFiUdp.cpp:221] parsePacket(): could not receive data: 9
[ 30966][E][WiFiUdp.cpp:221] parsePacket(): could not receive data: 9
[ 30974][E][WiFiUdp.cpp:221] parsePacket(): could not receive data: 9
[ 30982][E][WiFiUdp.cpp:221] parsePacket(): could not receive data: 9
[ 30990][E][WiFiUdp.cpp:221] parsePacket(): could not receive data: 9
[ 30998][E][WiFiUdp.cpp:221] parsePacket(): could not receive data: 9
[ 31006][E][WiFiUdp.cpp:221] parsePacket(): could not receive data: 9
[ 31014][E][WiFiUdp.cpp:221] parsePacket(): could not receive data: 9
[ 31022][E][WiFiUdp.cpp:221] parsePacket(): could not receive data: 9
[ 31030][E][WiFiUdp.cpp:221] parsePacket(): could not receive data: 9
[ 31038][E][WiFiUdp.cpp:221] parsePacket(): could not receive data: 9
[ 31046][E][WiFiUdp.cpp:221] parsePacket(): could not receive data: 9
[ 31054][E][WiFiUdp.cpp:221] parsePacket(): could not receive data: 9
[ 31062][E][WiFiUdp.cpp:221] parsePacket(): could not receive data: 9
[ 31070][E][WiFiUdp.cpp:221] parsePacket(): could not receive data: 9
[ 31078][E][WiFiUdp.cpp:221] parsePacket(): could not receive data: 9
[ 31086][E][WiFiUdp.cpp:221] parsePacket(): could not receive data: 9
[ 31094][E][WiFiUdp.cpp:221] parsePacket(): could not receive data: 9
[ 31102][E][WiFiUdp.cpp:221] parsePacket(): could not receive data: 9
[ 31110][E][WiFiUdp.cpp:221] parsePacket(): could not receive data: 9
[ 31118][E][WiFiUdp.cpp:221] parsePacket(): could not receive data: 9
[ 31126][E][WiFiUdp.cpp:221] parsePacket(): could not receive data: 9
[ 31134][E][WiFiUdp.cpp:221] parsePacket(): could not receive data: 9
[ 31142][E][WiFiUdp.cpp:221] parsePacket(): could not receive data: 9
[ 31150][E][WiFiUdp.cpp:221] parsePacket(): could not receive data: 9
[ 31158][E][WiFiUdp.cpp:221] parsePacket(): could not receive data: 9
[ 31166][E][WiFiUdp.cpp:221] parsePacket(): could not receive data: 9
[ 31174][E][WiFiUdp.cpp:221] parsePacket(): could not receive data: 9
[ 31182][E][WiFiUdp.cpp:221] parsePacket(): could not receive data: 9
[ 31190][E][WiFiUdp.cpp:221] parsePacket(): could not receive data: 9
[ 31198][E][WiFiUdp.cpp:221] parsePacket(): could not receive data: 9
[ 31206][E][WiFiUdp.cpp:221] parsePacket(): could not receive data: 9
[ 31214][E][WiFiUdp.cpp:221] parsePacket(): could not receive data: 9
[ 31222][E][WiFiUdp.cpp:221] parsePacket(): could not receive data: 9
[ 31230][E][WiFiUdp.cpp:221] parsePacket(): could not receive data: 9
[ 31238][E][WiFiUdp.cpp:221] parsePacket(): could not receive data: 9
[ 31246][E][WiFiUdp.cpp:221] parsePacket(): could not receive data: 9
[ 31254][E][WiFiUdp.cpp:221] parsePacket(): could not receive data: 9
[ 31262][E][WiFiUdp.cpp:221] parsePacket(): could not receive data: 9
[ 31270][E][WiFiUdp.cpp:221] parsePacket(): could not receive data: 9
[ 31278][E][WiFiUdp.cpp:221] parsePacket(): could not receive data: 9
[ 31286][E][WiFiUdp.cpp:221] parsePacket(): could not receive data: 9
[ 31294][E][WiFiUdp.cpp:221] parsePacket(): could not receive data: 9
[ 31302][E][WiFiUdp.cpp:221] parsePacket(): could not receive data: 9
[ 31310][E][WiFiUdp.cpp:221] parsePacket(): could not receive data: 9
[ 31318][E][WiFiUdp.cpp:221] parsePacket(): could not receive data: 9
[ 31326][E][WiFiUdp.cpp:221] parsePacket(): could not receive data: 9
[ 31334][E][WiFiUdp.cpp:221] parsePacket(): could not receive data: 9
[ 31342][E][WiFiUdp.cpp:221] parsePacket(): could not receive data: 9
[ 31350][E][WiFiUdp.cpp:221] parsePacket(): could not receive data: 9
[ 31358][E][WiFiUdp.cpp:221] parsePacket(): could not receive data: 9
[ 31366][E][WiFiUdp.cpp:221] parsePacket(): could not receive data: 9
[ 31374][E][WiFiUdp.cpp:221] parsePacket(): could not receive data: 9
[ 31382][E][WiFiUdp.cpp:221] parsePacket(): could not receive data: 9
[ 31390][E][WiFiUdp.cpp:221] parsePacket(): could not receive data: 9
[ 31398][E][WiFiUdp.cpp:221] parsePacket(): could not receive data: 9
[ 31406][E][WiFiUdp.cpp:221] parsePacket(): could not receive data: 9
[ 31414][E][WiFiUdp.cpp:221] parsePacket(): could not receive data: 9
[ 31422][E][WiFiUdp.cpp:221] parsePacket(): could not receive data: 9
[ 31430][E][WiFiUdp.cpp:221] parsePacket(): could not receive data: 9
[ 31438][E][WiFiUdp.cpp:221] parsePacket(): could not receive data: 9
[ 31446][E][WiFiUdp.cpp:221] parsePacket(): could not receive data: 9
[ 31454][E][WiFiUdp.cpp:221] parsePacket(): could not receive data: 9
[ 31462][E][WiFiUdp.cpp:221] parsePacket(): could not receive data: 9
[ 31470][E][WiFiUdp.cpp:221] parsePacket(): could not receive data: 9
[ 31478][E][WiFiUdp.cpp:221] parsePacket(): could not receive data: 9
[ 31486][E][WiFiUdp.cpp:221] parsePacket(): could not receive data: 9
[ 31494][E][WiFiUdp.cpp:221] parsePacket(): could not receive data: 9
[ 31502][E][WiFiUdp.cpp:221] parsePacket(): could not receive data: 9
[ 31510][E][WiFiUdp.cpp:221] parsePacket(): could not receive data: 9
[ 31518][E][WiFiUdp.cpp:221] parsePacket(): could not receive data: 9
[ 31526][E][WiFiUdp.cpp:221] parsePacket(): could not receive data: 9
[ 31534][E][WiFiUdp.cpp:221] parsePacket(): could not receive data: 9
[ 31542][E][WiFiUdp.cpp:221] parsePacket(): could not receive data: 9
[ 31550][E][WiFiUdp.cpp:221] parsePacket(): could not receive data: 9
[ 31558][E][WiFiUdp.cpp:221] parsePacket(): could not receive data: 9
[ 31566][E][WiFiUdp.cpp:221] parsePacket(): could not receive data: 9
[ 31574][E][WiFiUdp.cpp:221] parsePacket(): could not receive data: 9
[ 31582][E][WiFiUdp.cpp:221] parsePacket(): could not receive data: 9
[ 31590][E][WiFiUdp.cpp:221] parsePacket(): could not receive data: 9
[ 31598][E][WiFiUdp.cpp:221] parsePacket(): could not receive data: 9
[ 31606][E][WiFiUdp.cpp:221] parsePacket(): could not receive data: 9
[ 31614][E][WiFiUdp.cpp:221] parsePacket(): could not receive data: 9
[ 31622][E][WiFiUdp.cpp:221] parsePacket(): could not receive data: 9
[ 31630][E][WiFiUdp.cpp:221] parsePacket(): could not receive data: 9
[ 31638][E][WiFiUdp.cpp:221] parsePacket(): could not receive data: 9
[ 31646][E][WiFiUdp.cpp:221] parsePacket(): could not receive data: 9
[ 31654][E][WiFiUdp.cpp:221] parsePacket(): could not receive data: 9
[ 31662][E][WiFiUdp.cpp:221] parsePacket(): could not receive data: 9
[ 31670][E][WiFiUdp.cpp:221] parsePacket(): could not receive data: 9
[ 31678][E][WiFiUdp.cpp:221] parsePacket(): could not receive data: 9
[ 31686][E][WiFiUdp.cpp:221] parsePacket(): could not receive data: 9
[ 31694][E][WiFiUdp.cpp:221] parsePacket(): could not receive data: 9
[ 31702][E][WiFiUdp.cpp:221] parsePacket(): could not receive data: 9
No Sensor found on bus! Rescanning...
No Sensor found on bus! Rescanning...
[ 32015][E][WiFiUdp.cpp:221] parsePacket(): could not receive data: 9
[ 32023][E][WiFiUdp.cpp:221] parsePacket(): could not receive data: 9
[ 32031][E][WiFiUdp.cpp:221] parsePacket(): could not receive data: 9
[ 32039][E][WiFiUdp.cpp:221] parsePacket(): could not receive data: 9
[ 32047][E][WiFiUdp.cpp:221] parsePacket(): could not receive data: 9
[ 32055][E][WiFiUdp.cpp:221] parsePacket(): could not receive data: 9
[ 32063][E][WiFiUdp.cpp:221] parsePacket(): could not receive data: 9
[ 32071][E][WiFiUdp.cpp:221] parsePacket(): could not receive data: 9
[ 32079][E][WiFiUdp.cpp:221] parsePacket(): could not receive data: 9
[ 32087][E][WiFiUdp.cpp:221] parsePacket(): could not receive data: 9
[ 32095][E][WiFiUdp.cpp:221] parsePacket(): could not receive data: 9
[ 32103][E][WiFiUdp.cpp:221] parsePacket(): could not receive data: 9
[ 32111][E][WiFiUdp.cpp:221] parsePacket(): could not receive data: 9
[ 32119][E][WiFiUdp.cpp:221] parsePacket(): could not receive data: 9
[ 32127][E][WiFiUdp.cpp:221] parsePacket(): could not receive data: 9
[ 32135][E][WiFiUdp.cpp:221] parsePacket(): could not receive data: 9
[ 32143][E][WiFiUdp.cpp:221] parsePacket(): could not receive data: 9
[ 32151][E][WiFiUdp.cpp:221] parsePacket(): could not receive data: 9
[ 32159][E][WiFiUdp.cpp:221] parsePacket(): could not receive data: 9
[ 32167][E][WiFiUdp.cpp:221] parsePacket(): could not receive data: 9
[ 32175][E][WiFiUdp.cpp:221] parsePacket(): could not receive data: 9
[ 32183][E][WiFiUdp.cpp:221] parsePacket(): could not receive data: 9
[ 32191][E][WiFiUdp.cpp:221] parsePacket(): could not receive data: 9
[ 32199][E][WiFiUdp.cpp:221] parsePacket(): could not receive data: 9
[ 32207][E][WiFiUdp.cpp:221] parsePacket(): could not receive data: 9
[ 32215][E][WiFiUdp.cpp:221] parsePacket(): could not receive data: 9
[ 32223][E][WiFiUdp.cpp:221] parsePacket(): could not receive data: 9
[ 32231][E][WiFiUdp.cpp:221] parsePacket(): could not receive data: 9
[ 32239][E][WiFiUdp.cpp:221] parsePacket(): could not receive data: 9
[ 32247][E][WiFiUdp.cpp:221] parsePacket(): could not receive data: 9
[ 32255][E][WiFiUdp.cpp:221] parsePacket(): could not receive data: 9
[ 32263][E][WiFiUdp.cpp:221] parsePacket(): could not receive data: 9
[ 32271][E][WiFiUdp.cpp:221] parsePacket(): could not receive data: 9
[ 32279][E][WiFiUdp.cpp:221] parsePacket(): could not receive data: 9
[ 32287][E][WiFiUdp.cpp:221] parsePacket(): could not receive data: 9
[ 32295][E][WiFiUdp.cpp:221] parsePacket(): could not receive data: 9
[ 32303][E][WiFiUdp.cpp:221] parsePacket(): could not receive data: 9
[ 32311][E][WiFiUdp.cpp:221] parsePacket(): could not receive data: 9
[ 32319][E][WiFiUdp.cpp:221] parsePacket(): could not receive data: 9
[ 32327][E][WiFiUdp.cpp:221] parsePacket(): could not receive data: 9
[ 32335][E][WiFiUdp.cpp:221] parsePacket(): could not receive data: 9
[ 32343][E][WiFiUdp.cpp:221] parsePacket(): could not receive data: 9
[ 32351][E][WiFiUdp.cpp:221] parsePacket(): could not receive data: 9
[ 32359][E][WiFiUdp.cpp:221] parsePacket(): could not receive data: 9
[ 32367][E][WiFiUdp.cpp:221] parsePacket(): could not receive data: 9
[ 32375][E][WiFiUdp.cpp:221] parsePacket(): could not receive data: 9
[ 32383][E][WiFiUdp.cpp:221] parsePacket(): could not receive data: 9
[ 32391][E][WiFiUdp.cpp:221] parsePacket(): could not receive data: 9
[ 32399][E][WiFiUdp.cpp:221] parsePacket(): could not receive data: 9
[ 32407][E][WiFiUdp.cpp:221] parsePacket(): could not receive data: 9
[ 32415][E][WiFiUdp.cpp:221] parsePacket(): could not receive data: 9
[ 32423][E][WiFiUdp.cpp:221] parsePacket(): could not receive data: 9
[ 32431][E][WiFiUdp.cpp:221] parsePacket(): could not receive data: 9
[ 32439][E][WiFiUdp.cpp:221] parsePacket(): could not receive data: 9
[ 32447][E][WiFiUdp.cpp:221] parsePacket(): could not receive data: 9
[ 32455][E][WiFiUdp.cpp:221] parsePacket(): could not receive data: 9
[ 32463][E][WiFiUdp.cpp:221] parsePacket(): could not receive data: 9
[ 32471][E][WiFiUdp.cpp:221] parsePacket(): could not receive data: 9
[ 32479][E][WiFiUdp.cpp:221] parsePacket(): could not receive data: 9
[ 32487][E][WiFiUdp.cpp:221] parsePacket(): could not receive data: 9
[ 32495][E][WiFiUdp.cpp:221] parsePacket(): could not receive data: 9
[ 32503][E][WiFiUdp.cpp:221] parsePacket(): could not receive data: 9
[ 32511][E][WiFiUdp.cpp:221] parsePacket(): could not receive data: 9
[ 32519][E][WiFiUdp.cpp:221] parsePacket(): could not receive data: 9
[ 32527][E][WiFiUdp.cpp:221] parsePacket(): could not receive data: 9
[ 32535][E][WiFiUdp.cpp:221] parsePacket(): could not receive data: 9
[ 32543][E][WiFiUdp.cpp:221] parsePacket(): could not receive data: 9
[ 32551][E][WiFiUdp.cpp:221] parsePacket(): could not receive data: 9
[ 32559][E][WiFiUdp.cpp:221] parsePacket(): could not receive data: 9
[ 32567][E][WiFiUdp.cpp:221] parsePacket(): could not receive data: 9
[ 32575][E][WiFiUdp.cpp:221] parsePacket(): could not receive data: 9
[ 32583][E][WiFiUdp.cpp:221] parsePacket(): could not receive data: 9
[ 32591][E][WiFiUdp.cpp:221] parsePacket(): could not receive data: 9
[ 32599][E][WiFiUdp.cpp:221] parsePacket(): could not receive data: 9
[ 32607][E][WiFiUdp.cpp:221] parsePacket(): could not receive data: 9
[ 32615][E][WiFiUdp.cpp:221] parsePacket(): could not receive data: 9
[ 32623][E][WiFiUdp.cpp:221] parsePacket(): could not receive data: 9
[ 32631][E][WiFiUdp.cpp:221] parsePacket(): could not receive data: 9
[ 32639][E][WiFiUdp.cpp:221] parsePacket(): could not receive data: 9
[ 32647][E][WiFiUdp.cpp:221] parsePacket(): could not receive data: 9
[ 32655][E][WiFiUdp.cpp:221] parsePacket(): could not receive data: 9
[ 32663][E][WiFiUdp.cpp:221] parsePacket(): could not receive data: 9
[ 32671][E][WiFiUdp.cpp:221] parsePacket(): could not receive data: 9
[ 32679][E][WiFiUdp.cpp:221] parsePacket(): could not receive data: 9
[ 32687][E][WiFiUdp.cpp:221] parsePacket(): could not receive data: 9
[ 32695][E][WiFiUdp.cpp:221] parsePacket(): could not receive data: 9
[ 32703][E][WiFiUdp.cpp:221] parsePacket(): could not receive data: 9
[ 32711][E][WiFiUdp.cpp:221] parsePacket(): could not receive data: 9
[ 32719][E][WiFiUdp.cpp:221] parsePacket(): could not receive data: 9
[ 32727][E][WiFiUdp.cpp:221] parsePacket(): could not receive data: 9
[ 32735][E][WiFiUdp.cpp:221] parsePacket(): could not receive data: 9
[ 32743][E][WiFiUdp.cpp:221] parsePacket(): could not receive data: 9
[ 32751][E][WiFiUdp.cpp:221] parsePacket(): could not receive data: 9
[ 32759][E][WiFiUdp.cpp:221] parsePacket(): could not receive data: 9
[ 32767][E][WiFiUdp.cpp:221] parsePacket(): could not receive data: 9
[ 32775][E][WiFiUdp.cpp:221] parsePacket(): could not receive data: 9
[ 32783][E][WiFiUdp.cpp:221] parsePacket(): could not receive data: 9
[ 32791][E][WiFiUdp.cpp:221] parsePacket(): could not receive data: 9
[ 32799][E][WiFiUdp.cpp:221] parsePacket(): could not receive data: 9
[ 32807][E][WiFiUdp.cpp:221] parsePacket(): could not receive data: 9
[ 32815][E][WiFiUdp.cpp:221] parsePacket(): could not receive data: 9
[ 32823][E][WiFiUdp.cpp:221] parsePacket(): could not receive data: 9
[ 32831][E][WiFiUdp.cpp:221] parsePacket(): could not receive data: 9
[ 32839][E][WiFiUdp.cpp:221] parsePacket(): could not receive data: 9
[ 32847][E][WiFiUdp.cpp:221] parsePacket(): could not receive data: 9
[ 32855][E][WiFiUdp.cpp:221] parsePacket(): could not receive data: 9
[ 32863][E][WiFiUdp.cpp:221] parsePacket(): could not receive data: 9
[ 32871][E][WiFiUdp.cpp:221] parsePacket(): could not receive data: 9
[ 32879][E][WiFiUdp.cpp:221] parsePacket(): could not receive data: 9
[ 32887][E][WiFiUdp.cpp:221] parsePacket(): could not receive data: 9
[ 32895][E][WiFiUdp.cpp:221] parsePacket(): could not receive data: 9
[ 32903][E][WiFiUdp.cpp:221] parsePacket(): could not receive data: 9
[ 32911][E][WiFiUdp.cpp:221] parsePacket(): could not receive data: 9
[ 32919][E][WiFiUdp.cpp:221] parsePacket(): could not receive data: 9
[ 32927][E][WiFiUdp.cpp:221] parsePacket(): could not receive data: 9
[ 32935][E][WiFiUdp.cpp:221] parsePacket(): could not receive data: 9
[ 32943][E][WiFiUdp.cpp:221] parsePacket(): could not receive data: 9
[ 32951][E][WiFiUdp.cpp:221] parsePacket(): could not receive data: 9
[ 32959][E][WiFiUdp.cpp:221] parsePacket(): could not receive data: 9
[ 32967][E][WiFiUdp.cpp:221] parsePacket(): could not receive data: 9
[ 32975][E][WiFiUdp.cpp:221] parsePacket(): could not receive data: 9
[ 32983][E][WiFiUdp.cpp:221] parsePacket(): could not receive data: 9
[ 32991][E][WiFiUdp.cpp:221] parsePacket(): could not receive data: 9
[ 32999][E][WiFiUdp.cpp:221] parsePacket(): could not receive data: 9
[ 33007][E][WiFiUdp.cpp:221] parsePacket(): could not receive data: 9
[ 33015][E][WiFiUdp.cpp:221] parsePacket(): could not receive data: 9
[ 33023][E][WiFiUdp.cpp:221] parsePacket(): could not receive data: 9
[ 33031][E][WiFiUdp.cpp:221] parsePacket(): could not receive data: 9
[ 33039][E][WiFiUdp.cpp:221] parsePacket(): could not receive data: 9
[ 33047][E][WiFiUdp.cpp:221] parsePacket(): could not receive data: 9
[ 33055][E][WiFiUdp.cpp:221] parsePacket(): could not receive data: 9
[ 33063][E][WiFiUdp.cpp:221] parsePacket(): could not receive data: 9
[ 33071][E][WiFiUdp.cpp:221] parsePacket(): could not receive data: 9
[ 33079][E][WiFiUdp.cpp:221] parsePacket(): could not receive data: 9
[ 33087][E][WiFiUdp.cpp:221] parsePacket(): could not receive data: 9
[ 33095][E][WiFiUdp.cpp:221] parsePacket(): could not receive data: 9
[ 33103][E][WiFiUdp.cpp:221] parsePacket(): could not receive data: 9
[ 33111][E][WiFiUdp.cpp:221] parsePacket(): could not receive data: 9
[ 33119][E][WiFiUdp.cpp:221] parsePacket(): could not receive data: 9
[ 33127][E][WiFiUdp.cpp:221] parsePacket(): could not receive data: 9
[ 33135][E][WiFiUdp.cpp:221] parsePacket(): could not receive data: 9
[ 33143][E][WiFiUdp.cpp:221] parsePacket(): could not receive data: 9
[ 33151][E][WiFiUdp.cpp:221] parsePacket(): could not receive data: 9
[ 33159][E][WiFiUdp.cpp:221] parsePacket(): could not receive data: 9
[ 33167][E][WiFiUdp.cpp:221] parsePacket(): could not receive data: 9
[ 33175][E][WiFiUdp.cpp:221] parsePacket(): could not receive data: 9
[ 33183][E][WiFiUdp.cpp:221] parsePacket(): could not receive data: 9
[ 33191][E][WiFiUdp.cpp:221] parsePacket(): could not receive data: 9
[ 33199][E][WiFiUdp.cpp:221] parsePacket(): could not receive data: 9
[ 33207][E][WiFiUdp.cpp:221] parsePacket(): could not receive data: 9
[ 33215][E][WiFiUdp.cpp:221] parsePacket(): could not receive data: 9
[ 33223][E][WiFiUdp.cpp:221] parsePacket(): could not receive data: 9
[ 33231][E][WiFiUdp.cpp:221] parsePacket(): could not receive data: 9
[ 33239][E][WiFiUdp.cpp:221] parsePacket(): could not receive data: 9
[ 33247][E][WiFiUdp.cpp:221] parsePacket(): could not receive data: 9
[ 33255][E][WiFiUdp.cpp:221] parsePacket(): could not receive data: 9
[ 33263][E][WiFiUdp.cpp:221] parsePacket(): could not receive data: 9
[ 33271][E][WiFiUdp.cpp:221] parsePacket(): could not receive data: 9
[ 33279][E][WiFiUdp.cpp:221] parsePacket(): could not receive data: 9
[ 33287][E][WiFiUdp.cpp:221] parsePacket(): could not receive data: 9
[ 33295][E][WiFiUdp.cpp:221] parsePacket(): could not receive data: 9
[ 33303][E][WiFiUdp.cpp:221] parsePacket(): could not receive data: 9
[ 33311][E][WiFiUdp.cpp:221] parsePacket(): could not receive data: 9
[ 33319][E][WiFiUdp.cpp:221] parsePacket(): could not receive data: 9
[ 33327][E][WiFiUdp.cpp:221] parsePacket(): could not receive data: 9
[ 33335][E][WiFiUdp.cpp:221] parsePacket(): could not receive data: 9
[ 33343][E][WiFiUdp.cpp:221] parsePacket(): could not receive data: 9
[ 33351][E][WiFiUdp.cpp:221] parsePacket(): could not receive data: 9
[ 33359][E][WiFiUdp.cpp:221] parsePacket(): could not receive data: 9
[ 33367][E][WiFiUdp.cpp:221] parsePacket(): could not receive data: 9
[ 33375][E][WiFiUdp.cpp:221] parsePacket(): could not receive data: 9
[ 33383][E][WiFiUdp.cpp:221] parsePacket(): could not receive data: 9
[ 33391][E][WiFiUdp.cpp:221] parsePacket(): could not receive data: 9
[ 33399][E][WiFiUdp.cpp:221] parsePacket(): could not receive data: 9
[ 33407][E][WiFiUdp.cpp:221] parsePacket(): could not receive data: 9
[ 33415][E][WiFiUdp.cpp:221] parsePacket(): could not receive data: 9
[ 33423][E][WiFiUdp.cpp:221] parsePacket(): could not receive data: 9
[ 33431][E][WiFiUdp.cpp:221] parsePacket(): could not receive data: 9
[ 33439][E][WiFiUdp.cpp:221] parsePacket(): could not receive data: 9
[ 33447][E][WiFiUdp.cpp:221] parsePacket(): could not receive data: 9
[ 33455][E][WiFiUdp.cpp:221] parsePacket(): could not receive data: 9
[ 33463][E][WiFiUdp.cpp:221] parsePacket(): could not receive data: 9
[ 33471][E][WiFiUdp.cpp:221] parsePacket(): could not receive data: 9
[ 33479][E][WiFiUdp.cpp:221] parsePacket(): could not receive data: 9
[ 33487][E][WiFiUdp.cpp:221] parsePacket(): could not receive data: 9
[ 33495][E][WiFiUdp.cpp:221] parsePacket(): could not receive data: 9
[ 33503][E][WiFiUdp.cpp:221] parsePacket(): could not receive data: 9
[ 33511][E][WiFiUdp.cpp:221] parsePacket(): could not receive data: 9
[ 33519][E][WiFiUdp.cpp:221] parsePacket(): could not receive data: 9
[ 33527][E][WiFiUdp.cpp:221] parsePacket(): could not receive data: 9
[ 33535][E][WiFiUdp.cpp:221] parsePacket(): could not receive data: 9
[ 33543][E][WiFiUdp.cpp:221] parsePacket(): could not receive data: 9
[ 33551][E][WiFiUdp.cpp:221] parsePacket(): could not receive data: 9
[ 33559][E][WiFiUdp.cpp:221] parsePacket(): could not receive data: 9
[ 33567][E][WiFiUdp.cpp:221] parsePacket(): could not receive data: 9
[ 33575][E][WiFiUdp.cpp:221] parsePacket(): could not receive data: 9
[ 33583][E][WiFiUdp.cpp:221] parsePacket(): could not receive data: 9
[ 33591][E][WiFiUdp.cpp:221] parsePacket(): could not receive data: 9
[ 33599][E][WiFiUdp.cpp:221] parsePacket(): could not receive data: 9
[ 33607][E][WiFiUdp.cpp:221] parsePacket(): could not receive data: 9
[ 33615][E][WiFiUdp.cpp:221] parsePacket(): could not receive data: 9
[ 33623][E][WiFiUdp.cpp:221] parsePacket(): could not receive data: 9
[ 33631][E][WiFiUdp.cpp:221] parsePacket(): could not receive data: 9
[ 33639][E][WiFiUdp.cpp:221] parsePacket(): could not receive data: 9
[ 33647][E][WiFiUdp.cpp:221] parsePacket(): could not receive data: 9
[ 33655][E][WiFiUdp.cpp:221] parsePacket(): could not receive data: 9
[ 33663][E][WiFiUdp.cpp:221] parsePacket(): could not receive data: 9
[ 33671][E][WiFiUdp.cpp:221] parsePacket(): could not receive data: 9
[ 33679][E][WiFiUdp.cpp:221] parsePacket(): could not receive data: 9
[ 33687][E][WiFiUdp.cpp:221] parsePacket(): could not receive data: 9
[ 33695][E][WiFiUdp.cpp:221] parsePacket(): could not receive data: 9
[ 33703][E][WiFiUdp.cpp:221] parsePacket(): could not receive data: 9
[ 33711][E][WiFiUdp.cpp:221] parsePacket(): could not receive data: 9
[ 33719][E][WiFiUdp.cpp:221] parsePacket(): could not receive data: 9
[ 33727][E][WiFiUdp.cpp:221] parsePacket(): could not receive data: 9
[ 33735][E][WiFiUdp.cpp:221] parsePacket(): could not receive data: 9
[ 33743][E][WiFiUdp.cpp:221] parsePacket(): could not receive data: 9
[ 33751][E][WiFiUdp.cpp:221] parsePacket(): could not receive data: 9
[ 33759][E][WiFiUdp.cpp:221] parsePacket(): could not receive data: 9
[ 33767][E][WiFiUdp.cpp:221] parsePacket(): could not receive data: 9
[ 33775][E][WiFiUdp.cpp:221] parsePacket(): could not receive data: 9
[ 33783][E][WiFiUdp.cpp:221] parsePacket(): could not receive data: 9
[ 33791][E][WiFiUdp.cpp:221] parsePacket(): could not receive data: 9
[ 33799][E][WiFiUdp.cpp:221] parsePacket(): could not receive data: 9
[ 33807][E][WiFiUdp.cpp:221] parsePacket(): could not receive data: 9
[ 33815][E][WiFiUdp.cpp:221] parsePacket(): could not receive data: 9
[ 33823][E][WiFiUdp.cpp:221] parsePacket(): could not receive data: 9
[ 33831][E][WiFiUdp.cpp:221] parsePacket(): could not receive data: 9
[ 33839][E][WiFiUdp.cpp:221] parsePacket(): could not receive data: 9
[ 33847][E][WiFiUdp.cpp:221] parsePacket(): could not receive data: 9
[ 33855][E][WiFiUdp.cpp:221] parsePacket(): could not receive data: 9
[ 33863][E][WiFiUdp.cpp:221] parsePacket(): could not receive data: 9
[ 33871][E][WiFiUdp.cpp:221] parsePacket(): could not receive data: 9
[ 33879][E][WiFiUdp.cpp:221] parsePacket(): could not receive data: 9
[ 33887][E][WiFiUdp.cpp:221] parsePacket(): could not receive data: 9
[ 33895][E][WiFiUdp.cpp:221] parsePacket(): could not receive data: 9
[ 33903][E][WiFiUdp.cpp:221] parsePacket(): could not receive data: 9
[ 33911][E][WiFiUdp.cpp:221] parsePacket(): could not receive data: 9
[ 33919][E][WiFiUdp.cpp:221] parsePacket(): could not receive data: 9
[ 33927][E][WiFiUdp.cpp:221] parsePacket(): could not receive data: 9
[ 33935][E][WiFiUdp.cpp:221] parsePacket(): could not receive data: 9
[ 33943][E][WiFiUdp.cpp:221] parsePacket(): could not receive data: 9
[ 33951][E][WiFiUdp.cpp:221] parsePacket(): could not receive data: 9
[ 33959][E][WiFiUdp.cpp:221] parsePacket(): could not receive data: 9
[ 33967][E][WiFiUdp.cpp:221] parsePacket(): could not receive data: 9
[ 33975][E][WiFiUdp.cpp:221] parsePacket(): could not receive data: 9
[ 33983][E][WiFiUdp.cpp:221] parsePacket(): could not receive data: 9
[ 33991][E][WiFiUdp.cpp:221] parsePacket(): could not receive data: 9
[ 33999][E][WiFiUdp.cpp:221] parsePacket(): could not receive data: 9
[ 34007][E][WiFiUdp.cpp:221] parsePacket(): could not receive data: 9
[ 34015][E][WiFiUdp.cpp:221] parsePacket(): could not receive data: 9
[ 34023][E][WiFiUdp.cpp:221] parsePacket(): could not receive data: 9
[ 34031][E][WiFiUdp.cpp:221] parsePacket(): could not receive data: 9
[ 34039][E][WiFiUdp.cpp:221] parsePacket(): could not receive data: 9
[ 34047][E][WiFiUdp.cpp:221] parsePacket(): could not receive data: 9
[ 34055][E][WiFiUdp.cpp:221] parsePacket(): could not receive data: 9
[ 34063][E][WiFiUdp.cpp:221] parsePacket(): could not receive data: 9
[ 34071][E][WiFiUdp.cpp:221] parsePacket(): could not receive data: 9
[ 34079][E][WiFiUdp.cpp:221] parsePacket(): could not receive data: 9
[ 34087][E][WiFiUdp.cpp:221] parsePacket(): could not receive data: 9
[ 34095][E][WiFiUdp.cpp:221] parsePacket(): could not receive data: 9
[ 34103][E][WiFiUdp.cpp:221] parsePacket(): could not receive data: 9
[ 34111][E][WiFiUdp.cpp:221] parsePacket(): could not receive data: 9
[ 34119][E][WiFiUdp.cpp:221] parsePacket(): could not receive data: 9
[ 34127][E][WiFiUdp.cpp:221] parsePacket(): could not receive data: 9
[ 34135][E][WiFiUdp.cpp:221] parsePacket(): could not receive data: 9
[ 34143][E][WiFiUdp.cpp:221] parsePacket(): could not receive data: 9
[ 34151][E][WiFiUdp.cpp:221] parsePacket(): could not receive data: 9
[ 34159][E][WiFiUdp.cpp:221] parsePacket(): could not receive data: 9
[ 34167][E][WiFiUdp.cpp:221] parsePacket(): could not receive data: 9
[ 34175][E][WiFiUdp.cpp:221] parsePacket(): could not receive data: 9
[ 34183][E][WiFiUdp.cpp:221] parsePacket(): could not receive data: 9
[ 34191][E][WiFiUdp.cpp:221] parsePacket(): could not receive data: 9
[ 34199][E][WiFiUdp.cpp:221] parsePacket(): could not receive data: 9
[ 34207][E][WiFiUdp.cpp:221] parsePacket(): could not receive data: 9
[ 34215][E][WiFiUdp.cpp:221] parsePacket(): could not receive data: 9
[ 34223][E][WiFiUdp.cpp:221] parsePacket(): could not receive data: 9
[ 34231][E][WiFiUdp.cpp:221] parsePacket(): could not receive data: 9
[ 34239][E][WiFiUdp.cpp:221] parsePacket(): could not receive data: 9
[ 34247][E][WiFiUdp.cpp:221] parsePacket(): could not receive data: 9
[ 34255][E][WiFiUdp.cpp:221] parsePacket(): could not receive data: 9
[ 34263][E][WiFiUdp.cpp:221] parsePacket(): could not receive data: 9
[ 34271][E][WiFiUdp.cpp:221] parsePacket(): could not receive data: 9
[ 34279][E][WiFiUdp.cpp:221] parsePacket(): could not receive data: 9
[ 34287][E][WiFiUdp.cpp:221] parsePacket(): could not receive data: 9
[ 34295][E][WiFiUdp.cpp:221] parsePacket(): could not receive data: 9
[ 34303][E][WiFiUdp.cpp:221] parsePacket(): could not receive data: 9
[ 34311][E][WiFiUdp.cpp:221] parsePacket(): could not receive data: 9
[ 34319][E][WiFiUdp.cpp:221] parsePacket(): could not receive data: 9
[ 34327][E][WiFiUdp.cpp:221] parsePacket(): could not receive data: 9
[ 34335][E][WiFiUdp.cpp:221] parsePacket(): could not receive data: 9
[ 34343][E][WiFiUdp.cpp:221] parsePacket(): could not receive data: 9
[ 34351][E][WiFiUdp.cpp:221] parsePacket(): could not receive data: 9
[ 34359][E][WiFiUdp.cpp:221] parsePacket(): could not receive data: 9
[ 34367][E][WiFiUdp.cpp:221] parsePacket(): could not receive data: 9
[ 34375][E][WiFiUdp.cpp:221] parsePacket(): could not receive data: 9
[ 34383][E][WiFiUdp.cpp:221] parsePacket(): could not receive data: 9
[ 34391][E][WiFiUdp.cpp:221] parsePacket(): could not receive data: 9
[ 34399][E][WiFiUdp.cpp:221] parsePacket(): could not receive data: 9
[ 34407][E][WiFiUdp.cpp:221] parsePacket(): could not receive data: 9
[ 34415][E][WiFiUdp.cpp:221] parsePacket(): could not receive data: 9
[ 34423][E][WiFiUdp.cpp:221] parsePacket(): could not receive data: 9
[ 34431][E][WiFiUdp.cpp:221] parsePacket(): could not receive data: 9
[ 34439][E][WiFiUdp.cpp:221] parsePacket(): could not receive data: 9
[ 34447][E][WiFiUdp.cpp:221] parsePacket(): could not receive data: 9
[ 34455][E][WiFiUdp.cpp:221] parsePacket(): could not receive data: 9
[ 34463][E][WiFiUdp.cpp:221] parsePacket(): could not receive data: 9
[ 34471][E][WiFiUdp.cpp:221] parsePacket(): could not receive data: 9
[ 34479][E][WiFiUdp.cpp:221] parsePacket(): could not receive data: 9
[ 34487][E][WiFiUdp.cpp:221] parsePacket(): could not receive data: 9
[ 34495][E][WiFiUdp.cpp:221] parsePacket(): could not receive data: 9
[ 34503][E][WiFiUdp.cpp:221] parsePacket(): could not receive data: 9
[ 34511][E][WiFiUdp.cpp:221] parsePacket(): could not receive data: 9
[ 34519][E][WiFiUdp.cpp:221] parsePacket(): could not receive data: 9
[ 34527][E][WiFiUdp.cpp:221] parsePacket(): could not receive data: 9
[ 34535][E][WiFiUdp.cpp:221] parsePacket(): could not receive data: 9
[ 34543][E][WiFiUdp.cpp:221] parsePacket(): could not receive data: 9
[ 34551][E][WiFiUdp.cpp:221] parsePacket(): could not receive data: 9
[ 34559][E][WiFiUdp.cpp:221] parsePacket(): could not receive data: 9
[ 34567][E][WiFiUdp.cpp:221] parsePacket(): could not receive data: 9
[ 34575][E][WiFiUdp.cpp:221] parsePacket(): could not receive data: 9
[ 34583][E][WiFiUdp.cpp:221] parsePacket(): could not receive data: 9
[ 34591][E][WiFiUdp.cpp:221] parsePacket(): could not receive data: 9
[ 34599][E][WiFiUdp.cpp:221] parsePacket(): could not receive data: 9
[ 34607][E][WiFiUdp.cpp:221] parsePacket(): could not receive data: 9
[ 34615][E][WiFiUdp.cpp:221] parsePacket(): could not receive data: 9
[ 34623][E][WiFiUdp.cpp:221] parsePacket(): could not receive data: 9
[ 34631][E][WiFiUdp.cpp:221] parsePacket(): could not receive data: 9
[ 34639][E][WiFiUdp.cpp:221] parsePacket(): could not receive data: 9
[ 34647][E][WiFiUdp.cpp:221] parsePacket(): could not receive data: 9
[ 34655][E][WiFiUdp.cpp:221] parsePacket(): could not receive data: 9
[ 34663][E][WiFiUdp.cpp:221] parsePacket(): could not receive data: 9
[ 34671][E][WiFiUdp.cpp:221] parsePacket(): could not receive data: 9
[ 34679][E][WiFiUdp.cpp:221] parsePacket(): could not receive data: 9
[ 34687][E][WiFiUdp.cpp:221] parsePacket(): could not receive data: 9
[ 34695][E][WiFiUdp.cpp:221] parsePacket(): could not receive data: 9
[ 34703][E][WiFiUdp.cpp:221] parsePacket(): could not receive data: 9
[ 34711][E][WiFiUdp.cpp:221] parsePacket(): could not receive data: 9
[ 34719][E][WiFiUdp.cpp:221] parsePacket(): could not receive data: 9
[ 34727][E][WiFiUdp.cpp:221] parsePacket(): could not receive data: 9
[ 34735][E][WiFiUdp.cpp:221] parsePacket(): could not receive data: 9
[ 34743][E][WiFiUdp.cpp:221] parsePacket(): could not receive data: 9
[ 34751][E][WiFiUdp.cpp:221] parsePacket(): could not receive data: 9
[ 34759][E][WiFiUdp.cpp:221] parsePacket(): could not receive data: 9
[ 34767][E][WiFiUdp.cpp:221] parsePacket(): could not receive data: 9
[ 34775][E][WiFiUdp.cpp:221] parsePacket(): could not receive data: 9
[ 34783][E][WiFiUdp.cpp:221] parsePacket(): could not receive data: 9
[ 34791][E][WiFiUdp.cpp:221] parsePacket(): could not receive data: 9
[ 34799][E][WiFiUdp.cpp:221] parsePacket(): could not receive data: 9
[ 34807][E][WiFiUdp.cpp:221] parsePacket(): could not receive data: 9
[ 34815][E][WiFiUdp.cpp:221] parsePacket(): could not receive data: 9
[ 34823][E][WiFiUdp.cpp:221] parsePacket(): could not receive data: 9
[ 34831][E][WiFiUdp.cpp:221] parsePacket(): could not receive data: 9
[ 34839][E][WiFiUdp.cpp:221] parsePacket(): could not receive data: 9
[ 34847][E][WiFiUdp.cpp:221] parsePacket(): could not receive data: 9
[ 34855][E][WiFiUdp.cpp:221] parsePacket(): could not receive data: 9
[ 34863][E][WiFiUdp.cpp:221] parsePacket(): could not receive data: 9
[ 34871][E][WiFiUdp.cpp:221] parsePacket(): could not receive data: 9
[ 34879][E][WiFiUdp.cpp:221] parsePacket(): could not receive data: 9
[ 34887][E][WiFiUdp.cpp:221] parsePacket(): could not receive data: 9
[ 34895][E][WiFiUdp.cpp:221] parsePacket(): could not receive data: 9
[ 34903][E][WiFiUdp.cpp:221] parsePacket(): could not receive data: 9
[ 34911][E][WiFiUdp.cpp:221] parsePacket(): could not receive data: 9
[ 34919][E][WiFiUdp.cpp:221] parsePacket(): could not receive data: 9
[ 34927][E][WiFiUdp.cpp:221] parsePacket(): could not receive data: 9
[ 34935][E][WiFiUdp.cpp:221] parsePacket(): could not receive data: 9
[ 34943][E][WiFiUdp.cpp:221] parsePacket(): could not receive data: 9
[ 34951][E][WiFiUdp.cpp:221] parsePacket(): could not receive data: 9
[ 34959][E][WiFiUdp.cpp:221] parsePacket(): could not receive data: 9
[ 34967][E][WiFiUdp.cpp:221] parsePacket(): could not receive data: 9
[ 34975][E][WiFiUdp.cpp:221] parsePacket(): could not receive data: 9
[ 34983][E][WiFiUdp.cpp:221] parsePacket(): could not receive data: 9
[ 34991][E][WiFiUdp.cpp:221] parsePacket(): could not receive data: 9
[ 34999][E][WiFiUdp.cpp:221] parsePacket(): could not receive data: 9
[ 35007][E][WiFiUdp.cpp:221] parsePacket(): could not receive data: 9
[ 35015][E][WiFiUdp.cpp:221] parsePacket(): could not receive data: 9
[ 35023][E][WiFiUdp.cpp:221] parsePacket(): could not receive data: 9
[ 35031][E][WiFiUdp.cpp:221] parsePacket(): could not receive data: 9
[ 35039][E][WiFiUdp.cpp:221] parsePacket(): could not receive data: 9
[ 35047][E][WiFiUdp.cpp:221] parsePacket(): could not receive data: 9
[ 35055][E][WiFiUdp.cpp:221] parsePacket(): could not receive data: 9
[ 35063][E][WiFiUdp.cpp:221] parsePacket(): could not receive data: 9
[ 35071][E][WiFiUdp.cpp:221] parsePacket(): could not receive data: 9
[ 35079][E][WiFiUdp.cpp:221] parsePacket(): could not receive data: 9
[ 35087][E][WiFiUdp.cpp:221] parsePacket(): could not receive data: 9
[ 35095][E][WiFiUdp.cpp:221] parsePacket(): could not receive data: 9
[ 35103][E][WiFiUdp.cpp:221] parsePacket(): could not receive data: 9
[ 35111][E][WiFiUdp.cpp:221] parsePacket(): could not receive data: 9
[ 35119][E][WiFiUdp.cpp:221] parsePacket(): could not receive data: 9
[ 35127][E][WiFiUdp.cpp:221] parsePacket(): could not receive data: 9
[ 35135][E][WiFiUdp.cpp:221] parsePacket(): could not receive data: 9
[ 35143][E][WiFiUdp.cpp:221] parsePacket(): could not receive data: 9
[ 35151][E][WiFiUdp.cpp:221] parsePacket(): could not receive data: 9
[ 35159][E][WiFiUdp.cpp:221] parsePacket(): could not receive data: 9
[ 35167][E][WiFiUdp.cpp:221] parsePacket(): could not receive data: 9
[ 35175][E][WiFiUdp.cpp:221] parsePacket(): could not receive data: 9
[ 35183][E][WiFiUdp.cpp:221] parsePacket(): could not receive data: 9
[ 35191][E][WiFiUdp.cpp:221] parsePacket(): could not receive data: 9
[ 35199][E][WiFiUdp.cpp:221] parsePacket(): could not receive data: 9
[ 35207][E][WiFiUdp.cpp:221] parsePacket(): could not receive data: 9
[ 35215][E][WiFiUdp.cpp:221] parsePacket(): could not receive data: 9
[ 35223][E][WiFiUdp.cpp:221] parsePacket(): could not receive data: 9
[ 35231][E][WiFiUdp.cpp:221] parsePacket(): could not receive data: 9
[ 35239][E][WiFiUdp.cpp:221] parsePacket(): could not receive data: 9
[ 35247][E][WiFiUdp.cpp:221] parsePacket(): could not receive data: 9
[ 35255][E][WiFiUdp.cpp:221] parsePacket(): could not receive data: 9
[ 35263][E][WiFiUdp.cpp:221] parsePacket(): could not receive data: 9
[ 35271][E][WiFiUdp.cpp:221] parsePacket(): could not receive data: 9
[ 35279][E][WiFiUdp.cpp:221] parsePacket(): could not receive data: 9
[ 35287][E][WiFiUdp.cpp:221] parsePacket(): could not receive data: 9
[ 35295][E][WiFiUdp.cpp:221] parsePacket(): could not receive data: 9
[ 35303][E][WiFiUdp.cpp:221] parsePacket(): could not receive data: 9
[ 35311][E][WiFiUdp.cpp:221] parsePacket(): could not receive data: 9
[ 35319][E][WiFiUdp.cpp:221] parsePacket(): could not receive data: 9
[ 35327][E][WiFiUdp.cpp:221] parsePacket(): could not receive data: 9
[ 35335][E][WiFiUdp.cpp:221] parsePacket(): could not receive data: 9
[ 35343][E][WiFiUdp.cpp:221] parsePacket(): could not receive data: 9
[ 35351][E][WiFiUdp.cpp:221] parsePacket(): could not receive data: 9
[ 35359][E][WiFiUdp.cpp:221] parsePacket(): could not receive data: 9
[ 35367][E][WiFiUdp.cpp:221] parsePacket(): could not receive data: 9
[ 35375][E][WiFiUdp.cpp:221] parsePacket(): could not receive data: 9
[ 35383][E][WiFiUdp.cpp:221] parsePacket(): could not receive data: 9
[ 35391][E][WiFiUdp.cpp:221] parsePacket(): could not receive data: 9
[ 35399][E][WiFiUdp.cpp:221] parsePacket(): could not receive data: 9
[ 35407][E][WiFiUdp.cpp:221] parsePacket(): could not receive data: 9
[ 35415][E][WiFiUdp.cpp:221] parsePacket(): could not receive data: 9
[ 35423][E][WiFiUdp.cpp:221] parsePacket(): could not receive data: 9
[ 35431][E][WiFiUdp.cpp:221] parsePacket(): could not receive data: 9
[ 35439][E][WiFiUdp.cpp:221] parsePacket(): could not receive data: 9
[ 35447][E][WiFiUdp.cpp:221] parsePacket(): could not receive data: 9
[ 35455][E][WiFiUdp.cpp:221] parsePacket(): could not receive data: 9
[ 35463][E][WiFiUdp.cpp:221] parsePacket(): could not receive data: 9
[ 35471][E][WiFiUdp.cpp:221] parsePacket(): could not receive data: 9
[ 35479][E][WiFiUdp.cpp:221] parsePacket(): could not receive data: 9
[ 35487][E][WiFiUdp.cpp:221] parsePacket(): could not receive data: 9
[ 35495][E][WiFiUdp.cpp:221] parsePacket(): could not receive data: 9
[ 35503][E][WiFiUdp.cpp:221] parsePacket(): could not receive data: 9
[ 35511][E][WiFiUdp.cpp:221] parsePacket(): could not receive data: 9
[ 35519][E][WiFiUdp.cpp:221] parsePacket(): could not receive data: 9
[ 35527][E][WiFiUdp.cpp:221] parsePacket(): could not receive data: 9
[ 35535][E][WiFiUdp.cpp:221] parsePacket(): could not receive data: 9
[ 35543][E][WiFiUdp.cpp:221] parsePacket(): could not receive data: 9
[ 35551][E][WiFiUdp.cpp:221] parsePacket(): could not receive data: 9
[ 35559][E][WiFiUdp.cpp:221] parsePacket(): could not receive data: 9
[ 35567][E][WiFiUdp.cpp:221] parsePacket(): could not receive data: 9
[ 35575][E][WiFiUdp.cpp:221] parsePacket(): could not receive data: 9
[ 35583][E][WiFiUdp.cpp:221] parsePacket(): could not receive data: 9
[ 35591][E][WiFiUdp.cpp:221] parsePacket(): could not receive data: 9
[ 35599][E][WiFiUdp.cpp:221] parsePacket(): could not receive data: 9
[ 35607][E][WiFiUdp.cpp:221] parsePacket(): could not receive data: 9
[ 35615][E][WiFiUdp.cpp:221] parsePacket(): could not receive data: 9
[ 35623][E][WiFiUdp.cpp:221] parsePacket(): could not receive data: 9
[ 35631][E][WiFiUdp.cpp:221] parsePacket(): could not receive data: 9
[ 35639][E][WiFiUdp.cpp:221] parsePacket(): could not receive data: 9
[ 35647][E][WiFiUdp.cpp:221] parsePacket(): could not receive data: 9
[ 35655][E][WiFiUdp.cpp:221] parsePacket(): could not receive data: 9
[ 35663][E][WiFiUdp.cpp:221] parsePacket(): could not receive data: 9
[ 35671][E][WiFiUdp.cpp:221] parsePacket(): could not receive data: 9
[ 35679][E][WiFiUdp.cpp:221] parsePacket(): could not receive data: 9
[ 35687][E][WiFiUdp.cpp:221] parsePacket(): could not receive data: 9
[ 35695][E][WiFiUdp.cpp:221] parsePacket(): could not receive data: 9
[ 35703][E][WiFiUdp.cpp:221] parsePacket(): could not receive data: 9
[ 35711][E][WiFiUdp.cpp:221] parsePacket(): could not receive data: 9
[ 35719][E][WiFiUdp.cpp:221] parsePacket(): could not receive data: 9
[ 35727][E][WiFiUdp.cpp:221] parsePacket(): could not receive data: 9
[ 35735][E][WiFiUdp.cpp:221] parsePacket(): could not receive data: 9
[ 35743][E][WiFiUdp.cpp:221] parsePacket(): could not receive data: 9
[ 35751][E][WiFiUdp.cpp:221] parsePacket(): could not receive data: 9
[ 35759][E][WiFiUdp.cpp:221] parsePacket(): could not receive data: 9
[ 35767][E][WiFiUdp.cpp:221] parsePacket(): could not receive data: 9
[ 35775][E][WiFiUdp.cpp:221] parsePacket(): could not receive data: 9
[ 35783][E][WiFiUdp.cpp:221] parsePacket(): could not receive data: 9
[ 35791][E][WiFiUdp.cpp:221] parsePacket(): could not receive data: 9
[ 35799][E][WiFiUdp.cpp:221] parsePacket(): could not receive data: 9
[ 35807][E][WiFiUdp.cpp:221] parsePacket(): could not receive data: 9
[ 35815][E][WiFiUdp.cpp:221] parsePacket(): could not receive data: 9
[ 35823][E][WiFiUdp.cpp:221] parsePacket(): could not receive data: 9
[ 35831][E][WiFiUdp.cpp:221] parsePacket(): could not receive data: 9
[ 35839][E][WiFiUdp.cpp:221] parsePacket(): could not receive data: 9
[ 35847][E][WiFiUdp.cpp:221] parsePacket(): could not receive data: 9
[ 35855][E][WiFiUdp.cpp:221] parsePacket(): could not receive data: 9
[ 35863][E][WiFiUdp.cpp:221] parsePacket(): could not receive data: 9
[ 35871][E][WiFiUdp.cpp:221] parsePacket(): could not receive data: 9
[ 35879][E][WiFiUdp.cpp:221] parsePacket(): could not receive data: 9
[ 35887][E][WiFiUdp.cpp:221] parsePacket(): could not receive data: 9
[ 35895][E][WiFiUdp.cpp:221] parsePacket(): could not receive data: 9
[ 35903][E][WiFiUdp.cpp:221] parsePacket(): could not receive data: 9
[ 35911][E][WiFiUdp.cpp:221] parsePacket(): could not receive data: 9
[ 35919][E][WiFiUdp.cpp:221] parsePacket(): could not receive data: 9
[ 35927][E][WiFiUdp.cpp:221] parsePacket(): could not receive data: 9
[ 35935][E][WiFiUdp.cpp:221] parsePacket(): could not receive data: 9
[ 35943][E][WiFiUdp.cpp:221] parsePacket(): could not receive data: 9
[ 35951][E][WiFiUdp.cpp:221] parsePacket(): could not receive data: 9
[ 35959][E][WiFiUdp.cpp:221] parsePacket(): could not receive data: 9
[ 35967][E][WiFiUdp.cpp:221] parsePacket(): could not receive data: 9
[ 35975][E][WiFiUdp.cpp:221] parsePacket(): could not receive data: 9
[ 35983][E][WiFiUdp.cpp:221] parsePacket(): could not receive data: 9
[ 35991][E][WiFiUdp.cpp:221] parsePacket(): could not receive data: 9
[ 35999][E][WiFiUdp.cpp:221] parsePacket(): could not receive data: 9
[ 36007][E][WiFiUdp.cpp:221] parsePacket(): could not receive data: 9
[ 36015][E][WiFiUdp.cpp:221] parsePacket(): could not receive data: 9
[ 36023][E][WiFiUdp.cpp:221] parsePacket(): could not receive data: 9
[ 36031][E][WiFiUdp.cpp:221] parsePacket(): could not receive data: 9
[ 36039][E][WiFiUdp.cpp:221] parsePacket(): could not receive data: 9
[ 36047][E][WiFiUdp.cpp:221] parsePacket(): could not receive data: 9
[ 36055][E][WiFiUdp.cpp:221] parsePacket(): could not receive data: 9
[ 36063][E][WiFiUdp.cpp:221] parsePacket(): could not receive data: 9
[ 36071][E][WiFiUdp.cpp:221] parsePacket(): could not receive data: 9
[ 36079][E][WiFiUdp.cpp:221] parsePacket(): could not receive data: 9
[ 36087][E][WiFiUdp.cpp:221] parsePacket(): could not receive data: 9
[ 36095][E][WiFiUdp.cpp:221] parsePacket(): could not receive data: 9
[ 36103][E][WiFiUdp.cpp:221] parsePacket(): could not receive data: 9
[ 36111][E][WiFiUdp.cpp:221] parsePacket(): could not receive data: 9
[ 36119][E][WiFiUdp.cpp:221] parsePacket(): could not receive data: 9
[ 36127][E][WiFiUdp.cpp:221] parsePacket(): could not receive data: 9
[ 36135][E][WiFiUdp.cpp:221] parsePacket(): could not receive data: 9
[ 36143][E][WiFiUdp.cpp:221] parsePacket(): could not receive data: 9
[ 36151][E][WiFiUdp.cpp:221] parsePacket(): could not receive data: 9
[ 36159][E][WiFiUdp.cpp:221] parsePacket(): could not receive data: 9
[ 36167][E][WiFiUdp.cpp:221] parsePacket(): could not receive data: 9
[ 36175][E][WiFiUdp.cpp:221] parsePacket(): could not receive data: 9
[ 36183][E][WiFiUdp.cpp:221] parsePacket(): could not receive data: 9
[ 36191][E][WiFiUdp.cpp:221] parsePacket(): could not receive data: 9
[ 36199][E][WiFiUdp.cpp:221] parsePacket(): could not receive data: 9
[ 36207][E][WiFiUdp.cpp:221] parsePacket(): could not receive data: 9
[ 36215][E][WiFiUdp.cpp:221] parsePacket(): could not receive data: 9
[ 36223][E][WiFiUdp.cpp:221] parsePacket(): could not receive data: 9
[ 36231][E][WiFiUdp.cpp:221] parsePacket(): could not receive data: 9
[ 36239][E][WiFiUdp.cpp:221] parsePacket(): could not receive data: 9
[ 36247][E][WiFiUdp.cpp:221] parsePacket(): could not receive data: 9
[ 36255][E][WiFiUdp.cpp:221] parsePacket(): could not receive data: 9
[ 36263][E][WiFiUdp.cpp:221] parsePacket(): could not receive data: 9
[ 36271][E][WiFiUdp.cpp:221] parsePacket(): could not receive data: 9
[ 36279][E][WiFiUdp.cpp:221] parsePacket(): could not receive data: 9
[ 36287][E][WiFiUdp.cpp:221] parsePacket(): could not receive data: 9
[ 36295][E][WiFiUdp.cpp:221] parsePacket(): could not receive data: 9
[ 36303][E][WiFiUdp.cpp:221] parsePacket(): could not receive data: 9
[ 36311][E][WiFiUdp.cpp:221] parsePacket(): could not receive data: 9
[ 36319][E][WiFiUdp.cpp:221] parsePacket(): could not receive data: 9
[ 36327][E][WiFiUdp.cpp:221] parsePacket(): could not receive data: 9
[ 36335][E][WiFiUdp.cpp:221] parsePacket(): could not receive data: 9
[ 36343][E][WiFiUdp.cpp:221] parsePacket(): could not receive data: 9
[ 36351][E][WiFiUdp.cpp:221] parsePacket(): could not receive data: 9
[ 36359][E][WiFiUdp.cpp:221] parsePacket(): could not receive data: 9
[ 36367][E][WiFiUdp.cpp:221] parsePacket(): could not receive data: 9
[ 36375][E][WiFiUdp.cpp:221] parsePacket(): could not receive data: 9
[ 36383][E][WiFiUdp.cpp:221] parsePacket(): could not receive data: 9
[ 36391][E][WiFiUdp.cpp:221] parsePacket(): could not receive data: 9
[ 36399][E][WiFiUdp.cpp:221] parsePacket(): could not receive data: 9
[ 36407][E][WiFiUdp.cpp:221] parsePacket(): could not receive data: 9
[ 36415][E][WiFiUdp.cpp:221] parsePacket(): could not receive data: 9
[ 36423][E][WiFiUdp.cpp:221] parsePacket(): could not receive data: 9
[ 36431][E][WiFiUdp.cpp:221] parsePacket(): could not receive data: 9
[ 36439][E][WiFiUdp.cpp:221] parsePacket(): could not receive data: 9
[ 36447][E][WiFiUdp.cpp:221] parsePacket(): could not receive data: 9
[ 36455][E][WiFiUdp.cpp:221] parsePacket(): could not receive data: 9
[ 36463][E][WiFiUdp.cpp:221] parsePacket(): could not receive data: 9
[ 36471][E][WiFiUdp.cpp:221] parsePacket(): could not receive data: 9
[ 36479][E][WiFiUdp.cpp:221] parsePacket(): could not receive data: 9
[ 36487][E][WiFiUdp.cpp:221] parsePacket(): could not receive data: 9
[ 36495][E][WiFiUdp.cpp:221] parsePacket(): could not receive data: 9
[ 36503][E][WiFiUdp.cpp:221] parsePacket(): could not receive data: 9
[ 36511][E][WiFiUdp.cpp:221] parsePacket(): could not receive data: 9
[ 36519][E][WiFiUdp.cpp:221] parsePacket(): could not receive data: 9
[ 36527][E][WiFiUdp.cpp:221] parsePacket(): could not receive data: 9
[ 36535][E][WiFiUdp.cpp:221] parsePacket(): could not receive data: 9
[ 36543][E][WiFiUdp.cpp:221] parsePacket(): could not receive data: 9
[ 36551][E][WiFiUdp.cpp:221] parsePacket(): could not receive data: 9
[ 36559][E][WiFiUdp.cpp:221] parsePacket(): could not receive data: 9
[ 36567][E][WiFiUdp.cpp:221] parsePacket(): could not receive data: 9
[ 36575][E][WiFiUdp.cpp:221] parsePacket(): could not receive data: 9
[ 36583][E][WiFiUdp.cpp:221] parsePacket(): could not receive data: 9
[ 36591][E][WiFiUdp.cpp:221] parsePacket(): could not receive data: 9
[ 36599][E][WiFiUdp.cpp:221] parsePacket(): could not receive data: 9
[ 36607][E][WiFiUdp.cpp:221] parsePacket(): could not receive data: 9
[ 36615][E][WiFiUdp.cpp:221] parsePacket(): could not receive data: 9
[ 36623][E][WiFiUdp.cpp:221] parsePacket(): could not receive data: 9
[ 36631][E][WiFiUdp.cpp:221] parsePacket(): could not receive data: 9
[ 36639][E][WiFiUdp.cpp:221] parsePacket(): could not receive data: 9
[ 36647][E][WiFiUdp.cpp:221] parsePacket(): could not receive data: 9
[ 36655][E][WiFiUdp.cpp:221] parsePacket(): could not receive data: 9
[ 36663][E][WiFiUdp.cpp:221] parsePacket(): could not receive data: 9
[ 36671][E][WiFiUdp.cpp:221] parsePacket(): could not receive data: 9
[ 36679][E][WiFiUdp.cpp:221] parsePacket(): could not receive data: 9
[ 36687][E][WiFiUdp.cpp:221] parsePacket(): could not receive data: 9
[ 36695][E][WiFiUdp.cpp:221] parsePacket(): could not receive data: 9
[ 36703][E][WiFiUdp.cpp:221] parsePacket(): could not receive data: 9
No Sensor found on bus! Rescanning...
No Sensor found on bus! Rescanning...
[ 37016][E][WiFiUdp.cpp:221] parsePacket(): could not receive data: 9
[ 37024][E][WiFiUdp.cpp:221] parsePacket(): could not receive data: 9
[ 37032][E][WiFiUdp.cpp:221] parsePacket(): could not receive data: 9
[ 37040][E][WiFiUdp.cpp:221] parsePacket(): could not receive data: 9
[ 37048][E][WiFiUdp.cpp:221] parsePacket(): could not receive data: 9
[ 37056][E][WiFiUdp.cpp:221] parsePacket(): could not receive data: 9
[ 37064][E][WiFiUdp.cpp:221] parsePacket(): could not receive data: 9
[ 37072][E][WiFiUdp.cpp:221] parsePacket(): could not receive data: 9
[ 37080][E][WiFiUdp.cpp:221] parsePacket(): could not receive data: 9
[ 37088][E][WiFiUdp.cpp:221] parsePacket(): could not receive data: 9
[ 37096][E][WiFiUdp.cpp:221] parsePacket(): could not receive data: 9
[ 37104][E][WiFiUdp.cpp:221] parsePacket(): could not receive data: 9
[ 37112][E][WiFiUdp.cpp:221] parsePacket(): could not receive data: 9
[ 37120][E][WiFiUdp.cpp:221] parsePacket(): could not receive data: 9
[ 37128][E][WiFiUdp.cpp:221] parsePacket(): could not receive data: 9
[ 37136][E][WiFiUdp.cpp:221] parsePacket(): could not receive data: 9
[ 37144][E][WiFiUdp.cpp:221] parsePacket(): could not receive data: 9
[ 37152][E][WiFiUdp.cpp:221] parsePacket(): could not receive data: 9
[ 37160][E][WiFiUdp.cpp:221] parsePacket(): could not receive data: 9
[ 37168][E][WiFiUdp.cpp:221] parsePacket(): could not receive data: 9
[ 37176][E][WiFiUdp.cpp:221] parsePacket(): could not receive data: 9
[ 37184][E][WiFiUdp.cpp:221] parsePacket(): could not receive data: 9
[ 37192][E][WiFiUdp.cpp:221] parsePacket(): could not receive data: 9
[ 37200][E][WiFiUdp.cpp:221] parsePacket(): could not receive data: 9
[ 37208][E][WiFiUdp.cpp:221] parsePacket(): could not receive data: 9
[ 37216][E][WiFiUdp.cpp:221] parsePacket(): could not receive data: 9
[ 37224][E][WiFiUdp.cpp:221] parsePacket(): could not receive data: 9
[ 37232][E][WiFiUdp.cpp:221] parsePacket(): could not receive data: 9
[ 37240][E][WiFiUdp.cpp:221] parsePacket(): could not receive data: 9
[ 37248][E][WiFiUdp.cpp:221] parsePacket(): could not receive data: 9
[ 37256][E][WiFiUdp.cpp:221] parsePacket(): could not receive data: 9
[ 37264][E][WiFiUdp.cpp:221] parsePacket(): could not receive data: 9
[ 37272][E][WiFiUdp.cpp:221] parsePacket(): could not receive data: 9
[ 37280][E][WiFiUdp.cpp:221] parsePacket(): could not receive data: 9
[ 37288][E][WiFiUdp.cpp:221] parsePacket(): could not receive data: 9
[ 37296][E][WiFiUdp.cpp:221] parsePacket(): could not receive data: 9
[ 37304][E][WiFiUdp.cpp:221] parsePacket(): could not receive data: 9
[ 37312][E][WiFiUdp.cpp:221] parsePacket(): could not receive data: 9
[ 37320][E][WiFiUdp.cpp:221] parsePacket(): could not receive data: 9
[ 37328][E][WiFiUdp.cpp:221] parsePacket(): could not receive data: 9
[ 37336][E][WiFiUdp.cpp:221] parsePacket(): could not receive data: 9
[ 37344][E][WiFiUdp.cpp:221] parsePacket(): could not receive data: 9
[ 37352][E][WiFiUdp.cpp:221] parsePacket(): could not receive data: 9
[ 37360][E][WiFiUdp.cpp:221] parsePacket(): could not receive data: 9
[ 37368][E][WiFiUdp.cpp:221] parsePacket(): could not receive data: 9
[ 37376][E][WiFiUdp.cpp:221] parsePacket(): could not receive data: 9
[ 37384][E][WiFiUdp.cpp:221] parsePacket(): could not receive data: 9
[ 37392][E][WiFiUdp.cpp:221] parsePacket(): could not receive data: 9
[ 37400][E][WiFiUdp.cpp:221] parsePacket(): could not receive data: 9
[ 37408][E][WiFiUdp.cpp:221] parsePacket(): could not receive data: 9
[ 37416][E][WiFiUdp.cpp:221] parsePacket(): could not receive data: 9
[ 37424][E][WiFiUdp.cpp:221] parsePacket(): could not receive data: 9
[ 37432][E][WiFiUdp.cpp:221] parsePacket(): could not receive data: 9
[ 37440][E][WiFiUdp.cpp:221] parsePacket(): could not receive data: 9
[ 37448][E][WiFiUdp.cpp:221] parsePacket(): could not receive data: 9
[ 37456][E][WiFiUdp.cpp:221] parsePacket(): could not receive data: 9
[ 37464][E][WiFiUdp.cpp:221] parsePacket(): could not receive data: 9
[ 37472][E][WiFiUdp.cpp:221] parsePacket(): could not receive data: 9
[ 37480][E][WiFiUdp.cpp:221] parsePacket(): could not receive data: 9
[ 37488][E][WiFiUdp.cpp:221] parsePacket(): could not receive data: 9
[ 37496][E][WiFiUdp.cpp:221] parsePacket(): could not receive data: 9
[ 37504][E][WiFiUdp.cpp:221] parsePacket(): could not receive data: 9
[ 37512][E][WiFiUdp.cpp:221] parsePacket(): could not receive data: 9
[ 37520][E][WiFiUdp.cpp:221] parsePacket(): could not receive data: 9
[ 37528][E][WiFiUdp.cpp:221] parsePacket(): could not receive data: 9
[ 37536][E][WiFiUdp.cpp:221] parsePacket(): could not receive data: 9
[ 37544][E][WiFiUdp.cpp:221] parsePacket(): could not receive data: 9
[ 37552][E][WiFiUdp.cpp:221] parsePacket(): could not receive data: 9
[ 37560][E][WiFiUdp.cpp:221] parsePacket(): could not receive data: 9
[ 37568][E][WiFiUdp.cpp:221] parsePacket(): could not receive data: 9
[ 37576][E][WiFiUdp.cpp:221] parsePacket(): could not receive data: 9
[ 37584][E][WiFiUdp.cpp:221] parsePacket(): could not receive data: 9
[ 37592][E][WiFiUdp.cpp:221] parsePacket(): could not receive data: 9
[ 37600][E][WiFiUdp.cpp:221] parsePacket(): could not receive data: 9
[ 37608][E][WiFiUdp.cpp:221] parsePacket(): could not receive data: 9
[ 37616][E][WiFiUdp.cpp:221] parsePacket(): could not receive data: 9
[ 37624][E][WiFiUdp.cpp:221] parsePacket(): could not receive data: 9
[ 37632][E][WiFiUdp.cpp:221] parsePacket(): could not receive data: 9
[ 37640][E][WiFiUdp.cpp:221] parsePacket(): could not receive data: 9
[ 37648][E][WiFiUdp.cpp:221] parsePacket(): could not receive data: 9
[ 37656][E][WiFiUdp.cpp:221] parsePacket(): could not receive data: 9
[ 37664][E][WiFiUdp.cpp:221] parsePacket(): could not receive data: 9
[ 37672][E][WiFiUdp.cpp:221] parsePacket(): could not receive data: 9
[ 37680][E][WiFiUdp.cpp:221] parsePacket(): could not receive data: 9
[ 37688][E][WiFiUdp.cpp:221] parsePacket(): could not receive data: 9
[ 37696][E][WiFiUdp.cpp:221] parsePacket(): could not receive data: 9
[ 37704][E][WiFiUdp.cpp:221] parsePacket(): could not receive data: 9
[ 37712][E][WiFiUdp.cpp:221] parsePacket(): could not receive data: 9
[ 37720][E][WiFiUdp.cpp:221] parsePacket(): could not receive data: 9
[ 37728][E][WiFiUdp.cpp:221] parsePacket(): could not receive data: 9
[ 37736][E][WiFiUdp.cpp:221] parsePacket(): could not receive data: 9
[ 37744][E][WiFiUdp.cpp:221] parsePacket(): could not receive data: 9
[ 37752][E][WiFiUdp.cpp:221] parsePacket(): could not receive data: 9
[ 37760][E][WiFiUdp.cpp:221] parsePacket(): could not receive data: 9
[ 37768][E][WiFiUdp.cpp:221] parsePacket(): could not receive data: 9
[ 37776][E][WiFiUdp.cpp:221] parsePacket(): could not receive data: 9
[ 37784][E][WiFiUdp.cpp:221] parsePacket(): could not receive data: 9
[ 37792][E][WiFiUdp.cpp:221] parsePacket(): could not receive data: 9
[ 37800][E][WiFiUdp.cpp:221] parsePacket(): could not receive data: 9
[ 37808][E][WiFiUdp.cpp:221] parsePacket(): could not receive data: 9
[ 37816][E][WiFiUdp.cpp:221] parsePacket(): could not receive data: 9
[ 37824][E][WiFiUdp.cpp:221] parsePacket(): could not receive data: 9
[ 37832][E][WiFiUdp.cpp:221] parsePacket(): could not receive data: 9
[ 37840][E][WiFiUdp.cpp:221] parsePacket(): could not receive data: 9
[ 37848][E][WiFiUdp.cpp:221] parsePacket(): could not receive data: 9
[ 37856][E][WiFiUdp.cpp:221] parsePacket(): could not receive data: 9
[ 37864][E][WiFiUdp.cpp:221] parsePacket(): could not receive data: 9
[ 37872][E][WiFiUdp.cpp:221] parsePacket(): could not receive data: 9
[ 37880][E][WiFiUdp.cpp:221] parsePacket(): could not receive data: 9
[ 37888][E][WiFiUdp.cpp:221] parsePacket(): could not receive data: 9
[ 37896][E][WiFiUdp.cpp:221] parsePacket(): could not receive data: 9
[ 37904][E][WiFiUdp.cpp:221] parsePacket(): could not receive data: 9
[ 37912][E][WiFiUdp.cpp:221] parsePacket(): could not receive data: 9
[ 37920][E][WiFiUdp.cpp:221] parsePacket(): could not receive data: 9
[ 37928][E][WiFiUdp.cpp:221] parsePacket(): could not receive data: 9
[ 37936][E][WiFiUdp.cpp:221] parsePacket(): could not receive data: 9
[ 37944][E][WiFiUdp.cpp:221] parsePacket(): could not receive data: 9
[ 37952][E][WiFiUdp.cpp:221] parsePacket(): could not receive data: 9
[ 37960][E][WiFiUdp.cpp:221] parsePacket(): could not receive data: 9
[ 37968][E][WiFiUdp.cpp:221] parsePacket(): could not receive data: 9
[ 37976][E][WiFiUdp.cpp:221] parsePacket(): could not receive data: 9
[ 37984][E][WiFiUdp.cpp:221] parsePacket(): could not receive data: 9
[ 37992][E][WiFiUdp.cpp:221] parsePacket(): could not receive data: 9
[ 38000][E][WiFiUdp.cpp:221] parsePacket(): could not receive data: 9
[ 38008][E][WiFiUdp.cpp:221] parsePacket(): could not receive data: 9
[ 38016][E][WiFiUdp.cpp:221] parsePacket(): could not receive data: 9
[ 38024][E][WiFiUdp.cpp:221] parsePacket(): could not receive data: 9
[ 38032][E][WiFiUdp.cpp:221] parsePacket(): could not receive data: 9
[ 38040][E][WiFiUdp.cpp:221] parsePacket(): could not receive data: 9
[ 38048][E][WiFiUdp.cpp:221] parsePacket(): could not receive data: 9
[ 38056][E][WiFiUdp.cpp:221] parsePacket(): could not receive data: 9
[ 38064][E][WiFiUdp.cpp:221] parsePacket(): could not receive data: 9
[ 38072][E][WiFiUdp.cpp:221] parsePacket(): could not receive data: 9
[ 38080][E][WiFiUdp.cpp:221] parsePacket(): could not receive data: 9
[ 38088][E][WiFiUdp.cpp:221] parsePacket(): could not receive data: 9
[ 38096][E][WiFiUdp.cpp:221] parsePacket(): could not receive data: 9
[ 38104][E][WiFiUdp.cpp:221] parsePacket(): could not receive data: 9
[ 38112][E][WiFiUdp.cpp:221] parsePacket(): could not receive data: 9
[ 38120][E][WiFiUdp.cpp:221] parsePacket(): could not receive data: 9
[ 38128][E][WiFiUdp.cpp:221] parsePacket(): could not receive data: 9
[ 38136][E][WiFiUdp.cpp:221] parsePacket(): could not receive data: 9
[ 38144][E][WiFiUdp.cpp:221] parsePacket(): could not receive data: 9
[ 38152][E][WiFiUdp.cpp:221] parsePacket(): could not receive data: 9
[ 38160][E][WiFiUdp.cpp:221] parsePacket(): could not receive data: 9
[ 38168][E][WiFiUdp.cpp:221] parsePacket(): could not receive data: 9
[ 38176][E][WiFiUdp.cpp:221] parsePacket(): could not receive data: 9
[ 38184][E][WiFiUdp.cpp:221] parsePacket(): could not receive data: 9
[ 38192][E][WiFiUdp.cpp:221] parsePacket(): could not receive data: 9
[ 38200][E][WiFiUdp.cpp:221] parsePacket(): could not receive data: 9
[ 38208][E][WiFiUdp.cpp:221] parsePacket(): could not receive data: 9
[ 38216][E][WiFiUdp.cpp:221] parsePacket(): could not receive data: 9
[ 38224][E][WiFiUdp.cpp:221] parsePacket(): could not receive data: 9
[ 38232][E][WiFiUdp.cpp:221] parsePacket(): could not receive data: 9
[ 38240][E][WiFiUdp.cpp:221] parsePacket(): could not receive data: 9
[ 38248][E][WiFiUdp.cpp:221] parsePacket(): could not receive data: 9
[ 38256][E][WiFiUdp.cpp:221] parsePacket(): could not receive data: 9
[ 38264][E][WiFiUdp.cpp:221] parsePacket(): could not receive data: 9
[ 38272][E][WiFiUdp.cpp:221] parsePacket(): could not receive data: 9
[ 38280][E][WiFiUdp.cpp:221] parsePacket(): could not receive data: 9
[ 38288][E][WiFiUdp.cpp:221] parsePacket(): could not receive data: 9
[ 38296][E][WiFiUdp.cpp:221] parsePacket(): could not receive data: 9
[ 38304][E][WiFiUdp.cpp:221] parsePacket(): could not receive data: 9
[ 38312][E][WiFiUdp.cpp:221] parsePacket(): could not receive data: 9
[ 38320][E][WiFiUdp.cpp:221] parsePacket(): could not receive data: 9
[ 38328][E][WiFiUdp.cpp:221] parsePacket(): could not receive data: 9
[ 38336][E][WiFiUdp.cpp:221] parsePacket(): could not receive data: 9
[ 38344][E][WiFiUdp.cpp:221] parsePacket(): could not receive data: 9
[ 38352][E][WiFiUdp.cpp:221] parsePacket(): could not receive data: 9
[ 38360][E][WiFiUdp.cpp:221] parsePacket(): could not receive data: 9
[ 38368][E][WiFiUdp.cpp:221] parsePacket(): could not receive data: 9
[ 38376][E][WiFiUdp.cpp:221] parsePacket(): could not receive data: 9
[ 38384][E][WiFiUdp.cpp:221] parsePacket(): could not receive data: 9
[ 38392][E][WiFiUdp.cpp:221] parsePacket(): could not receive data: 9
[ 38400][E][WiFiUdp.cpp:221] parsePacket(): could not receive data: 9
[ 38408][E][WiFiUdp.cpp:221] parsePacket(): could not receive data: 9
[ 38416][E][WiFiUdp.cpp:221] parsePacket(): could not receive data: 9
[ 38424][E][WiFiUdp.cpp:221] parsePacket(): could not receive data: 9
[ 38432][E][WiFiUdp.cpp:221] parsePacket(): could not receive data: 9
[ 38440][E][WiFiUdp.cpp:221] parsePacket(): could not receive data: 9
[ 38448][E][WiFiUdp.cpp:221] parsePacket(): could not receive data: 9
[ 38456][E][WiFiUdp.cpp:221] parsePacket(): could not receive data: 9
[ 38464][E][WiFiUdp.cpp:221] parsePacket(): could not receive data: 9
[ 38472][E][WiFiUdp.cpp:221] parsePacket(): could not receive data: 9
[ 38480][E][WiFiUdp.cpp:221] parsePacket(): could not receive data: 9
[ 38488][E][WiFiUdp.cpp:221] parsePacket(): could not receive data: 9
[ 38496][E][WiFiUdp.cpp:221] parsePacket(): could not receive data: 9
[ 38504][E][WiFiUdp.cpp:221] parsePacket(): could not receive data: 9
[ 38512][E][WiFiUdp.cpp:221] parsePacket(): could not receive data: 9
[ 38520][E][WiFiUdp.cpp:221] parsePacket(): could not receive data: 9
[ 38528][E][WiFiUdp.cpp:221] parsePacket(): could not receive data: 9
[ 38536][E][WiFiUdp.cpp:221] parsePacket(): could not receive data: 9
[ 38544][E][WiFiUdp.cpp:221] parsePacket(): could not receive data: 9
[ 38552][E][WiFiUdp.cpp:221] parsePacket(): could not receive data: 9
[ 38560][E][WiFiUdp.cpp:221] parsePacket(): could not receive data: 9
[ 38568][E][WiFiUdp.cpp:221] parsePacket(): could not receive data: 9
[ 38576][E][WiFiUdp.cpp:221] parsePacket(): could not receive data: 9
[ 38584][E][WiFiUdp.cpp:221] parsePacket(): could not receive data: 9
[ 38592][E][WiFiUdp.cpp:221] parsePacket(): could not receive data: 9
[ 38600][E][WiFiUdp.cpp:221] parsePacket(): could not receive data: 9
[ 38608][E][WiFiUdp.cpp:221] parsePacket(): could not receive data: 9
[ 38616][E][WiFiUdp.cpp:221] parsePacket(): could not receive data: 9
[ 38624][E][WiFiUdp.cpp:221] parsePacket(): could not receive data: 9
[ 38632][E][WiFiUdp.cpp:221] parsePacket(): could not receive data: 9
[ 38640][E][WiFiUdp.cpp:221] parsePacket(): could not receive data: 9
[ 38648][E][WiFiUdp.cpp:221] parsePacket(): could not receive data: 9
[ 38656][E][WiFiUdp.cpp:221] parsePacket(): could not receive data: 9
[ 38664][E][WiFiUdp.cpp:221] parsePacket(): could not receive data: 9
[ 38672][E][WiFiUdp.cpp:221] parsePacket(): could not receive data: 9
[ 38680][E][WiFiUdp.cpp:221] parsePacket(): could not receive data: 9
[ 38688][E][WiFiUdp.cpp:221] parsePacket(): could not receive data: 9
[ 38696][E][WiFiUdp.cpp:221] parsePacket(): could not receive data: 9
[ 38704][E][WiFiUdp.cpp:221] parsePacket(): could not receive data: 9
[ 38712][E][WiFiUdp.cpp:221] parsePacket(): could not receive data: 9
[ 38720][E][WiFiUdp.cpp:221] parsePacket(): could not receive data: 9
[ 38728][E][WiFiUdp.cpp:221] parsePacket(): could not receive data: 9
[ 38736][E][WiFiUdp.cpp:221] parsePacket(): could not receive data: 9
[ 38744][E][WiFiUdp.cpp:221] parsePacket(): could not receive data: 9
[ 38752][E][WiFiUdp.cpp:221] parsePacket(): could not receive data: 9
[ 38760][E][WiFiUdp.cpp:221] parsePacket(): could not receive data: 9
[ 38768][E][WiFiUdp.cpp:221] parsePacket(): could not receive data: 9
[ 38776][E][WiFiUdp.cpp:221] parsePacket(): could not receive data: 9
[ 38784][E][WiFiUdp.cpp:221] parsePacket(): could not receive data: 9
[ 38792][E][WiFiUdp.cpp:221] parsePacket(): could not receive data: 9
[ 38800][E][WiFiUdp.cpp:221] parsePacket(): could not receive data: 9
[ 38808][E][WiFiUdp.cpp:221] parsePacket(): could not receive data: 9
[ 38816][E][WiFiUdp.cpp:221] parsePacket(): could not receive data: 9
[ 38824][E][WiFiUdp.cpp:221] parsePacket(): could not receive data: 9
[ 38832][E][WiFiUdp.cpp:221] parsePacket(): could not receive data: 9
[ 38840][E][WiFiUdp.cpp:221] parsePacket(): could not receive data: 9
[ 38848][E][WiFiUdp.cpp:221] parsePacket(): could not receive data: 9
[ 38856][E][WiFiUdp.cpp:221] parsePacket(): could not receive data: 9
[ 38864][E][WiFiUdp.cpp:221] parsePacket(): could not receive data: 9
[ 38872][E][WiFiUdp.cpp:221] parsePacket(): could not receive data: 9
[ 38880][E][WiFiUdp.cpp:221] parsePacket(): could not receive data: 9
[ 38888][E][WiFiUdp.cpp:221] parsePacket(): could not receive data: 9
[ 38896][E][WiFiUdp.cpp:221] parsePacket(): could not receive data: 9
[ 38904][E][WiFiUdp.cpp:221] parsePacket(): could not receive data: 9
[ 38912][E][WiFiUdp.cpp:221] parsePacket(): could not receive data: 9
[ 38920][E][WiFiUdp.cpp:221] parsePacket(): could not receive data: 9
[ 38928][E][WiFiUdp.cpp:221] parsePacket(): could not receive data: 9
[ 38936][E][WiFiUdp.cpp:221] parsePacket(): could not receive data: 9
[ 38944][E][WiFiUdp.cpp:221] parsePacket(): could not receive data: 9
[ 38952][E][WiFiUdp.cpp:221] parsePacket(): could not receive data: 9
[ 38960][E][WiFiUdp.cpp:221] parsePacket(): could not receive data: 9
[ 38968][E][WiFiUdp.cpp:221] parsePacket(): could not receive data: 9
[ 38976][E][WiFiUdp.cpp:221] parsePacket(): could not receive data: 9
[ 38984][E][WiFiUdp.cpp:221] parsePacket(): could not receive data: 9
[ 38992][E][WiFiUdp.cpp:221] parsePacket(): could not receive data: 9
[ 39000][E][WiFiUdp.cpp:221] parsePacket(): could not receive data: 9
[ 39008][E][WiFiUdp.cpp:221] parsePacket(): could not receive data: 9
[ 39016][E][WiFiUdp.cpp:221] parsePacket(): could not receive data: 9
[ 39024][E][WiFiUdp.cpp:221] parsePacket(): could not receive data: 9
[ 39032][E][WiFiUdp.cpp:221] parsePacket(): could not receive data: 9
[ 39040][E][WiFiUdp.cpp:221] parsePacket(): could not receive data: 9
[ 39048][E][WiFiUdp.cpp:221] parsePacket(): could not receive data: 9
[ 39056][E][WiFiUdp.cpp:221] parsePacket(): could not receive data: 9
[ 39064][E][WiFiUdp.cpp:221] parsePacket(): could not receive data: 9
[ 39072][E][WiFiUdp.cpp:221] parsePacket(): could not receive data: 9
[ 39080][E][WiFiUdp.cpp:221] parsePacket(): could not receive data: 9
[ 39088][E][WiFiUdp.cpp:221] parsePacket(): could not receive data: 9
[ 39096][E][WiFiUdp.cpp:221] parsePacket(): could not receive data: 9
[ 39104][E][WiFiUdp.cpp:221] parsePacket(): could not receive data: 9
[ 39112][E][WiFiUdp.cpp:221] parsePacket(): could not receive data: 9
[ 39120][E][WiFiUdp.cpp:221] parsePacket(): could not receive data: 9
[ 39128][E][WiFiUdp.cpp:221] parsePacket(): could not receive data: 9
[ 39136][E][WiFiUdp.cpp:221] parsePacket(): could not receive data: 9
[ 39144][E][WiFiUdp.cpp:221] parsePacket(): could not receive data: 9
[ 39152][E][WiFiUdp.cpp:221] parsePacket(): could not receive data: 9
[ 39160][E][WiFiUdp.cpp:221] parsePacket(): could not receive data: 9
[ 39168][E][WiFiUdp.cpp:221] parsePacket(): could not receive data: 9
[ 39176][E][WiFiUdp.cpp:221] parsePacket(): could not receive data: 9
[ 39184][E][WiFiUdp.cpp:221] parsePacket(): could not receive data: 9
[ 39192][E][WiFiUdp.cpp:221] parsePacket(): could not receive data: 9
[ 39200][E][WiFiUdp.cpp:221] parsePacket(): could not receive data: 9
[ 39208][E][WiFiUdp.cpp:221] parsePacket(): could not receive data: 9
[ 39216][E][WiFiUdp.cpp:221] parsePacket(): could not receive data: 9
[ 39224][E][WiFiUdp.cpp:221] parsePacket(): could not receive data: 9
[ 39232][E][WiFiUdp.cpp:221] parsePacket(): could not receive data: 9
[ 39240][E][WiFiUdp.cpp:221] parsePacket(): could not receive data: 9
[ 39248][E][WiFiUdp.cpp:221] parsePacket(): could not receive data: 9
[ 39256][E][WiFiUdp.cpp:221] parsePacket(): could not receive data: 9
[ 39264][E][WiFiUdp.cpp:221] parsePacket(): could not receive data: 9
[ 39272][E][WiFiUdp.cpp:221] parsePacket(): could not receive data: 9
[ 39280][E][WiFiUdp.cpp:221] parsePacket(): could not receive data: 9
[ 39288][E][WiFiUdp.cpp:221] parsePacket(): could not receive data: 9
[ 39296][E][WiFiUdp.cpp:221] parsePacket(): could not receive data: 9
[ 39304][E][WiFiUdp.cpp:221] parsePacket(): could not receive data: 9
[ 39312][E][WiFiUdp.cpp:221] parsePacket(): could not receive data: 9
[ 39320][E][WiFiUdp.cpp:221] parsePacket(): could not receive data: 9
[ 39328][E][WiFiUdp.cpp:221] parsePacket(): could not receive data: 9
[ 39336][E][WiFiUdp.cpp:221] parsePacket(): could not receive data: 9
[ 39344][E][WiFiUdp.cpp:221] parsePacket(): could not receive data: 9
[ 39352][E][WiFiUdp.cpp:221] parsePacket(): could not receive data: 9
[ 39360][E][WiFiUdp.cpp:221] parsePacket(): could not receive data: 9
[ 39368][E][WiFiUdp.cpp:221] parsePacket(): could not receive data: 9
[ 39376][E][WiFiUdp.cpp:221] parsePacket(): could not receive data: 9
[ 39384][E][WiFiUdp.cpp:221] parsePacket(): could not receive data: 9
[ 39392][E][WiFiUdp.cpp:221] parsePacket(): could not receive data: 9
[ 39400][E][WiFiUdp.cpp:221] parsePacket(): could not receive data: 9
[ 39408][E][WiFiUdp.cpp:221] parsePacket(): could not receive data: 9
[ 39416][E][WiFiUdp.cpp:221] parsePacket(): could not receive data: 9
[ 39424][E][WiFiUdp.cpp:221] parsePacket(): could not receive data: 9
[ 39432][E][WiFiUdp.cpp:221] parsePacket(): could not receive data: 9
[ 39440][E][WiFiUdp.cpp:221] parsePacket(): could not receive data: 9
[ 39448][E][WiFiUdp.cpp:221] parsePacket(): could not receive data: 9
[ 39456][E][WiFiUdp.cpp:221] parsePacket(): could not receive data: 9
[ 39464][E][WiFiUdp.cpp:221] parsePacket(): could not receive data: 9
[ 39472][E][WiFiUdp.cpp:221] parsePacket(): could not receive data: 9
[ 39480][E][WiFiUdp.cpp:221] parsePacket(): could not receive data: 9
[ 39488][E][WiFiUdp.cpp:221] parsePacket(): could not receive data: 9
[ 39496][E][WiFiUdp.cpp:221] parsePacket(): could not receive data: 9
[ 39504][E][WiFiUdp.cpp:221] parsePacket(): could not receive data: 9
[ 39512][E][WiFiUdp.cpp:221] parsePacket(): could not receive data: 9
[ 39520][E][WiFiUdp.cpp:221] parsePacket(): could not receive data: 9
[ 39528][E][WiFiUdp.cpp:221] parsePacket(): could not receive data: 9
[ 39536][E][WiFiUdp.cpp:221] parsePacket(): could not receive data: 9
[ 39544][E][WiFiUdp.cpp:221] parsePacket(): could not receive data: 9
[ 39552][E][WiFiUdp.cpp:221] parsePacket(): could not receive data: 9
[ 39560][E][WiFiUdp.cpp:221] parsePacket(): could not receive data: 9
[ 39568][E][WiFiUdp.cpp:221] parsePacket(): could not receive data: 9
[ 39576][E][WiFiUdp.cpp:221] parsePacket(): could not receive data: 9
[ 39584][E][WiFiUdp.cpp:221] parsePacket(): could not receive data: 9
[ 39592][E][WiFiUdp.cpp:221] parsePacket(): could not receive data: 9
[ 39600][E][WiFiUdp.cpp:221] parsePacket(): could not receive data: 9
[ 39608][E][WiFiUdp.cpp:221] parsePacket(): could not receive data: 9
[ 39616][E][WiFiUdp.cpp:221] parsePacket(): could not receive data: 9
[ 39624][E][WiFiUdp.cpp:221] parsePacket(): could not receive data: 9
[ 39632][E][WiFiUdp.cpp:221] parsePacket(): could not receive data: 9
[ 39640][E][WiFiUdp.cpp:221] parsePacket(): could not receive data: 9
[ 39648][E][WiFiUdp.cpp:221] parsePacket(): could not receive data: 9
[ 39656][E][WiFiUdp.cpp:221] parsePacket(): could not receive data: 9
[ 39664][E][WiFiUdp.cpp:221] parsePacket(): could not receive data: 9
[ 39672][E][WiFiUdp.cpp:221] parsePacket(): could not receive data: 9
[ 39680][E][WiFiUdp.cpp:221] parsePacket(): could not receive data: 9
[ 39688][E][WiFiUdp.cpp:221] parsePacket(): could not receive data: 9
[ 39696][E][WiFiUdp.cpp:221] parsePacket(): could not receive data: 9
[ 39704][E][WiFiUdp.cpp:221] parsePacket(): could not receive data: 9
[ 39712][E][WiFiUdp.cpp:221] parsePacket(): could not receive data: 9
[ 39720][E][WiFiUdp.cpp:221] parsePacket(): could not receive data: 9
[ 39728][E][WiFiUdp.cpp:221] parsePacket(): could not receive data: 9
[ 39736][E][WiFiUdp.cpp:221] parsePacket(): could not receive data: 9
[ 39744][E][WiFiUdp.cpp:221] parsePacket(): could not receive data: 9
[ 39752][E][WiFiUdp.cpp:221] parsePacket(): could not receive data: 9
[ 39760][E][WiFiUdp.cpp:221] parsePacket(): could not receive data: 9
[ 39768][E][WiFiUdp.cpp:221] parsePacket(): could not receive data: 9
[ 39776][E][WiFiUdp.cpp:221] parsePacket(): could not receive data: 9
[ 39784][E][WiFiUdp.cpp:221] parsePacket(): could not receive data: 9
[ 39792][E][WiFiUdp.cpp:221] parsePacket(): could not receive data: 9
[ 39800][E][WiFiUdp.cpp:221] parsePacket(): could not receive data: 9
[ 39808][E][WiFiUdp.cpp:221] parsePacket(): could not receive data: 9
[ 39816][E][WiFiUdp.cpp:221] parsePacket(): could not receive data: 9
[ 39824][E][WiFiUdp.cpp:221] parsePacket(): could not receive data: 9
[ 39832][E][WiFiUdp.cpp:221] parsePacket(): could not receive data: 9
[ 39840][E][WiFiUdp.cpp:221] parsePacket(): could not receive data: 9
[ 39848][E][WiFiUdp.cpp:221] parsePacket(): could not receive data: 9
[ 39856][E][WiFiUdp.cpp:221] parsePacket(): could not receive data: 9
[ 39864][E][WiFiUdp.cpp:221] parsePacket(): could not receive data: 9
[ 39872][E][WiFiUdp.cpp:221] parsePacket(): could not receive data: 9
[ 39880][E][WiFiUdp.cpp:221] parsePacket(): could not receive data: 9
[ 39888][E][WiFiUdp.cpp:221] parsePacket(): could not receive data: 9
[ 39896][E][WiFiUdp.cpp:221] parsePacket(): could not receive data: 9
[ 39904][E][WiFiUdp.cpp:221] parsePacket(): could not receive data: 9
[ 39912][E][WiFiUdp.cpp:221] parsePacket(): could not receive data: 9
[ 39920][E][WiFiUdp.cpp:221] parsePacket(): could not receive data: 9
[ 39928][E][WiFiUdp.cpp:221] parsePacket(): could not receive data: 9
[ 39936][E][WiFiUdp.cpp:221] parsePacket(): could not receive data: 9
[ 39944][E][WiFiUdp.cpp:221] parsePacket(): could not receive data: 9
[ 39952][E][WiFiUdp.cpp:221] parsePacket(): could not receive data: 9
[ 39960][E][WiFiUdp.cpp:221] parsePacket(): could not receive data: 9
[ 39968][E][WiFiUdp.cpp:221] parsePacket(): could not receive data: 9
[ 39976][E][WiFiUdp.cpp:221] parsePacket(): could not receive data: 9
[ 39984][E][WiFiUdp.cpp:221] parsePacket(): could not receive data: 9
[ 39992][E][WiFiUdp.cpp:221] parsePacket(): could not receive data: 9
[ 40000][E][WiFiUdp.cpp:221] parsePacket(): could not receive data: 9
[ 40008][E][WiFiUdp.cpp:221] parsePacket(): could not receive data: 9
[ 40016][E][WiFiUdp.cpp:221] parsePacket(): could not receive data: 9
[ 40024][E][WiFiUdp.cpp:221] parsePacket(): could not receive data: 9
[ 40032][E][WiFiUdp.cpp:221] parsePacket(): could not receive data: 9
[ 40040][E][WiFiUdp.cpp:221] parsePacket(): could not receive data: 9
[ 40048][E][WiFiUdp.cpp:221] parsePacket(): could not receive data: 9
[ 40056][E][WiFiUdp.cpp:221] parsePacket(): could not receive data: 9
[ 40064][E][WiFiUdp.cpp:221] parsePacket(): could not receive data: 9
[ 40072][E][WiFiUdp.cpp:221] parsePacket(): could not receive data: 9
[ 40080][E][WiFiUdp.cpp:221] parsePacket(): could not receive data: 9
[ 40088][E][WiFiUdp.cpp:221] parsePacket(): could not receive data: 9
[ 40096][E][WiFiUdp.cpp:221] parsePacket(): could not receive data: 9
[ 40104][E][WiFiUdp.cpp:221] parsePacket(): could not receive data: 9
[ 40112][E][WiFiUdp.cpp:221] parsePacket(): could not receive data: 9
[ 40120][E][WiFiUdp.cpp:221] parsePacket(): could not receive data: 9
[ 40128][E][WiFiUdp.cpp:221] parsePacket(): could not receive data: 9
[ 40136][E][WiFiUdp.cpp:221] parsePacket(): could not receive data: 9
[ 40144][E][WiFiUdp.cpp:221] parsePacket(): could not receive data: 9
[ 40152][E][WiFiUdp.cpp:221] parsePacket(): could not receive data: 9
[ 40160][E][WiFiUdp.cpp:221] parsePacket(): could not receive data: 9
[ 40168][E][WiFiUdp.cpp:221] parsePacket(): could not receive data: 9
[ 40176][E][WiFiUdp.cpp:221] parsePacket(): could not receive data: 9
[ 40184][E][WiFiUdp.cpp:221] parsePacket(): could not receive data: 9
[ 40192][E][WiFiUdp.cpp:221] parsePacket(): could not receive data: 9
[ 40200][E][WiFiUdp.cpp:221] parsePacket(): could not receive data: 9
[ 40208][E][WiFiUdp.cpp:221] parsePacket(): could not receive data: 9
[ 40216][E][WiFiUdp.cpp:221] parsePacket(): could not receive data: 9
[ 40224][E][WiFiUdp.cpp:221] parsePacket(): could not receive data: 9
[ 40232][E][WiFiUdp.cpp:221] parsePacket(): could not receive data: 9
[ 40240][E][WiFiUdp.cpp:221] parsePacket(): could not receive data: 9
[ 40248][E][WiFiUdp.cpp:221] parsePacket(): could not receive data: 9
[ 40256][E][WiFiUdp.cpp:221] parsePacket(): could not receive data: 9
[ 40264][E][WiFiUdp.cpp:221] parsePacket(): could not receive data: 9
[ 40272][E][WiFiUdp.cpp:221] parsePacket(): could not receive data: 9
[ 40280][E][WiFiUdp.cpp:221] parsePacket(): could not receive data: 9
[ 40288][E][WiFiUdp.cpp:221] parsePacket(): could not receive data: 9
[ 40296][E][WiFiUdp.cpp:221] parsePacket(): could not receive data: 9
[ 40304][E][WiFiUdp.cpp:221] parsePacket(): could not receive data: 9
[ 40312][E][WiFiUdp.cpp:221] parsePacket(): could not receive data: 9
[ 40320][E][WiFiUdp.cpp:221] parsePacket(): could not receive data: 9
[ 40328][E][WiFiUdp.cpp:221] parsePacket(): could not receive data: 9
[ 40336][E][WiFiUdp.cpp:221] parsePacket(): could not receive data: 9
[ 40344][E][WiFiUdp.cpp:221] parsePacket(): could not receive data: 9
[ 40352][E][WiFiUdp.cpp:221] parsePacket(): could not receive data: 9
[ 40360][E][WiFiUdp.cpp:221] parsePacket(): could not receive data: 9
[ 40368][E][WiFiUdp.cpp:221] parsePacket(): could not receive data: 9
[ 40376][E][WiFiUdp.cpp:221] parsePacket(): could not receive data: 9
[ 40384][E][WiFiUdp.cpp:221] parsePacket(): could not receive data: 9
[ 40392][E][WiFiUdp.cpp:221] parsePacket(): could not receive data: 9
[ 40400][E][WiFiUdp.cpp:221] parsePacket(): could not receive data: 9
[ 40408][E][WiFiUdp.cpp:221] parsePacket(): could not receive data: 9
[ 40416][E][WiFiUdp.cpp:221] parsePacket(): could not receive data: 9
[ 40424][E][WiFiUdp.cpp:221] parsePacket(): could not receive data: 9
[ 40432][E][WiFiUdp.cpp:221] parsePacket(): could not receive data: 9
[ 40440][E][WiFiUdp.cpp:221] parsePacket(): could not receive data: 9
[ 40448][E][WiFiUdp.cpp:221] parsePacket(): could not receive data: 9
[ 40456][E][WiFiUdp.cpp:221] parsePacket(): could not receive data: 9
[ 40464][E][WiFiUdp.cpp:221] parsePacket(): could not receive data: 9
[ 40472][E][WiFiUdp.cpp:221] parsePacket(): could not receive data: 9
[ 40480][E][WiFiUdp.cpp:221] parsePacket(): could not receive data: 9
[ 40488][E][WiFiUdp.cpp:221] parsePacket(): could not receive data: 9
[ 40496][E][WiFiUdp.cpp:221] parsePacket(): could not receive data: 9
[ 40504][E][WiFiUdp.cpp:221] parsePacket(): could not receive data: 9
[ 40512][E][WiFiUdp.cpp:221] parsePacket(): could not receive data: 9
[ 40520][E][WiFiUdp.cpp:221] parsePacket(): could not receive data: 9
[ 40528][E][WiFiUdp.cpp:221] parsePacket(): could not receive data: 9
[ 40536][E][WiFiUdp.cpp:221] parsePacket(): could not receive data: 9
[ 40544][E][WiFiUdp.cpp:221] parsePacket(): could not receive data: 9
[ 40552][E][WiFiUdp.cpp:221] parsePacket(): could not receive data: 9
[ 40560][E][WiFiUdp.cpp:221] parsePacket(): could not receive data: 9
[ 40568][E][WiFiUdp.cpp:221] parsePacket(): could not receive data: 9
[ 40576][E][WiFiUdp.cpp:221] parsePacket(): could not receive data: 9
[ 40584][E][WiFiUdp.cpp:221] parsePacket(): could not receive data: 9
[ 40592][E][WiFiUdp.cpp:221] parsePacket(): could not receive data: 9
[ 40600][E][WiFiUdp.cpp:221] parsePacket(): could not receive data: 9
[ 40608][E][WiFiUdp.cpp:221] parsePacket(): could not receive data: 9
[ 40616][E][WiFiUdp.cpp:221] parsePacket(): could not receive data: 9
[ 40624][E][WiFiUdp.cpp:221] parsePacket(): could not receive data: 9
[ 40632][E][WiFiUdp.cpp:221] parsePacket(): could not receive data: 9
[ 40640][E][WiFiUdp.cpp:221] parsePacket(): could not receive data: 9
[ 40648][E][WiFiUdp.cpp:221] parsePacket(): could not receive data: 9
[ 40656][E][WiFiUdp.cpp:221] parsePacket(): could not receive data: 9
[ 40664][E][WiFiUdp.cpp:221] parsePacket(): could not receive data: 9
[ 40672][E][WiFiUdp.cpp:221] parsePacket(): could not receive data: 9
[ 40680][E][WiFiUdp.cpp:221] parsePacket(): could not receive data: 9
[ 40688][E][WiFiUdp.cpp:221] parsePacket(): could not receive data: 9
[ 40696][E][WiFiUdp.cpp:221] parsePacket(): could not receive data: 9
[ 40704][E][WiFiUdp.cpp:221] parsePacket(): could not receive data: 9
[ 40712][E][WiFiUdp.cpp:221] parsePacket(): could not receive data: 9
[ 40720][E][WiFiUdp.cpp:221] parsePacket(): could not receive data: 9
[ 40728][E][WiFiUdp.cpp:221] parsePacket(): could not receive data: 9
[ 40736][E][WiFiUdp.cpp:221] parsePacket(): could not receive data: 9
[ 40744][E][WiFiUdp.cpp:221] parsePacket(): could not receive data: 9
[ 40752][E][WiFiUdp.cpp:221] parsePacket(): could not receive data: 9
[ 40760][E][WiFiUdp.cpp:221] parsePacket(): could not receive data: 9
[ 40768][E][WiFiUdp.cpp:221] parsePacket(): could not receive data: 9
[ 40776][E][WiFiUdp.cpp:221] parsePacket(): could not receive data: 9
[ 40784][E][WiFiUdp.cpp:221] parsePacket(): could not receive data: 9
[ 40792][E][WiFiUdp.cpp:221] parsePacket(): could not receive data: 9
[ 40800][E][WiFiUdp.cpp:221] parsePacket(): could not receive data: 9
[ 40808][E][WiFiUdp.cpp:221] parsePacket(): could not receive data: 9
[ 40816][E][WiFiUdp.cpp:221] parsePacket(): could not receive data: 9
[ 40824][E][WiFiUdp.cpp:221] parsePacket(): could not receive data: 9
[ 40832][E][WiFiUdp.cpp:221] parsePacket(): could not receive data: 9
[ 40840][E][WiFiUdp.cpp:221] parsePacket(): could not receive data: 9
[ 40848][E][WiFiUdp.cpp:221] parsePacket(): could not receive data: 9
[ 40856][E][WiFiUdp.cpp:221] parsePacket(): could not receive data: 9
[ 40864][E][WiFiUdp.cpp:221] parsePacket(): could not receive data: 9
[ 40872][E][WiFiUdp.cpp:221] parsePacket(): could not receive data: 9
[ 40880][E][WiFiUdp.cpp:221] parsePacket(): could not receive data: 9
[ 40888][E][WiFiUdp.cpp:221] parsePacket(): could not receive data: 9
[ 40896][E][WiFiUdp.cpp:221] parsePacket(): could not receive data: 9
[ 40904][E][WiFiUdp.cpp:221] parsePacket(): could not receive data: 9
[ 40912][E][WiFiUdp.cpp:221] parsePacket(): could not receive data: 9
[ 40920][E][WiFiUdp.cpp:221] parsePacket(): could not receive data: 9
[ 40928][E][WiFiUdp.cpp:221] parsePacket(): could not receive data: 9
[ 40936][E][WiFiUdp.cpp:221] parsePacket(): could not receive data: 9
[ 40944][E][WiFiUdp.cpp:221] parsePacket(): could not receive data: 9
[ 40952][E][WiFiUdp.cpp:221] parsePacket(): could not receive data: 9
[ 40960][E][WiFiUdp.cpp:221] parsePacket(): could not receive data: 9
[ 40968][E][WiFiUdp.cpp:221] parsePacket(): could not receive data: 9
[ 40976][E][WiFiUdp.cpp:221] parsePacket(): could not receive data: 9
[ 40984][E][WiFiUdp.cpp:221] parsePacket(): could not receive data: 9
[ 40992][E][WiFiUdp.cpp:221] parsePacket(): could not receive data: 9
[ 41000][E][WiFiUdp.cpp:221] parsePacket(): could not receive data: 9
[ 41008][E][WiFiUdp.cpp:221] parsePacket(): could not receive data: 9
[ 41016][E][WiFiUdp.cpp:221] parsePacket(): could not receive data: 9
[ 41024][E][WiFiUdp.cpp:221] parsePacket(): could not receive data: 9
[ 41032][E][WiFiUdp.cpp:221] parsePacket(): could not receive data: 9
[ 41040][E][WiFiUdp.cpp:221] parsePacket(): could not receive data: 9
[ 41048][E][WiFiUdp.cpp:221] parsePacket(): could not receive data: 9
[ 41056][E][WiFiUdp.cpp:221] parsePacket(): could not receive data: 9
[ 41064][E][WiFiUdp.cpp:221] parsePacket(): could not receive data: 9
[ 41072][E][WiFiUdp.cpp:221] parsePacket(): could not receive data: 9
[ 41080][E][WiFiUdp.cpp:221] parsePacket(): could not receive data: 9
[ 41088][E][WiFiUdp.cpp:221] parsePacket(): could not receive data: 9
[ 41096][E][WiFiUdp.cpp:221] parsePacket(): could not receive data: 9
[ 41104][E][WiFiUdp.cpp:221] parsePacket(): could not receive data: 9
[ 41112][E][WiFiUdp.cpp:221] parsePacket(): could not receive data: 9
[ 41120][E][WiFiUdp.cpp:221] parsePacket(): could not receive data: 9
[ 41128][E][WiFiUdp.cpp:221] parsePacket(): could not receive data: 9
[ 41136][E][WiFiUdp.cpp:221] parsePacket(): could not receive data: 9
[ 41144][E][WiFiUdp.cpp:221] parsePacket(): could not receive data: 9
[ 41152][E][WiFiUdp.cpp:221] parsePacket(): could not receive data: 9
[ 41160][E][WiFiUdp.cpp:221] parsePacket(): could not receive data: 9
[ 41168][E][WiFiUdp.cpp:221] parsePacket(): could not receive data: 9
[ 41176][E][WiFiUdp.cpp:221] parsePacket(): could not receive data: 9
[ 41184][E][WiFiUdp.cpp:221] parsePacket(): could not receive data: 9
[ 41192][E][WiFiUdp.cpp:221] parsePacket(): could not receive data: 9
[ 41200][E][WiFiUdp.cpp:221] parsePacket(): could not receive data: 9
[ 41208][E][WiFiUdp.cpp:221] parsePacket(): could not receive data: 9
[ 41216][E][WiFiUdp.cpp:221] parsePacket(): could not receive data: 9
[ 41224][E][WiFiUdp.cpp:221] parsePacket(): could not receive data: 9
[ 41232][E][WiFiUdp.cpp:221] parsePacket(): could not receive data: 9
[ 41240][E][WiFiUdp.cpp:221] parsePacket(): could not receive data: 9
[ 41248][E][WiFiUdp.cpp:221] parsePacket(): could not receive data: 9
[ 41256][E][WiFiUdp.cpp:221] parsePacket(): could not receive data: 9
[ 41264][E][WiFiUdp.cpp:221] parsePacket(): could not receive data: 9
[ 41272][E][WiFiUdp.cpp:221] parsePacket(): could not receive data: 9
[ 41280][E][WiFiUdp.cpp:221] parsePacket(): could not receive data: 9
[ 41288][E][WiFiUdp.cpp:221] parsePacket(): could not receive data: 9
[ 41296][E][WiFiUdp.cpp:221] parsePacket(): could not receive data: 9
[ 41304][E][WiFiUdp.cpp:221] parsePacket(): could not receive data: 9
[ 41312][E][WiFiUdp.cpp:221] parsePacket(): could not receive data: 9
[ 41320][E][WiFiUdp.cpp:221] parsePacket(): could not receive data: 9
[ 41328][E][WiFiUdp.cpp:221] parsePacket(): could not receive data: 9
[ 41336][E][WiFiUdp.cpp:221] parsePacket(): could not receive data: 9
[ 41344][E][WiFiUdp.cpp:221] parsePacket(): could not receive data: 9
[ 41352][E][WiFiUdp.cpp:221] parsePacket(): could not receive data: 9
[ 41360][E][WiFiUdp.cpp:221] parsePacket(): could not receive data: 9
[ 41368][E][WiFiUdp.cpp:221] parsePacket(): could not receive data: 9
[ 41376][E][WiFiUdp.cpp:221] parsePacket(): could not receive data: 9
[ 41384][E][WiFiUdp.cpp:221] parsePacket(): could not receive data: 9
[ 41392][E][WiFiUdp.cpp:221] parsePacket(): could not receive data: 9
[ 41400][E][WiFiUdp.cpp:221] parsePacket(): could not receive data: 9
[ 41408][E][WiFiUdp.cpp:221] parsePacket(): could not receive data: 9
[ 41416][E][WiFiUdp.cpp:221] parsePacket(): could not receive data: 9
[ 41424][E][WiFiUdp.cpp:221] parsePacket(): could not receive data: 9
[ 41432][E][WiFiUdp.cpp:221] parsePacket(): could not receive data: 9
[ 41440][E][WiFiUdp.cpp:221] parsePacket(): could not receive data: 9
[ 41448][E][WiFiUdp.cpp:221] parsePacket(): could not receive data: 9
[ 41456][E][WiFiUdp.cpp:221] parsePacket(): could not receive data: 9
[ 41464][E][WiFiUdp.cpp:221] parsePacket(): could not receive data: 9
[ 41472][E][WiFiUdp.cpp:221] parsePacket(): could not receive data: 9
[ 41480][E][WiFiUdp.cpp:221] parsePacket(): could not receive data: 9
[ 41488][E][WiFiUdp.cpp:221] parsePacket(): could not receive data: 9
[ 41496][E][WiFiUdp.cpp:221] parsePacket(): could not receive data: 9
[ 41504][E][WiFiUdp.cpp:221] parsePacket(): could not receive data: 9
[ 41512][E][WiFiUdp.cpp:221] parsePacket(): could not receive data: 9
[ 41520][E][WiFiUdp.cpp:221] parsePacket(): could not receive data: 9
[ 41528][E][WiFiUdp.cpp:221] parsePacket(): could not receive data: 9
[ 41536][E][WiFiUdp.cpp:221] parsePacket(): could not receive data: 9
[ 41544][E][WiFiUdp.cpp:221] parsePacket(): could not receive data: 9
[ 41552][E][WiFiUdp.cpp:221] parsePacket(): could not receive data: 9
[ 41560][E][WiFiUdp.cpp:221] parsePacket(): could not receive data: 9
[ 41568][E][WiFiUdp.cpp:221] parsePacket(): could not receive data: 9
[ 41576][E][WiFiUdp.cpp:221] parsePacket(): could not receive data: 9
[ 41584][E][WiFiUdp.cpp:221] parsePacket(): could not receive data: 9
[ 41592][E][WiFiUdp.cpp:221] parsePacket(): could not receive data: 9
[ 41600][E][WiFiUdp.cpp:221] parsePacket(): could not receive data: 9
[ 41608][E][WiFiUdp.cpp:221] parsePacket(): could not receive data: 9
[ 41616][E][WiFiUdp.cpp:221] parsePacket(): could not receive data: 9
[ 41624][E][WiFiUdp.cpp:221] parsePacket(): could not receive data: 9
[ 41632][E][WiFiUdp.cpp:221] parsePacket(): could not receive data: 9
[ 41640][E][WiFiUdp.cpp:221] parsePacket(): could not receive data: 9
[ 41648][E][WiFiUdp.cpp:221] parsePacket(): could not receive data: 9
[ 41656][E][WiFiUdp.cpp:221] parsePacket(): could not receive data: 9
[ 41664][E][WiFiUdp.cpp:221] parsePacket(): could not receive data: 9
[ 41672][E][WiFiUdp.cpp:221] parsePacket(): could not receive data: 9
[ 41680][E][WiFiUdp.cpp:221] parsePacket(): could not receive data: 9
[ 41688][E][WiFiUdp.cpp:221] parsePacket(): could not receive data: 9
[ 41696][E][WiFiUdp.cpp:221] parsePacket(): could not receive data: 9
[ 41704][E][WiFiUdp.cpp:221] parsePacket(): could not receive data: 9
No Sensor found on bus! Rescanning...
No Sensor found on bus! Rescanning...
[ 42017][E][WiFiUdp.cpp:221] parsePacket(): could not receive data: 9
[ 42025][E][WiFiUdp.cpp:221] parsePacket(): could not receive data: 9
[ 42033][E][WiFiUdp.cpp:221] parsePacket(): could not receive data: 9
[ 42041][E][WiFiUdp.cpp:221] parsePacket(): could not receive data: 9
[ 42049][E][WiFiUdp.cpp:221] parsePacket(): could not receive data: 9
[ 42057][E][WiFiUdp.cpp:221] parsePacket(): could not receive data: 9
[ 42065][E][WiFiUdp.cpp:221] parsePacket(): could not receive data: 9
[ 42073][E][WiFiUdp.cpp:221] parsePacket(): could not receive data: 9
[ 42081][E][WiFiUdp.cpp:221] parsePacket(): could not receive data: 9
[ 42089][E][WiFiUdp.cpp:221] parsePacket(): could not receive data: 9
[ 42097][E][WiFiUdp.cpp:221] parsePacket(): could not receive data: 9
[ 42105][E][WiFiUdp.cpp:221] parsePacket(): could not receive data: 9
[ 42113][E][WiFiUdp.cpp:221] parsePacket(): could not receive data: 9
[ 42121][E][WiFiUdp.cpp:221] parsePacket(): could not receive data: 9
[ 42129][E][WiFiUdp.cpp:221] parsePacket(): could not receive data: 9
[ 42137][E][WiFiUdp.cpp:221] parsePacket(): could not receive data: 9
[ 42145][E][WiFiUdp.cpp:221] parsePacket(): could not receive data: 9
[ 42153][E][WiFiUdp.cpp:221] parsePacket(): could not receive data: 9
[ 42161][E][WiFiUdp.cpp:221] parsePacket(): could not receive data: 9
[ 42169][E][WiFiUdp.cpp:221] parsePacket(): could not receive data: 9
[ 42177][E][WiFiUdp.cpp:221] parsePacket(): could not receive data: 9
[ 42185][E][WiFiUdp.cpp:221] parsePacket(): could not receive data: 9
[ 42193][E][WiFiUdp.cpp:221] parsePacket(): could not receive data: 9
[ 42201][E][WiFiUdp.cpp:221] parsePacket(): could not receive data: 9
[ 42209][E][WiFiUdp.cpp:221] parsePacket(): could not receive data: 9
[ 42217][E][WiFiUdp.cpp:221] parsePacket(): could not receive data: 9
[ 42225][E][WiFiUdp.cpp:221] parsePacket(): could not receive data: 9
[ 42233][E][WiFiUdp.cpp:221] parsePacket(): could not receive data: 9
[ 42241][E][WiFiUdp.cpp:221] parsePacket(): could not receive data: 9
[ 42249][E][WiFiUdp.cpp:221] parsePacket(): could not receive data: 9
[ 42257][E][WiFiUdp.cpp:221] parsePacket(): could not receive data: 9
[ 42265][E][WiFiUdp.cpp:221] parsePacket(): could not receive data: 9
[ 42273][E][WiFiUdp.cpp:221] parsePacket(): could not receive data: 9
[ 42281][E][WiFiUdp.cpp:221] parsePacket(): could not receive data: 9
[ 42289][E][WiFiUdp.cpp:221] parsePacket(): could not receive data: 9
[ 42297][E][WiFiUdp.cpp:221] parsePacket(): could not receive data: 9
[ 42305][E][WiFiUdp.cpp:221] parsePacket(): could not receive data: 9
[ 42313][E][WiFiUdp.cpp:221] parsePacket(): could not receive data: 9
[ 42321][E][WiFiUdp.cpp:221] parsePacket(): could not receive data: 9
[ 42329][E][WiFiUdp.cpp:221] parsePacket(): could not receive data: 9
[ 42337][E][WiFiUdp.cpp:221] parsePacket(): could not receive data: 9
[ 42345][E][WiFiUdp.cpp:221] parsePacket(): could not receive data: 9
[ 42353][E][WiFiUdp.cpp:221] parsePacket(): could not receive data: 9
[ 42361][E][WiFiUdp.cpp:221] parsePacket(): could not receive data: 9
[ 42369][E][WiFiUdp.cpp:221] parsePacket(): could not receive data: 9
[ 42377][E][WiFiUdp.cpp:221] parsePacket(): could not receive data: 9
[ 42385][E][WiFiUdp.cpp:221] parsePacket(): could not receive data: 9
[ 42393][E][WiFiUdp.cpp:221] parsePacket(): could not receive data: 9
[ 42401][E][WiFiUdp.cpp:221] parsePacket(): could not receive data: 9
[ 42409][E][WiFiUdp.cpp:221] parsePacket(): could not receive data: 9
[ 42417][E][WiFiUdp.cpp:221] parsePacket(): could not receive data: 9
[ 42425][E][WiFiUdp.cpp:221] parsePacket(): could not receive data: 9
[ 42433][E][WiFiUdp.cpp:221] parsePacket(): could not receive data: 9
[ 42441][E][WiFiUdp.cpp:221] parsePacket(): could not receive data: 9
[ 42449][E][WiFiUdp.cpp:221] parsePacket(): could not receive data: 9
[ 42457][E][WiFiUdp.cpp:221] parsePacket(): could not receive data: 9
[ 42465][E][WiFiUdp.cpp:221] parsePacket(): could not receive data: 9
[ 42473][E][WiFiUdp.cpp:221] parsePacket(): could not receive data: 9
[ 42481][E][WiFiUdp.cpp:221] parsePacket(): could not receive data: 9
[ 42489][E][WiFiUdp.cpp:221] parsePacket(): could not receive data: 9
[ 42497][E][WiFiUdp.cpp:221] parsePacket(): could not receive data: 9
[ 42505][E][WiFiUdp.cpp:221] parsePacket(): could not receive data: 9
[ 42513][E][WiFiUdp.cpp:221] parsePacket(): could not receive data: 9
[ 42521][E][WiFiUdp.cpp:221] parsePacket(): could not receive data: 9
[ 42529][E][WiFiUdp.cpp:221] parsePacket(): could not receive data: 9
[ 42537][E][WiFiUdp.cpp:221] parsePacket(): could not receive data: 9
[ 42545][E][WiFiUdp.cpp:221] parsePacket(): could not receive data: 9
[ 42553][E][WiFiUdp.cpp:221] parsePacket(): could not receive data: 9
[ 42561][E][WiFiUdp.cpp:221] parsePacket(): could not receive data: 9
[ 42569][E][WiFiUdp.cpp:221] parsePacket(): could not receive data: 9
[ 42577][E][WiFiUdp.cpp:221] parsePacket(): could not receive data: 9
[ 42585][E][WiFiUdp.cpp:221] parsePacket(): could not receive data: 9
[ 42593][E][WiFiUdp.cpp:221] parsePacket(): could not receive data: 9
[ 42601][E][WiFiUdp.cpp:221] parsePacket(): could not receive data: 9
[ 42609][E][WiFiUdp.cpp:221] parsePacket(): could not receive data: 9
[ 42617][E][WiFiUdp.cpp:221] parsePacket(): could not receive data: 9
[ 42625][E][WiFiUdp.cpp:221] parsePacket(): could not receive data: 9
[ 42633][E][WiFiUdp.cpp:221] parsePacket(): could not receive data: 9
[ 42641][E][WiFiUdp.cpp:221] parsePacket(): could not receive data: 9
[ 42649][E][WiFiUdp.cpp:221] parsePacket(): could not receive data: 9
[ 42657][E][WiFiUdp.cpp:221] parsePacket(): could not receive data: 9
[ 42665][E][WiFiUdp.cpp:221] parsePacket(): could not receive data: 9
[ 42673][E][WiFiUdp.cpp:221] parsePacket(): could not receive data: 9
[ 42681][E][WiFiUdp.cpp:221] parsePacket(): could not receive data: 9
[ 42689][E][WiFiUdp.cpp:221] parsePacket(): could not receive data: 9
[ 42697][E][WiFiUdp.cpp:221] parsePacket(): could not receive data: 9
[ 42705][E][WiFiUdp.cpp:221] parsePacket(): could not receive data: 9
[ 42713][E][WiFiUdp.cpp:221] parsePacket(): could not receive data: 9
[ 42721][E][WiFiUdp.cpp:221] parsePacket(): could not receive data: 9
[ 42729][E][WiFiUdp.cpp:221] parsePacket(): could not receive data: 9
[ 42737][E][WiFiUdp.cpp:221] parsePacket(): could not receive data: 9
[ 42745][E][WiFiUdp.cpp:221] parsePacket(): could not receive data: 9
[ 42753][E][WiFiUdp.cpp:221] parsePacket(): could not receive data: 9
[ 42761][E][WiFiUdp.cpp:221] parsePacket(): could not receive data: 9
[ 42769][E][WiFiUdp.cpp:221] parsePacket(): could not receive data: 9
[ 42777][E][WiFiUdp.cpp:221] parsePacket(): could not receive data: 9
[ 42785][E][WiFiUdp.cpp:221] parsePacket(): could not receive data: 9
[ 42793][E][WiFiUdp.cpp:221] parsePacket(): could not receive data: 9
[ 42801][E][WiFiUdp.cpp:221] parsePacket(): could not receive data: 9
[ 42809][E][WiFiUdp.cpp:221] parsePacket(): could not receive data: 9
[ 42817][E][WiFiUdp.cpp:221] parsePacket(): could not receive data: 9
[ 42825][E][WiFiUdp.cpp:221] parsePacket(): could not receive data: 9
[ 42833][E][WiFiUdp.cpp:221] parsePacket(): could not receive data: 9
[ 42841][E][WiFiUdp.cpp:221] parsePacket(): could not receive data: 9
[ 42849][E][WiFiUdp.cpp:221] parsePacket(): could not receive data: 9
[ 42857][E][WiFiUdp.cpp:221] parsePacket(): could not receive data: 9
[ 42865][E][WiFiUdp.cpp:221] parsePacket(): could not receive data: 9
[ 42873][E][WiFiUdp.cpp:221] parsePacket(): could not receive data: 9
[ 42881][E][WiFiUdp.cpp:221] parsePacket(): could not receive data: 9
[ 42889][E][WiFiUdp.cpp:221] parsePacket(): could not receive data: 9
[ 42897][E][WiFiUdp.cpp:221] parsePacket(): could not receive data: 9
[ 42905][E][WiFiUdp.cpp:221] parsePacket(): could not receive data: 9
[ 42913][E][WiFiUdp.cpp:221] parsePacket(): could not receive data: 9
[ 42921][E][WiFiUdp.cpp:221] parsePacket(): could not receive data: 9
[ 42929][E][WiFiUdp.cpp:221] parsePacket(): could not receive data: 9
[ 42937][E][WiFiUdp.cpp:221] parsePacket(): could not receive data: 9
[ 42945][E][WiFiUdp.cpp:221] parsePacket(): could not receive data: 9
[ 42953][E][WiFiUdp.cpp:221] parsePacket(): could not receive data: 9
[ 42961][E][WiFiUdp.cpp:221] parsePacket(): could not receive data: 9
[ 42969][E][WiFiUdp.cpp:221] parsePacket(): could not receive data: 9
[ 42977][E][WiFiUdp.cpp:221] parsePacket(): could not receive data: 9
[ 42985][E][WiFiUdp.cpp:221] parsePacket(): could not receive data: 9
[ 42993][E][WiFiUdp.cpp:221] parsePacket(): could not receive data: 9
[ 43001][E][WiFiUdp.cpp:221] parsePacket(): could not receive data: 9
[ 43009][E][WiFiUdp.cpp:221] parsePacket(): could not receive data: 9
[ 43017][E][WiFiUdp.cpp:221] parsePacket(): could not receive data: 9
[ 43025][E][WiFiUdp.cpp:221] parsePacket(): could not receive data: 9
[ 43033][E][WiFiUdp.cpp:221] parsePacket(): could not receive data: 9
[ 43041][E][WiFiUdp.cpp:221] parsePacket(): could not receive data: 9
[ 43049][E][WiFiUdp.cpp:221] parsePacket(): could not receive data: 9
[ 43057][E][WiFiUdp.cpp:221] parsePacket(): could not receive data: 9
[ 43065][E][WiFiUdp.cpp:221] parsePacket(): could not receive data: 9
[ 43073][E][WiFiUdp.cpp:221] parsePacket(): could not receive data: 9
[ 43081][E][WiFiUdp.cpp:221] parsePacket(): could not receive data: 9
[ 43089][E][WiFiUdp.cpp:221] parsePacket(): could not receive data: 9
[ 43097][E][WiFiUdp.cpp:221] parsePacket(): could not receive data: 9
[ 43105][E][WiFiUdp.cpp:221] parsePacket(): could not receive data: 9
[ 43113][E][WiFiUdp.cpp:221] parsePacket(): could not receive data: 9
[ 43121][E][WiFiUdp.cpp:221] parsePacket(): could not receive data: 9
[ 43129][E][WiFiUdp.cpp:221] parsePacket(): could not receive data: 9
[ 43137][E][WiFiUdp.cpp:221] parsePacket(): could not receive data: 9
[ 43145][E][WiFiUdp.cpp:221] parsePacket(): could not receive data: 9
[ 43153][E][WiFiUdp.cpp:221] parsePacket(): could not receive data: 9
[ 43161][E][WiFiUdp.cpp:221] parsePacket(): could not receive data: 9
[ 43169][E][WiFiUdp.cpp:221] parsePacket(): could not receive data: 9
[ 43177][E][WiFiUdp.cpp:221] parsePacket(): could not receive data: 9
[ 43185][E][WiFiUdp.cpp:221] parsePacket(): could not receive data: 9
[ 43193][E][WiFiUdp.cpp:221] parsePacket(): could not receive data: 9
[ 43201][E][WiFiUdp.cpp:221] parsePacket(): could not receive data: 9
[ 43209][E][WiFiUdp.cpp:221] parsePacket(): could not receive data: 9
[ 43217][E][WiFiUdp.cpp:221] parsePacket(): could not receive data: 9
[ 43225][E][WiFiUdp.cpp:221] parsePacket(): could not receive data: 9
[ 43233][E][WiFiUdp.cpp:221] parsePacket(): could not receive data: 9
[ 43241][E][WiFiUdp.cpp:221] parsePacket(): could not receive data: 9
[ 43249][E][WiFiUdp.cpp:221] parsePacket(): could not receive data: 9
[ 43257][E][WiFiUdp.cpp:221] parsePacket(): could not receive data: 9
[ 43265][E][WiFiUdp.cpp:221] parsePacket(): could not receive data: 9
[ 43273][E][WiFiUdp.cpp:221] parsePacket(): could not receive data: 9
[ 43281][E][WiFiUdp.cpp:221] parsePacket(): could not receive data: 9
[ 43289][E][WiFiUdp.cpp:221] parsePacket(): could not receive data: 9
[ 43297][E][WiFiUdp.cpp:221] parsePacket(): could not receive data: 9
[ 43305][E][WiFiUdp.cpp:221] parsePacket(): could not receive data: 9
[ 43313][E][WiFiUdp.cpp:221] parsePacket(): could not receive data: 9
[ 43321][E][WiFiUdp.cpp:221] parsePacket(): could not receive data: 9
[ 43329][E][WiFiUdp.cpp:221] parsePacket(): could not receive data: 9
[ 43337][E][WiFiUdp.cpp:221] parsePacket(): could not receive data: 9
[ 43345][E][WiFiUdp.cpp:221] parsePacket(): could not receive data: 9
[ 43353][E][WiFiUdp.cpp:221] parsePacket(): could not receive data: 9
[ 43361][E][WiFiUdp.cpp:221] parsePacket(): could not receive data: 9
[ 43369][E][WiFiUdp.cpp:221] parsePacket(): could not receive data: 9
[ 43377][E][WiFiUdp.cpp:221] parsePacket(): could not receive data: 9
[ 43385][E][WiFiUdp.cpp:221] parsePacket(): could not receive data: 9
[ 43393][E][WiFiUdp.cpp:221] parsePacket(): could not receive data: 9
[ 43401][E][WiFiUdp.cpp:221] parsePacket(): could not receive data: 9
[ 43409][E][WiFiUdp.cpp:221] parsePacket(): could not receive data: 9
[ 43417][E][WiFiUdp.cpp:221] parsePacket(): could not receive data: 9
[ 43425][E][WiFiUdp.cpp:221] parsePacket(): could not receive data: 9
[ 43433][E][WiFiUdp.cpp:221] parsePacket(): could not receive data: 9
[ 43441][E][WiFiUdp.cpp:221] parsePacket(): could not receive data: 9
[ 43449][E][WiFiUdp.cpp:221] parsePacket(): could not receive data: 9
[ 43457][E][WiFiUdp.cpp:221] parsePacket(): could not receive data: 9
[ 43465][E][WiFiUdp.cpp:221] parsePacket(): could not receive data: 9
[ 43473][E][WiFiUdp.cpp:221] parsePacket(): could not receive data: 9
[ 43481][E][WiFiUdp.cpp:221] parsePacket(): could not receive data: 9
[ 43489][E][WiFiUdp.cpp:221] parsePacket(): could not receive data: 9
[ 43497][E][WiFiUdp.cpp:221] parsePacket(): could not receive data: 9
[ 43505][E][WiFiUdp.cpp:221] parsePacket(): could not receive data: 9
[ 43513][E][WiFiUdp.cpp:221] parsePacket(): could not receive data: 9
[ 43521][E][WiFiUdp.cpp:221] parsePacket(): could not receive data: 9
[ 43529][E][WiFiUdp.cpp:221] parsePacket(): could not receive data: 9
[ 43537][E][WiFiUdp.cpp:221] parsePacket(): could not receive data: 9
[ 43545][E][WiFiUdp.cpp:221] parsePacket(): could not receive data: 9
[ 43553][E][WiFiUdp.cpp:221] parsePacket(): could not receive data: 9
[ 43561][E][WiFiUdp.cpp:221] parsePacket(): could not receive data: 9
[ 43569][E][WiFiUdp.cpp:221] parsePacket(): could not receive data: 9
[ 43577][E][WiFiUdp.cpp:221] parsePacket(): could not receive data: 9
[ 43585][E][WiFiUdp.cpp:221] parsePacket(): could not receive data: 9
[ 43593][E][WiFiUdp.cpp:221] parsePacket(): could not receive data: 9
[ 43601][E][WiFiUdp.cpp:221] parsePacket(): could not receive data: 9
[ 43609][E][WiFiUdp.cpp:221] parsePacket(): could not receive data: 9
[ 43617][E][WiFiUdp.cpp:221] parsePacket(): could not receive data: 9
[ 43625][E][WiFiUdp.cpp:221] parsePacket(): could not receive data: 9
[ 43633][E][WiFiUdp.cpp:221] parsePacket(): could not receive data: 9
[ 43641][E][WiFiUdp.cpp:221] parsePacket(): could not receive data: 9
[ 43649][E][WiFiUdp.cpp:221] parsePacket(): could not receive data: 9
[ 43657][E][WiFiUdp.cpp:221] parsePacket(): could not receive data: 9
[ 43665][E][WiFiUdp.cpp:221] parsePacket(): could not receive data: 9
[ 43673][E][WiFiUdp.cpp:221] parsePacket(): could not receive data: 9
[ 43681][E][WiFiUdp.cpp:221] parsePacket(): could not receive data: 9
[ 43689][E][WiFiUdp.cpp:221] parsePacket(): could not receive data: 9
[ 43697][E][WiFiUdp.cpp:221] parsePacket(): could not receive data: 9
[ 43705][E][WiFiUdp.cpp:221] parsePacket(): could not receive data: 9
[ 43713][E][WiFiUdp.cpp:221] parsePacket(): could not receive data: 9
[ 43721][E][WiFiUdp.cpp:221] parsePacket(): could not receive data: 9
[ 43729][E][WiFiUdp.cpp:221] parsePacket(): could not receive data: 9
[ 43737][E][WiFiUdp.cpp:221] parsePacket(): could not receive data: 9
[ 43745][E][WiFiUdp.cpp:221] parsePacket(): could not receive data: 9
[ 43753][E][WiFiUdp.cpp:221] parsePacket(): could not receive data: 9
[ 43761][E][WiFiUdp.cpp:221] parsePacket(): could not receive data: 9
[ 43769][E][WiFiUdp.cpp:221] parsePacket(): could not receive data: 9
[ 43777][E][WiFiUdp.cpp:221] parsePacket(): could not receive data: 9
[ 43785][E][WiFiUdp.cpp:221] parsePacket(): could not receive data: 9
[ 43793][E][WiFiUdp.cpp:221] parsePacket(): could not receive data: 9
[ 43801][E][WiFiUdp.cpp:221] parsePacket(): could not receive data: 9
[ 43809][E][WiFiUdp.cpp:221] parsePacket(): could not receive data: 9
[ 43817][E][WiFiUdp.cpp:221] parsePacket(): could not receive data: 9
[ 43825][E][WiFiUdp.cpp:221] parsePacket(): could not receive data: 9
[ 43833][E][WiFiUdp.cpp:221] parsePacket(): could not receive data: 9
[ 43841][E][WiFiUdp.cpp:221] parsePacket(): could not receive data: 9
[ 43849][E][WiFiUdp.cpp:221] parsePacket(): could not receive data: 9
[ 43857][E][WiFiUdp.cpp:221] parsePacket(): could not receive data: 9
[ 43865][E][WiFiUdp.cpp:221] parsePacket(): could not receive data: 9
[ 43873][E][WiFiUdp.cpp:221] parsePacket(): could not receive data: 9
[ 43881][E][WiFiUdp.cpp:221] parsePacket(): could not receive data: 9
[ 43889][E][WiFiUdp.cpp:221] parsePacket(): could not receive data: 9
[ 43897][E][WiFiUdp.cpp:221] parsePacket(): could not receive data: 9
[ 43905][E][WiFiUdp.cpp:221] parsePacket(): could not receive data: 9
[ 43913][E][WiFiUdp.cpp:221] parsePacket(): could not receive data: 9
[ 43921][E][WiFiUdp.cpp:221] parsePacket(): could not receive data: 9
[ 43929][E][WiFiUdp.cpp:221] parsePacket(): could not receive data: 9
[ 43937][E][WiFiUdp.cpp:221] parsePacket(): could not receive data: 9
[ 43945][E][WiFiUdp.cpp:221] parsePacket(): could not receive data: 9
[ 43953][E][WiFiUdp.cpp:221] parsePacket(): could not receive data: 9
[ 43961][E][WiFiUdp.cpp:221] parsePacket(): could not receive data: 9
[ 43969][E][WiFiUdp.cpp:221] parsePacket(): could not receive data: 9
[ 43977][E][WiFiUdp.cpp:221] parsePacket(): could not receive data: 9
[ 43985][E][WiFiUdp.cpp:221] parsePacket(): could not receive data: 9
[ 43993][E][WiFiUdp.cpp:221] parsePacket(): could not receive data: 9
[ 44001][E][WiFiUdp.cpp:221] parsePacket(): could not receive data: 9
[ 44009][E][WiFiUdp.cpp:221] parsePacket(): could not receive data: 9
[ 44017][E][WiFiUdp.cpp:221] parsePacket(): could not receive data: 9
[ 44025][E][WiFiUdp.cpp:221] parsePacket(): could not receive data: 9
[ 44033][E][WiFiUdp.cpp:221] parsePacket(): could not receive data: 9
[ 44041][E][WiFiUdp.cpp:221] parsePacket(): could not receive data: 9
[ 44049][E][WiFiUdp.cpp:221] parsePacket(): could not receive data: 9
[ 44057][E][WiFiUdp.cpp:221] parsePacket(): could not receive data: 9
[ 44065][E][WiFiUdp.cpp:221] parsePacket(): could not receive data: 9
[ 44073][E][WiFiUdp.cpp:221] parsePacket(): could not receive data: 9
[ 44081][E][WiFiUdp.cpp:221] parsePacket(): could not receive data: 9
[ 44089][E][WiFiUdp.cpp:221] parsePacket(): could not receive data: 9
[ 44097][E][WiFiUdp.cpp:221] parsePacket(): could not receive data: 9
[ 44105][E][WiFiUdp.cpp:221] parsePacket(): could not receive data: 9
[ 44113][E][WiFiUdp.cpp:221] parsePacket(): could not receive data: 9
[ 44121][E][WiFiUdp.cpp:221] parsePacket(): could not receive data: 9
[ 44129][E][WiFiUdp.cpp:221] parsePacket(): could not receive data: 9
[ 44137][E][WiFiUdp.cpp:221] parsePacket(): could not receive data: 9
[ 44145][E][WiFiUdp.cpp:221] parsePacket(): could not receive data: 9
[ 44153][E][WiFiUdp.cpp:221] parsePacket(): could not receive data: 9
[ 44161][E][WiFiUdp.cpp:221] parsePacket(): could not receive data: 9
[ 44169][E][WiFiUdp.cpp:221] parsePacket(): could not receive data: 9
[ 44177][E][WiFiUdp.cpp:221] parsePacket(): could not receive data: 9
[ 44185][E][WiFiUdp.cpp:221] parsePacket(): could not receive data: 9
[ 44193][E][WiFiUdp.cpp:221] parsePacket(): could not receive data: 9
[ 44201][E][WiFiUdp.cpp:221] parsePacket(): could not receive data: 9
[ 44209][E][WiFiUdp.cpp:221] parsePacket(): could not receive data: 9
[ 44217][E][WiFiUdp.cpp:221] parsePacket(): could not receive data: 9
[ 44225][E][WiFiUdp.cpp:221] parsePacket(): could not receive data: 9
[ 44233][E][WiFiUdp.cpp:221] parsePacket(): could not receive data: 9
[ 44241][E][WiFiUdp.cpp:221] parsePacket(): could not receive data: 9
[ 44249][E][WiFiUdp.cpp:221] parsePacket(): could not receive data: 9
[ 44257][E][WiFiUdp.cpp:221] parsePacket(): could not receive data: 9
[ 44265][E][WiFiUdp.cpp:221] parsePacket(): could not receive data: 9
[ 44273][E][WiFiUdp.cpp:221] parsePacket(): could not receive data: 9
[ 44281][E][WiFiUdp.cpp:221] parsePacket(): could not receive data: 9
[ 44289][E][WiFiUdp.cpp:221] parsePacket(): could not receive data: 9
[ 44297][E][WiFiUdp.cpp:221] parsePacket(): could not receive data: 9
[ 44305][E][WiFiUdp.cpp:221] parsePacket(): could not receive data: 9
[ 44313][E][WiFiUdp.cpp:221] parsePacket(): could not receive data: 9
[ 44321][E][WiFiUdp.cpp:221] parsePacket(): could not receive data: 9
[ 44329][E][WiFiUdp.cpp:221] parsePacket(): could not receive data: 9
[ 44337][E][WiFiUdp.cpp:221] parsePacket(): could not receive data: 9
[ 44345][E][WiFiUdp.cpp:221] parsePacket(): could not receive data: 9
[ 44353][E][WiFiUdp.cpp:221] parsePacket(): could not receive data: 9
[ 44361][E][WiFiUdp.cpp:221] parsePacket(): could not receive data: 9
[ 44369][E][WiFiUdp.cpp:221] parsePacket(): could not receive data: 9
[ 44377][E][WiFiUdp.cpp:221] parsePacket(): could not receive data: 9
[ 44385][E][WiFiUdp.cpp:221] parsePacket(): could not receive data: 9
[ 44393][E][WiFiUdp.cpp:221] parsePacket(): could not receive data: 9
[ 44401][E][WiFiUdp.cpp:221] parsePacket(): could not receive data: 9
[ 44409][E][WiFiUdp.cpp:221] parsePacket(): could not receive data: 9
[ 44417][E][WiFiUdp.cpp:221] parsePacket(): could not receive data: 9
[ 44425][E][WiFiUdp.cpp:221] parsePacket(): could not receive data: 9
[ 44433][E][WiFiUdp.cpp:221] parsePacket(): could not receive data: 9
[ 44441][E][WiFiUdp.cpp:221] parsePacket(): could not receive data: 9
[ 44449][E][WiFiUdp.cpp:221] parsePacket(): could not receive data: 9
[ 44457][E][WiFiUdp.cpp:221] parsePacket(): could not receive data: 9
[ 44465][E][WiFiUdp.cpp:221] parsePacket(): could not receive data: 9
[ 44473][E][WiFiUdp.cpp:221] parsePacket(): could not receive data: 9
[ 44481][E][WiFiUdp.cpp:221] parsePacket(): could not receive data: 9
[ 44489][E][WiFiUdp.cpp:221] parsePacket(): could not receive data: 9
[ 44497][E][WiFiUdp.cpp:221] parsePacket(): could not receive data: 9
[ 44505][E][WiFiUdp.cpp:221] parsePacket(): could not receive data: 9
[ 44513][E][WiFiUdp.cpp:221] parsePacket(): could not receive data: 9
[ 44521][E][WiFiUdp.cpp:221] parsePacket(): could not receive data: 9
[ 44529][E][WiFiUdp.cpp:221] parsePacket(): could not receive data: 9
[ 44537][E][WiFiUdp.cpp:221] parsePacket(): could not receive data: 9
[ 44545][E][WiFiUdp.cpp:221] parsePacket(): could not receive data: 9
[ 44553][E][WiFiUdp.cpp:221] parsePacket(): could not receive data: 9
[ 44561][E][WiFiUdp.cpp:221] parsePacket(): could not receive data: 9
[ 44569][E][WiFiUdp.cpp:221] parsePacket(): could not receive data: 9
[ 44577][E][WiFiUdp.cpp:221] parsePacket(): could not receive data: 9
[ 44585][E][WiFiUdp.cpp:221] parsePacket(): could not receive data: 9
[ 44593][E][WiFiUdp.cpp:221] parsePacket(): could not receive data: 9
[ 44601][E][WiFiUdp.cpp:221] parsePacket(): could not receive data: 9
[ 44609][E][WiFiUdp.cpp:221] parsePacket(): could not receive data: 9
[ 44617][E][WiFiUdp.cpp:221] parsePacket(): could not receive data: 9
[ 44625][E][WiFiUdp.cpp:221] parsePacket(): could not receive data: 9
[ 44633][E][WiFiUdp.cpp:221] parsePacket(): could not receive data: 9
[ 44641][E][WiFiUdp.cpp:221] parsePacket(): could not receive data: 9
[ 44649][E][WiFiUdp.cpp:221] parsePacket(): could not receive data: 9
[ 44657][E][WiFiUdp.cpp:221] parsePacket(): could not receive data: 9
[ 44665][E][WiFiUdp.cpp:221] parsePacket(): could not receive data: 9
[ 44673][E][WiFiUdp.cpp:221] parsePacket(): could not receive data: 9
[ 44681][E][WiFiUdp.cpp:221] parsePacket(): could not receive data: 9
[ 44689][E][WiFiUdp.cpp:221] parsePacket(): could not receive data: 9
[ 44697][E][WiFiUdp.cpp:221] parsePacket(): could not receive data: 9
[ 44705][E][WiFiUdp.cpp:221] parsePacket(): could not receive data: 9
[ 44713][E][WiFiUdp.cpp:221] parsePacket(): could not receive data: 9
[ 44721][E][WiFiUdp.cpp:221] parsePacket(): could not receive data: 9
[ 44729][E][WiFiUdp.cpp:221] parsePacket(): could not receive data: 9
[ 44737][E][WiFiUdp.cpp:221] parsePacket(): could not receive data: 9
[ 44745][E][WiFiUdp.cpp:221] parsePacket(): could not receive data: 9
[ 44753][E][WiFiUdp.cpp:221] parsePacket(): could not receive data: 9
[ 44761][E][WiFiUdp.cpp:221] parsePacket(): could not receive data: 9
[ 44769][E][WiFiUdp.cpp:221] parsePacket(): could not receive data: 9
[ 44777][E][WiFiUdp.cpp:221] parsePacket(): could not receive data: 9
[ 44785][E][WiFiUdp.cpp:221] parsePacket(): could not receive data: 9
[ 44793][E][WiFiUdp.cpp:221] parsePacket(): could not receive data: 9
[ 44801][E][WiFiUdp.cpp:221] parsePacket(): could not receive data: 9
[ 44809][E][WiFiUdp.cpp:221] parsePacket(): could not receive data: 9
[ 44817][E][WiFiUdp.cpp:221] parsePacket(): could not receive data: 9
[ 44825][E][WiFiUdp.cpp:221] parsePacket(): could not receive data: 9
[ 44833][E][WiFiUdp.cpp:221] parsePacket(): could not receive data: 9
[ 44841][E][WiFiUdp.cpp:221] parsePacket(): could not receive data: 9
[ 44849][E][WiFiUdp.cpp:221] parsePacket(): could not receive data: 9
[ 44857][E][WiFiUdp.cpp:221] parsePacket(): could not receive data: 9
[ 44865][E][WiFiUdp.cpp:221] parsePacket(): could not receive data: 9
[ 44873][E][WiFiUdp.cpp:221] parsePacket(): could not receive data: 9
[ 44881][E][WiFiUdp.cpp:221] parsePacket(): could not receive data: 9
[ 44889][E][WiFiUdp.cpp:221] parsePacket(): could not receive data: 9
[ 44897][E][WiFiUdp.cpp:221] parsePacket(): could not receive data: 9
[ 44905][E][WiFiUdp.cpp:221] parsePacket(): could not receive data: 9
[ 44913][E][WiFiUdp.cpp:221] parsePacket(): could not receive data: 9
[ 44921][E][WiFiUdp.cpp:221] parsePacket(): could not receive data: 9
[ 44929][E][WiFiUdp.cpp:221] parsePacket(): could not receive data: 9
[ 44937][E][WiFiUdp.cpp:221] parsePacket(): could not receive data: 9
[ 44945][E][WiFiUdp.cpp:221] parsePacket(): could not receive data: 9
[ 44953][E][WiFiUdp.cpp:221] parsePacket(): could not receive data: 9
[ 44961][E][WiFiUdp.cpp:221] parsePacket(): could not receive data: 9
[ 44969][E][WiFiUdp.cpp:221] parsePacket(): could not receive data: 9
[ 44977][E][WiFiUdp.cpp:221] parsePacket(): could not receive data: 9
[ 44985][E][WiFiUdp.cpp:221] parsePacket(): could not receive data: 9
[ 44993][E][WiFiUdp.cpp:221] parsePacket(): could not receive data: 9
[ 45001][E][WiFiUdp.cpp:221] parsePacket(): could not receive data: 9
[ 45009][E][WiFiUdp.cpp:221] parsePacket(): could not receive data: 9
[ 45017][E][WiFiUdp.cpp:221] parsePacket(): could not receive data: 9
[ 45025][E][WiFiUdp.cpp:221] parsePacket(): could not receive data: 9
[ 45033][E][WiFiUdp.cpp:221] parsePacket(): could not receive data: 9
[ 45041][E][WiFiUdp.cpp:221] parsePacket(): could not receive data: 9
[ 45049][E][WiFiUdp.cpp:221] parsePacket(): could not receive data: 9
[ 45057][E][WiFiUdp.cpp:221] parsePacket(): could not receive data: 9
[ 45065][E][WiFiUdp.cpp:221] parsePacket(): could not receive data: 9
[ 45073][E][WiFiUdp.cpp:221] parsePacket(): could not receive data: 9
[ 45081][E][WiFiUdp.cpp:221] parsePacket(): could not receive data: 9
[ 45089][E][WiFiUdp.cpp:221] parsePacket(): could not receive data: 9
[ 45097][E][WiFiUdp.cpp:221] parsePacket(): could not receive data: 9
[ 45105][E][WiFiUdp.cpp:221] parsePacket(): could not receive data: 9
[ 45113][E][WiFiUdp.cpp:221] parsePacket(): could not receive data: 9
[ 45121][E][WiFiUdp.cpp:221] parsePacket(): could not receive data: 9
[ 45129][E][WiFiUdp.cpp:221] parsePacket(): could not receive data: 9
[ 45137][E][WiFiUdp.cpp:221] parsePacket(): could not receive data: 9
[ 45145][E][WiFiUdp.cpp:221] parsePacket(): could not receive data: 9
[ 45153][E][WiFiUdp.cpp:221] parsePacket(): could not receive data: 9
[ 45161][E][WiFiUdp.cpp:221] parsePacket(): could not receive data: 9
[ 45169][E][WiFiUdp.cpp:221] parsePacket(): could not receive data: 9
[ 45177][E][WiFiUdp.cpp:221] parsePacket(): could not receive data: 9
[ 45185][E][WiFiUdp.cpp:221] parsePacket(): could not receive data: 9
[ 45193][E][WiFiUdp.cpp:221] parsePacket(): could not receive data: 9
[ 45201][E][WiFiUdp.cpp:221] parsePacket(): could not receive data: 9
[ 45209][E][WiFiUdp.cpp:221] parsePacket(): could not receive data: 9
[ 45217][E][WiFiUdp.cpp:221] parsePacket(): could not receive data: 9
[ 45225][E][WiFiUdp.cpp:221] parsePacket(): could not receive data: 9
[ 45233][E][WiFiUdp.cpp:221] parsePacket(): could not receive data: 9
[ 45241][E][WiFiUdp.cpp:221] parsePacket(): could not receive data: 9
[ 45249][E][WiFiUdp.cpp:221] parsePacket(): could not receive data: 9
[ 45257][E][WiFiUdp.cpp:221] parsePacket(): could not receive data: 9
[ 45265][E][WiFiUdp.cpp:221] parsePacket(): could not receive data: 9
[ 45273][E][WiFiUdp.cpp:221] parsePacket(): could not receive data: 9
[ 45281][E][WiFiUdp.cpp:221] parsePacket(): could not receive data: 9
[ 45289][E][WiFiUdp.cpp:221] parsePacket(): could not receive data: 9
[ 45297][E][WiFiUdp.cpp:221] parsePacket(): could not receive data: 9
[ 45305][E][WiFiUdp.cpp:221] parsePacket(): could not receive data: 9
[ 45313][E][WiFiUdp.cpp:221] parsePacket(): could not receive data: 9
[ 45321][E][WiFiUdp.cpp:221] parsePacket(): could not receive data: 9
[ 45329][E][WiFiUdp.cpp:221] parsePacket(): could not receive data: 9
[ 45337][E][WiFiUdp.cpp:221] parsePacket(): could not receive data: 9
[ 45345][E][WiFiUdp.cpp:221] parsePacket(): could not receive data: 9
[ 45353][E][WiFiUdp.cpp:221] parsePacket(): could not receive data: 9
[ 45361][E][WiFiUdp.cpp:221] parsePacket(): could not receive data: 9
[ 45369][E][WiFiUdp.cpp:221] parsePacket(): could not receive data: 9
[ 45377][E][WiFiUdp.cpp:221] parsePacket(): could not receive data: 9
[ 45385][E][WiFiUdp.cpp:221] parsePacket(): could not receive data: 9
[ 45393][E][WiFiUdp.cpp:221] parsePacket(): could not receive data: 9
[ 45401][E][WiFiUdp.cpp:221] parsePacket(): could not receive data: 9
[ 45409][E][WiFiUdp.cpp:221] parsePacket(): could not receive data: 9
[ 45417][E][WiFiUdp.cpp:221] parsePacket(): could not receive data: 9
[ 45425][E][WiFiUdp.cpp:221] parsePacket(): could not receive data: 9
[ 45433][E][WiFiUdp.cpp:221] parsePacket(): could not receive data: 9
[ 45441][E][WiFiUdp.cpp:221] parsePacket(): could not receive data: 9
[ 45449][E][WiFiUdp.cpp:221] parsePacket(): could not receive data: 9
[ 45457][E][WiFiUdp.cpp:221] parsePacket(): could not receive data: 9
[ 45465][E][WiFiUdp.cpp:221] parsePacket(): could not receive data: 9
[ 45473][E][WiFiUdp.cpp:221] parsePacket(): could not receive data: 9
[ 45481][E][WiFiUdp.cpp:221] parsePacket(): could not receive data: 9
[ 45489][E][WiFiUdp.cpp:221] parsePacket(): could not receive data: 9
[ 45497][E][WiFiUdp.cpp:221] parsePacket(): could not receive data: 9
[ 45505][E][WiFiUdp.cpp:221] parsePacket(): could not receive data: 9
[ 45513][E][WiFiUdp.cpp:221] parsePacket(): could not receive data: 9
[ 45521][E][WiFiUdp.cpp:221] parsePacket(): could not receive data: 9
[ 45529][E][WiFiUdp.cpp:221] parsePacket(): could not receive data: 9
[ 45537][E][WiFiUdp.cpp:221] parsePacket(): could not receive data: 9
[ 45545][E][WiFiUdp.cpp:221] parsePacket(): could not receive data: 9
[ 45553][E][WiFiUdp.cpp:221] parsePacket(): could not receive data: 9
[ 45561][E][WiFiUdp.cpp:221] parsePacket(): could not receive data: 9
[ 45569][E][WiFiUdp.cpp:221] parsePacket(): could not receive data: 9
[ 45577][E][WiFiUdp.cpp:221] parsePacket(): could not receive data: 9
[ 45585][E][WiFiUdp.cpp:221] parsePacket(): could not receive data: 9
[ 45593][E][WiFiUdp.cpp:221] parsePacket(): could not receive data: 9
[ 45601][E][WiFiUdp.cpp:221] parsePacket(): could not receive data: 9
[ 45609][E][WiFiUdp.cpp:221] parsePacket(): could not receive data: 9
[ 45617][E][WiFiUdp.cpp:221] parsePacket(): could not receive data: 9
[ 45625][E][WiFiUdp.cpp:221] parsePacket(): could not receive data: 9
[ 45633][E][WiFiUdp.cpp:221] parsePacket(): could not receive data: 9
[ 45641][E][WiFiUdp.cpp:221] parsePacket(): could not receive data: 9
[ 45649][E][WiFiUdp.cpp:221] parsePacket(): could not receive data: 9
[ 45657][E][WiFiUdp.cpp:221] parsePacket(): could not receive data: 9
[ 45665][E][WiFiUdp.cpp:221] parsePacket(): could not receive data: 9
[ 45673][E][WiFiUdp.cpp:221] parsePacket(): could not receive data: 9
[ 45681][E][WiFiUdp.cpp:221] parsePacket(): could not receive data: 9
[ 45689][E][WiFiUdp.cpp:221] parsePacket(): could not receive data: 9
[ 45697][E][WiFiUdp.cpp:221] parsePacket(): could not receive data: 9
[ 45705][E][WiFiUdp.cpp:221] parsePacket(): could not receive data: 9
[ 45713][E][WiFiUdp.cpp:221] parsePacket(): could not receive data: 9
[ 45721][E][WiFiUdp.cpp:221] parsePacket(): could not receive data: 9
[ 45729][E][WiFiUdp.cpp:221] parsePacket(): could not receive data: 9
[ 45737][E][WiFiUdp.cpp:221] parsePacket(): could not receive data: 9
[ 45745][E][WiFiUdp.cpp:221] parsePacket(): could not receive data: 9
[ 45753][E][WiFiUdp.cpp:221] parsePacket(): could not receive data: 9
[ 45761][E][WiFiUdp.cpp:221] parsePacket(): could not receive data: 9
[ 45769][E][WiFiUdp.cpp:221] parsePacket(): could not receive data: 9
[ 45777][E][WiFiUdp.cpp:221] parsePacket(): could not receive data: 9
[ 45785][E][WiFiUdp.cpp:221] parsePacket(): could not receive data: 9
[ 45793][E][WiFiUdp.cpp:221] parsePacket(): could not receive data: 9
[ 45801][E][WiFiUdp.cpp:221] parsePacket(): could not receive data: 9
[ 45809][E][WiFiUdp.cpp:221] parsePacket(): could not receive data: 9
[ 45817][E][WiFiUdp.cpp:221] parsePacket(): could not receive data: 9
[ 45825][E][WiFiUdp.cpp:221] parsePacket(): could not receive data: 9
[ 45833][E][WiFiUdp.cpp:221] parsePacket(): could not receive data: 9
[ 45841][E][WiFiUdp.cpp:221] parsePacket(): could not receive data: 9
[ 45849][E][WiFiUdp.cpp:221] parsePacket(): could not receive data: 9
[ 45857][E][WiFiUdp.cpp:221] parsePacket(): could not receive data: 9
[ 45865][E][WiFiUdp.cpp:221] parsePacket(): could not receive data: 9
[ 45873][E][WiFiUdp.cpp:221] parsePacket(): could not receive data: 9
[ 45881][E][WiFiUdp.cpp:221] parsePacket(): could not receive data: 9
[ 45889][E][WiFiUdp.cpp:221] parsePacket(): could not receive data: 9
[ 45897][E][WiFiUdp.cpp:221] parsePacket(): could not receive data: 9
[ 45905][E][WiFiUdp.cpp:221] parsePacket(): could not receive data: 9
[ 45913][E][WiFiUdp.cpp:221] parsePacket(): could not receive data: 9
[ 45921][E][WiFiUdp.cpp:221] parsePacket(): could not receive data: 9
[ 45929][E][WiFiUdp.cpp:221] parsePacket(): could not receive data: 9
[ 45937][E][WiFiUdp.cpp:221] parsePacket(): could not receive data: 9
[ 45945][E][WiFiUdp.cpp:221] parsePacket(): could not receive data: 9
[ 45953][E][WiFiUdp.cpp:221] parsePacket(): could not receive data: 9
[ 45961][E][WiFiUdp.cpp:221] parsePacket(): could not receive data: 9
[ 45969][E][WiFiUdp.cpp:221] parsePacket(): could not receive data: 9
[ 45977][E][WiFiUdp.cpp:221] parsePacket(): could not receive data: 9
[ 45985][E][WiFiUdp.cpp:221] parsePacket(): could not receive data: 9
[ 45993][E][WiFiUdp.cpp:221] parsePacket(): could not receive data: 9
[ 46001][E][WiFiUdp.cpp:221] parsePacket(): could not receive data: 9
[ 46009][E][WiFiUdp.cpp:221] parsePacket(): could not receive data: 9
[ 46017][E][WiFiUdp.cpp:221] parsePacket(): could not receive data: 9
[ 46025][E][WiFiUdp.cpp:221] parsePacket(): could not receive data: 9
[ 46033][E][WiFiUdp.cpp:221] parsePacket(): could not receive data: 9
[ 46041][E][WiFiUdp.cpp:221] parsePacket(): could not receive data: 9
[ 46049][E][WiFiUdp.cpp:221] parsePacket(): could not receive data: 9
[ 46057][E][WiFiUdp.cpp:221] parsePacket(): could not receive data: 9
[ 46065][E][WiFiUdp.cpp:221] parsePacket(): could not receive data: 9
[ 46073][E][WiFiUdp.cpp:221] parsePacket(): could not receive data: 9
[ 46081][E][WiFiUdp.cpp:221] parsePacket(): could not receive data: 9
[ 46089][E][WiFiUdp.cpp:221] parsePacket(): could not receive data: 9
[ 46097][E][WiFiUdp.cpp:221] parsePacket(): could not receive data: 9
[ 46105][E][WiFiUdp.cpp:221] parsePacket(): could not receive data: 9
[ 46113][E][WiFiUdp.cpp:221] parsePacket(): could not receive data: 9
[ 46121][E][WiFiUdp.cpp:221] parsePacket(): could not receive data: 9
[ 46129][E][WiFiUdp.cpp:221] parsePacket(): could not receive data: 9
[ 46137][E][WiFiUdp.cpp:221] parsePacket(): could not receive data: 9
[ 46145][E][WiFiUdp.cpp:221] parsePacket(): could not receive data: 9
[ 46153][E][WiFiUdp.cpp:221] parsePacket(): could not receive data: 9
[ 46161][E][WiFiUdp.cpp:221] parsePacket(): could not receive data: 9
[ 46169][E][WiFiUdp.cpp:221] parsePacket(): could not receive data: 9
[ 46177][E][WiFiUdp.cpp:221] parsePacket(): could not receive data: 9
[ 46185][E][WiFiUdp.cpp:221] parsePacket(): could not receive data: 9
[ 46193][E][WiFiUdp.cpp:221] parsePacket(): could not receive data: 9
[ 46201][E][WiFiUdp.cpp:221] parsePacket(): could not receive data: 9
[ 46209][E][WiFiUdp.cpp:221] parsePacket(): could not receive data: 9
[ 46217][E][WiFiUdp.cpp:221] parsePacket(): could not receive data: 9
[ 46225][E][WiFiUdp.cpp:221] parsePacket(): could not receive data: 9
[ 46233][E][WiFiUdp.cpp:221] parsePacket(): could not receive data: 9
[ 46241][E][WiFiUdp.cpp:221] parsePacket(): could not receive data: 9
[ 46249][E][WiFiUdp.cpp:221] parsePacket(): could not receive data: 9
[ 46257][E][WiFiUdp.cpp:221] parsePacket(): could not receive data: 9
[ 46265][E][WiFiUdp.cpp:221] parsePacket(): could not receive data: 9
[ 46273][E][WiFiUdp.cpp:221] parsePacket(): could not receive data: 9
[ 46281][E][WiFiUdp.cpp:221] parsePacket(): could not receive data: 9
[ 46289][E][WiFiUdp.cpp:221] parsePacket(): could not receive data: 9
[ 46297][E][WiFiUdp.cpp:221] parsePacket(): could not receive data: 9
[ 46305][E][WiFiUdp.cpp:221] parsePacket(): could not receive data: 9
[ 46313][E][WiFiUdp.cpp:221] parsePacket(): could not receive data: 9
[ 46321][E][WiFiUdp.cpp:221] parsePacket(): could not receive data: 9
[ 46329][E][WiFiUdp.cpp:221] parsePacket(): could not receive data: 9
[ 46337][E][WiFiUdp.cpp:221] parsePacket(): could not receive data: 9
[ 46345][E][WiFiUdp.cpp:221] parsePacket(): could not receive data: 9
[ 46353][E][WiFiUdp.cpp:221] parsePacket(): could not receive data: 9
[ 46361][E][WiFiUdp.cpp:221] parsePacket(): could not receive data: 9
[ 46369][E][WiFiUdp.cpp:221] parsePacket(): could not receive data: 9
[ 46377][E][WiFiUdp.cpp:221] parsePacket(): could not receive data: 9
[ 46385][E][WiFiUdp.cpp:221] parsePacket(): could not receive data: 9
[ 46393][E][WiFiUdp.cpp:221] parsePacket(): could not receive data: 9
[ 46401][E][WiFiUdp.cpp:221] parsePacket(): could not receive data: 9
[ 46409][E][WiFiUdp.cpp:221] parsePacket(): could not receive data: 9
[ 46417][E][WiFiUdp.cpp:221] parsePacket(): could not receive data: 9
[ 46425][E][WiFiUdp.cpp:221] parsePacket(): could not receive data: 9
[ 46433][E][WiFiUdp.cpp:221] parsePacket(): could not receive data: 9
[ 46441][E][WiFiUdp.cpp:221] parsePacket(): could not receive data: 9
[ 46449][E][WiFiUdp.cpp:221] parsePacket(): could not receive data: 9
[ 46457][E][WiFiUdp.cpp:221] parsePacket(): could not receive data: 9
[ 46465][E][WiFiUdp.cpp:221] parsePacket(): could not receive data: 9
[ 46473][E][WiFiUdp.cpp:221] parsePacket(): could not receive data: 9
[ 46481][E][WiFiUdp.cpp:221] parsePacket(): could not receive data: 9
[ 46489][E][WiFiUdp.cpp:221] parsePacket(): could not receive data: 9
[ 46497][E][WiFiUdp.cpp:221] parsePacket(): could not receive data: 9
[ 46505][E][WiFiUdp.cpp:221] parsePacket(): could not receive data: 9
[ 46513][E][WiFiUdp.cpp:221] parsePacket(): could not receive data: 9
[ 46521][E][WiFiUdp.cpp:221] parsePacket(): could not receive data: 9
[ 46529][E][WiFiUdp.cpp:221] parsePacket(): could not receive data: 9
[ 46537][E][WiFiUdp.cpp:221] parsePacket(): could not receive data: 9
[ 46545][E][WiFiUdp.cpp:221] parsePacket(): could not receive data: 9
[ 46553][E][WiFiUdp.cpp:221] parsePacket(): could not receive data: 9
[ 46561][E][WiFiUdp.cpp:221] parsePacket(): could not receive data: 9
[ 46569][E][WiFiUdp.cpp:221] parsePacket(): could not receive data: 9
[ 46577][E][WiFiUdp.cpp:221] parsePacket(): could not receive data: 9
[ 46585][E][WiFiUdp.cpp:221] parsePacket(): could not receive data: 9
[ 46593][E][WiFiUdp.cpp:221] parsePacket(): could not receive data: 9
[ 46601][E][WiFiUdp.cpp:221] parsePacket(): could not receive data: 9
[ 46609][E][WiFiUdp.cpp:221] parsePacket(): could not receive data: 9
[ 46617][E][WiFiUdp.cpp:221] parsePacket(): could not receive data: 9
[ 46625][E][WiFiUdp.cpp:221] parsePacket(): could not receive data: 9
[ 46633][E][WiFiUdp.cpp:221] parsePacket(): could not receive data: 9
[ 46641][E][WiFiUdp.cpp:221] parsePacket(): could not receive data: 9
[ 46649][E][WiFiUdp.cpp:221] parsePacket(): could not receive data: 9
[ 46657][E][WiFiUdp.cpp:221] parsePacket(): could not receive data: 9
[ 46665][E][WiFiUdp.cpp:221] parsePacket(): could not receive data: 9
[ 46673][E][WiFiUdp.cpp:221] parsePacket(): could not receive data: 9
[ 46681][E][WiFiUdp.cpp:221] parsePacket(): could not receive data: 9
[ 46689][E][WiFiUdp.cpp:221] parsePacket(): could not receive data: 9
[ 46697][E][WiFiUdp.cpp:221] parsePacket(): could not receive data: 9
[ 46705][E][WiFiUdp.cpp:221] parsePacket(): could not receive data: 9
No Sensor found on bus! Rescanning...
No Sensor found on bus! Rescanning...
[ 47018][E][WiFiUdp.cpp:221] parsePacket(): could not receive data: 9
[ 47026][E][WiFiUdp.cpp:221] parsePacket(): could not receive data: 9
[ 47034][E][WiFiUdp.cpp:221] parsePacket(): could not receive data: 9
[ 47042][E][WiFiUdp.cpp:221] parsePacket(): could not receive data: 9
[ 47050][E][WiFiUdp.cpp:221] parsePacket(): could not receive data: 9
[ 47058][E][WiFiUdp.cpp:221] parsePacket(): could not receive data: 9
[ 47066][E][WiFiUdp.cpp:221] parsePacket(): could not receive data: 9
[ 47074][E][WiFiUdp.cpp:221] parsePacket(): could not receive data: 9
[ 47082][E][WiFiUdp.cpp:221] parsePacket(): could not receive data: 9
[ 47090][E][WiFiUdp.cpp:221] parsePacket(): could not receive data: 9
[ 47098][E][WiFiUdp.cpp:221] parsePacket(): could not receive data: 9
[ 47106][E][WiFiUdp.cpp:221] parsePacket(): could not receive data: 9
[ 47114][E][WiFiUdp.cpp:221] parsePacket(): could not receive data: 9
[ 47122][E][WiFiUdp.cpp:221] parsePacket(): could not receive data: 9
[ 47130][E][WiFiUdp.cpp:221] parsePacket(): could not receive data: 9
[ 47138][E][WiFiUdp.cpp:221] parsePacket(): could not receive data: 9
[ 47146][E][WiFiUdp.cpp:221] parsePacket(): could not receive data: 9
[ 47154][E][WiFiUdp.cpp:221] parsePacket(): could not receive data: 9
[ 47162][E][WiFiUdp.cpp:221] parsePacket(): could not receive data: 9
[ 47170][E][WiFiUdp.cpp:221] parsePacket(): could not receive data: 9
[ 47178][E][WiFiUdp.cpp:221] parsePacket(): could not receive data: 9
[ 47186][E][WiFiUdp.cpp:221] parsePacket(): could not receive data: 9
[ 47194][E][WiFiUdp.cpp:221] parsePacket(): could not receive data: 9
[ 47202][E][WiFiUdp.cpp:221] parsePacket(): could not receive data: 9
[ 47210][E][WiFiUdp.cpp:221] parsePacket(): could not receive data: 9
[ 47218][E][WiFiUdp.cpp:221] parsePacket(): could not receive data: 9
[ 47226][E][WiFiUdp.cpp:221] parsePacket(): could not receive data: 9
[ 47234][E][WiFiUdp.cpp:221] parsePacket(): could not receive data: 9
[ 47242][E][WiFiUdp.cpp:221] parsePacket(): could not receive data: 9
[ 47250][E][WiFiUdp.cpp:221] parsePacket(): could not receive data: 9
[ 47258][E][WiFiUdp.cpp:221] parsePacket(): could not receive data: 9
[ 47266][E][WiFiUdp.cpp:221] parsePacket(): could not receive data: 9
[ 47274][E][WiFiUdp.cpp:221] parsePacket(): could not receive data: 9
[ 47282][E][WiFiUdp.cpp:221] parsePacket(): could not receive data: 9
[ 47290][E][WiFiUdp.cpp:221] parsePacket(): could not receive data: 9
[ 47298][E][WiFiUdp.cpp:221] parsePacket(): could not receive data: 9
[ 47306][E][WiFiUdp.cpp:221] parsePacket(): could not receive data: 9
[ 47314][E][WiFiUdp.cpp:221] parsePacket(): could not receive data: 9
[ 47322][E][WiFiUdp.cpp:221] parsePacket(): could not receive data: 9
[ 47330][E][WiFiUdp.cpp:221] parsePacket(): could not receive data: 9
[ 47338][E][WiFiUdp.cpp:221] parsePacket(): could not receive data: 9
[ 47346][E][WiFiUdp.cpp:221] parsePacket(): could not receive data: 9
[ 47354][E][WiFiUdp.cpp:221] parsePacket(): could not receive data: 9
[ 47362][E][WiFiUdp.cpp:221] parsePacket(): could not receive data: 9
[ 47370][E][WiFiUdp.cpp:221] parsePacket(): could not receive data: 9
[ 47378][E][WiFiUdp.cpp:221] parsePacket(): could not receive data: 9
[ 47386][E][WiFiUdp.cpp:221] parsePacket(): could not receive data: 9
[ 47394][E][WiFiUdp.cpp:221] parsePacket(): could not receive data: 9
[ 47402][E][WiFiUdp.cpp:221] parsePacket(): could not receive data: 9
[ 47410][E][WiFiUdp.cpp:221] parsePacket(): could not receive data: 9
[ 47418][E][WiFiUdp.cpp:221] parsePacket(): could not receive data: 9
[ 47426][E][WiFiUdp.cpp:221] parsePacket(): could not receive data: 9
[ 47434][E][WiFiUdp.cpp:221] parsePacket(): could not receive data: 9
[ 47442][E][WiFiUdp.cpp:221] parsePacket(): could not receive data: 9
[ 47450][E][WiFiUdp.cpp:221] parsePacket(): could not receive data: 9
[ 47458][E][WiFiUdp.cpp:221] parsePacket(): could not receive data: 9
[ 47466][E][WiFiUdp.cpp:221] parsePacket(): could not receive data: 9
[ 47474][E][WiFiUdp.cpp:221] parsePacket(): could not receive data: 9
[ 47482][E][WiFiUdp.cpp:221] parsePacket(): could not receive data: 9
[ 47490][E][WiFiUdp.cpp:221] parsePacket(): could not receive data: 9
[ 47498][E][WiFiUdp.cpp:221] parsePacket(): could not receive data: 9
[ 47506][E][WiFiUdp.cpp:221] parsePacket(): could not receive data: 9
[ 47514][E][WiFiUdp.cpp:221] parsePacket(): could not receive data: 9
[ 47522][E][WiFiUdp.cpp:221] parsePacket(): could not receive data: 9
[ 47530][E][WiFiUdp.cpp:221] parsePacket(): could not receive data: 9
[ 47538][E][WiFiUdp.cpp:221] parsePacket(): could not receive data: 9
[ 47546][E][WiFiUdp.cpp:221] parsePacket(): could not receive data: 9
[ 47554][E][WiFiUdp.cpp:221] parsePacket(): could not receive data: 9
[ 47562][E][WiFiUdp.cpp:221] parsePacket(): could not receive data: 9
[ 47570][E][WiFiUdp.cpp:221] parsePacket(): could not receive data: 9
[ 47578][E][WiFiUdp.cpp:221] parsePacket(): could not receive data: 9
[ 47586][E][WiFiUdp.cpp:221] parsePacket(): could not receive data: 9
[ 47594][E][WiFiUdp.cpp:221] parsePacket(): could not receive data: 9
[ 47602][E][WiFiUdp.cpp:221] parsePacket(): could not receive data: 9
[ 47610][E][WiFiUdp.cpp:221] parsePacket(): could not receive data: 9
[ 47618][E][WiFiUdp.cpp:221] parsePacket(): could not receive data: 9
[ 47626][E][WiFiUdp.cpp:221] parsePacket(): could not receive data: 9
[ 47634][E][WiFiUdp.cpp:221] parsePacket(): could not receive data: 9
[ 47642][E][WiFiUdp.cpp:221] parsePacket(): could not receive data: 9
[ 47650][E][WiFiUdp.cpp:221] parsePacket(): could not receive data: 9
[ 47658][E][WiFiUdp.cpp:221] parsePacket(): could not receive data: 9
[ 47666][E][WiFiUdp.cpp:221] parsePacket(): could not receive data: 9
[ 47674][E][WiFiUdp.cpp:221] parsePacket(): could not receive data: 9
[ 47682][E][WiFiUdp.cpp:221] parsePacket(): could not receive data: 9
[ 47690][E][WiFiUdp.cpp:221] parsePacket(): could not receive data: 9
[ 47698][E][WiFiUdp.cpp:221] parsePacket(): could not receive data: 9
[ 47706][E][WiFiUdp.cpp:221] parsePacket(): could not receive data: 9
[ 47714][E][WiFiUdp.cpp:221] parsePacket(): could not receive data: 9
[ 47722][E][WiFiUdp.cpp:221] parsePacket(): could not receive data: 9
[ 47730][E][WiFiUdp.cpp:221] parsePacket(): could not receive data: 9
[ 47738][E][WiFiUdp.cpp:221] parsePacket(): could not receive data: 9
[ 47746][E][WiFiUdp.cpp:221] parsePacket(): could not receive data: 9
[ 47754][E][WiFiUdp.cpp:221] parsePacket(): could not receive data: 9
[ 47762][E][WiFiUdp.cpp:221] parsePacket(): could not receive data: 9
[ 47770][E][WiFiUdp.cpp:221] parsePacket(): could not receive data: 9
[ 47778][E][WiFiUdp.cpp:221] parsePacket(): could not receive data: 9
[ 47786][E][WiFiUdp.cpp:221] parsePacket(): could not receive data: 9
[ 47794][E][WiFiUdp.cpp:221] parsePacket(): could not receive data: 9
[ 47802][E][WiFiUdp.cpp:221] parsePacket(): could not receive data: 9
[ 47810][E][WiFiUdp.cpp:221] parsePacket(): could not receive data: 9
[ 47818][E][WiFiUdp.cpp:221] parsePacket(): could not receive data: 9
[ 47826][E][WiFiUdp.cpp:221] parsePacket(): could not receive data: 9
[ 47834][E][WiFiUdp.cpp:221] parsePacket(): could not receive data: 9
[ 47842][E][WiFiUdp.cpp:221] parsePacket(): could not receive data: 9
[ 47850][E][WiFiUdp.cpp:221] parsePacket(): could not receive data: 9
[ 47858][E][WiFiUdp.cpp:221] parsePacket(): could not receive data: 9
[ 47866][E][WiFiUdp.cpp:221] parsePacket(): could not receive data: 9
[ 47874][E][WiFiUdp.cpp:221] parsePacket(): could not receive data: 9
[ 47882][E][WiFiUdp.cpp:221] parsePacket(): could not receive data: 9
[ 47890][E][WiFiUdp.cpp:221] parsePacket(): could not receive data: 9
[ 47898][E][WiFiUdp.cpp:221] parsePacket(): could not receive data: 9
[ 47906][E][WiFiUdp.cpp:221] parsePacket(): could not receive data: 9
[ 47914][E][WiFiUdp.cpp:221] parsePacket(): could not receive data: 9
[ 47922][E][WiFiUdp.cpp:221] parsePacket(): could not receive data: 9
[ 47930][E][WiFiUdp.cpp:221] parsePacket(): could not receive data: 9
[ 47938][E][WiFiUdp.cpp:221] parsePacket(): could not receive data: 9
[ 47946][E][WiFiUdp.cpp:221] parsePacket(): could not receive data: 9
[ 47954][E][WiFiUdp.cpp:221] parsePacket(): could not receive data: 9
[ 47962][E][WiFiUdp.cpp:221] parsePacket(): could not receive data: 9
[ 47970][E][WiFiUdp.cpp:221] parsePacket(): could not receive data: 9
[ 47978][E][WiFiUdp.cpp:221] parsePacket(): could not receive data: 9
[ 47986][E][WiFiUdp.cpp:221] parsePacket(): could not receive data: 9
[ 47994][E][WiFiUdp.cpp:221] parsePacket(): could not receive data: 9
[ 48002][E][WiFiUdp.cpp:221] parsePacket(): could not receive data: 9
[ 48010][E][WiFiUdp.cpp:221] parsePacket(): could not receive data: 9
[ 48018][E][WiFiUdp.cpp:221] parsePacket(): could not receive data: 9
[ 48026][E][WiFiUdp.cpp:221] parsePacket(): could not receive data: 9
[ 48034][E][WiFiUdp.cpp:221] parsePacket(): could not receive data: 9
[ 48042][E][WiFiUdp.cpp:221] parsePacket(): could not receive data: 9
[ 48050][E][WiFiUdp.cpp:221] parsePacket(): could not receive data: 9
[ 48058][E][WiFiUdp.cpp:221] parsePacket(): could not receive data: 9
[ 48066][E][WiFiUdp.cpp:221] parsePacket(): could not receive data: 9
[ 48074][E][WiFiUdp.cpp:221] parsePacket(): could not receive data: 9
[ 48082][E][WiFiUdp.cpp:221] parsePacket(): could not receive data: 9
[ 48090][E][WiFiUdp.cpp:221] parsePacket(): could not receive data: 9
[ 48098][E][WiFiUdp.cpp:221] parsePacket(): could not receive data: 9
[ 48106][E][WiFiUdp.cpp:221] parsePacket(): could not receive data: 9
[ 48114][E][WiFiUdp.cpp:221] parsePacket(): could not receive data: 9
[ 48122][E][WiFiUdp.cpp:221] parsePacket(): could not receive data: 9
[ 48130][E][WiFiUdp.cpp:221] parsePacket(): could not receive data: 9
[ 48138][E][WiFiUdp.cpp:221] parsePacket(): could not receive data: 9
[ 48146][E][WiFiUdp.cpp:221] parsePacket(): could not receive data: 9
[ 48154][E][WiFiUdp.cpp:221] parsePacket(): could not receive data: 9
[ 48162][E][WiFiUdp.cpp:221] parsePacket(): could not receive data: 9
[ 48170][E][WiFiUdp.cpp:221] parsePacket(): could not receive data: 9
[ 48178][E][WiFiUdp.cpp:221] parsePacket(): could not receive data: 9
[ 48186][E][WiFiUdp.cpp:221] parsePacket(): could not receive data: 9
[ 48194][E][WiFiUdp.cpp:221] parsePacket(): could not receive data: 9
[ 48202][E][WiFiUdp.cpp:221] parsePacket(): could not receive data: 9
[ 48210][E][WiFiUdp.cpp:221] parsePacket(): could not receive data: 9
[ 48218][E][WiFiUdp.cpp:221] parsePacket(): could not receive data: 9
[ 48226][E][WiFiUdp.cpp:221] parsePacket(): could not receive data: 9
[ 48234][E][WiFiUdp.cpp:221] parsePacket(): could not receive data: 9
[ 48242][E][WiFiUdp.cpp:221] parsePacket(): could not receive data: 9
[ 48250][E][WiFiUdp.cpp:221] parsePacket(): could not receive data: 9
[ 48258][E][WiFiUdp.cpp:221] parsePacket(): could not receive data: 9
[ 48266][E][WiFiUdp.cpp:221] parsePacket(): could not receive data: 9
[ 48274][E][WiFiUdp.cpp:221] parsePacket(): could not receive data: 9
[ 48282][E][WiFiUdp.cpp:221] parsePacket(): could not receive data: 9
[ 48290][E][WiFiUdp.cpp:221] parsePacket(): could not receive data: 9
[ 48298][E][WiFiUdp.cpp:221] parsePacket(): could not receive data: 9
[ 48306][E][WiFiUdp.cpp:221] parsePacket(): could not receive data: 9
[ 48314][E][WiFiUdp.cpp:221] parsePacket(): could not receive data: 9
[ 48322][E][WiFiUdp.cpp:221] parsePacket(): could not receive data: 9
[ 48330][E][WiFiUdp.cpp:221] parsePacket(): could not receive data: 9
[ 48338][E][WiFiUdp.cpp:221] parsePacket(): could not receive data: 9
[ 48346][E][WiFiUdp.cpp:221] parsePacket(): could not receive data: 9
[ 48354][E][WiFiUdp.cpp:221] parsePacket(): could not receive data: 9
[ 48362][E][WiFiUdp.cpp:221] parsePacket(): could not receive data: 9
[ 48370][E][WiFiUdp.cpp:221] parsePacket(): could not receive data: 9
[ 48378][E][WiFiUdp.cpp:221] parsePacket(): could not receive data: 9
[ 48386][E][WiFiUdp.cpp:221] parsePacket(): could not receive data: 9
[ 48394][E][WiFiUdp.cpp:221] parsePacket(): could not receive data: 9
[ 48402][E][WiFiUdp.cpp:221] parsePacket(): could not receive data: 9
[ 48410][E][WiFiUdp.cpp:221] parsePacket(): could not receive data: 9
[ 48418][E][WiFiUdp.cpp:221] parsePacket(): could not receive data: 9
[ 48426][E][WiFiUdp.cpp:221] parsePacket(): could not receive data: 9
[ 48434][E][WiFiUdp.cpp:221] parsePacket(): could not receive data: 9
[ 48442][E][WiFiUdp.cpp:221] parsePacket(): could not receive data: 9
[ 48450][E][WiFiUdp.cpp:221] parsePacket(): could not receive data: 9
[ 48458][E][WiFiUdp.cpp:221] parsePacket(): could not receive data: 9
[ 48466][E][WiFiUdp.cpp:221] parsePacket(): could not receive data: 9
[ 48474][E][WiFiUdp.cpp:221] parsePacket(): could not receive data: 9
[ 48482][E][WiFiUdp.cpp:221] parsePacket(): could not receive data: 9
[ 48490][E][WiFiUdp.cpp:221] parsePacket(): could not receive data: 9
[ 48498][E][WiFiUdp.cpp:221] parsePacket(): could not receive data: 9
[ 48506][E][WiFiUdp.cpp:221] parsePacket(): could not receive data: 9
[ 48514][E][WiFiUdp.cpp:221] parsePacket(): could not receive data: 9
[ 48522][E][WiFiUdp.cpp:221] parsePacket(): could not receive data: 9
[ 48530][E][WiFiUdp.cpp:221] parsePacket(): could not receive data: 9
[ 48538][E][WiFiUdp.cpp:221] parsePacket(): could not receive data: 9
[ 48546][E][WiFiUdp.cpp:221] parsePacket(): could not receive data: 9
[ 48554][E][WiFiUdp.cpp:221] parsePacket(): could not receive data: 9
[ 48562][E][WiFiUdp.cpp:221] parsePacket(): could not receive data: 9
[ 48570][E][WiFiUdp.cpp:221] parsePacket(): could not receive data: 9
[ 48578][E][WiFiUdp.cpp:221] parsePacket(): could not receive data: 9
[ 48586][E][WiFiUdp.cpp:221] parsePacket(): could not receive data: 9
[ 48594][E][WiFiUdp.cpp:221] parsePacket(): could not receive data: 9
[ 48602][E][WiFiUdp.cpp:221] parsePacket(): could not receive data: 9
[ 48610][E][WiFiUdp.cpp:221] parsePacket(): could not receive data: 9
[ 48618][E][WiFiUdp.cpp:221] parsePacket(): could not receive data: 9
[ 48626][E][WiFiUdp.cpp:221] parsePacket(): could not receive data: 9
[ 48634][E][WiFiUdp.cpp:221] parsePacket(): could not receive data: 9
[ 48642][E][WiFiUdp.cpp:221] parsePacket(): could not receive data: 9
[ 48650][E][WiFiUdp.cpp:221] parsePacket(): could not receive data: 9
[ 48658][E][WiFiUdp.cpp:221] parsePacket(): could not receive data: 9
[ 48666][E][WiFiUdp.cpp:221] parsePacket(): could not receive data: 9
[ 48674][E][WiFiUdp.cpp:221] parsePacket(): could not receive data: 9
[ 48682][E][WiFiUdp.cpp:221] parsePacket(): could not receive data: 9
[ 48690][E][WiFiUdp.cpp:221] parsePacket(): could not receive data: 9
[ 48698][E][WiFiUdp.cpp:221] parsePacket(): could not receive data: 9
[ 48706][E][WiFiUdp.cpp:221] parsePacket(): could not receive data: 9
[ 48714][E][WiFiUdp.cpp:221] parsePacket(): could not receive data: 9
[ 48722][E][WiFiUdp.cpp:221] parsePacket(): could not receive data: 9
[ 48730][E][WiFiUdp.cpp:221] parsePacket(): could not receive data: 9
[ 48738][E][WiFiUdp.cpp:221] parsePacket(): could not receive data: 9
[ 48746][E][WiFiUdp.cpp:221] parsePacket(): could not receive data: 9
[ 48754][E][WiFiUdp.cpp:221] parsePacket(): could not receive data: 9
[ 48762][E][WiFiUdp.cpp:221] parsePacket(): could not receive data: 9
[ 48770][E][WiFiUdp.cpp:221] parsePacket(): could not receive data: 9
[ 48778][E][WiFiUdp.cpp:221] parsePacket(): could not receive data: 9
[ 48786][E][WiFiUdp.cpp:221] parsePacket(): could not receive data: 9
[ 48794][E][WiFiUdp.cpp:221] parsePacket(): could not receive data: 9
[ 48802][E][WiFiUdp.cpp:221] parsePacket(): could not receive data: 9
[ 48810][E][WiFiUdp.cpp:221] parsePacket(): could not receive data: 9
[ 48818][E][WiFiUdp.cpp:221] parsePacket(): could not receive data: 9
[ 48826][E][WiFiUdp.cpp:221] parsePacket(): could not receive data: 9
[ 48834][E][WiFiUdp.cpp:221] parsePacket(): could not receive data: 9
[ 48842][E][WiFiUdp.cpp:221] parsePacket(): could not receive data: 9
[ 48850][E][WiFiUdp.cpp:221] parsePacket(): could not receive data: 9
[ 48858][E][WiFiUdp.cpp:221] parsePacket(): could not receive data: 9
[ 48866][E][WiFiUdp.cpp:221] parsePacket(): could not receive data: 9
[ 48874][E][WiFiUdp.cpp:221] parsePacket(): could not receive data: 9
[ 48882][E][WiFiUdp.cpp:221] parsePacket(): could not receive data: 9
[ 48890][E][WiFiUdp.cpp:221] parsePacket(): could not receive data: 9
[ 48898][E][WiFiUdp.cpp:221] parsePacket(): could not receive data: 9
[ 48906][E][WiFiUdp.cpp:221] parsePacket(): could not receive data: 9
[ 48914][E][WiFiUdp.cpp:221] parsePacket(): could not receive data: 9
[ 48922][E][WiFiUdp.cpp:221] parsePacket(): could not receive data: 9
[ 48930][E][WiFiUdp.cpp:221] parsePacket(): could not receive data: 9
[ 48938][E][WiFiUdp.cpp:221] parsePacket(): could not receive data: 9
[ 48946][E][WiFiUdp.cpp:221] parsePacket(): could not receive data: 9
[ 48954][E][WiFiUdp.cpp:221] parsePacket(): could not receive data: 9
[ 48962][E][WiFiUdp.cpp:221] parsePacket(): could not receive data: 9
[ 48970][E][WiFiUdp.cpp:221] parsePacket(): could not receive data: 9
[ 48978][E][WiFiUdp.cpp:221] parsePacket(): could not receive data: 9
[ 48986][E][WiFiUdp.cpp:221] parsePacket(): could not receive data: 9
[ 48994][E][WiFiUdp.cpp:221] parsePacket(): could not receive data: 9
[ 49002][E][WiFiUdp.cpp:221] parsePacket(): could not receive data: 9
[ 49010][E][WiFiUdp.cpp:221] parsePacket(): could not receive data: 9
[ 49018][E][WiFiUdp.cpp:221] parsePacket(): could not receive data: 9
[ 49026][E][WiFiUdp.cpp:221] parsePacket(): could not receive data: 9
[ 49034][E][WiFiUdp.cpp:221] parsePacket(): could not receive data: 9
[ 49042][E][WiFiUdp.cpp:221] parsePacket(): could not receive data: 9
[ 49050][E][WiFiUdp.cpp:221] parsePacket(): could not receive data: 9
[ 49058][E][WiFiUdp.cpp:221] parsePacket(): could not receive data: 9
[ 49066][E][WiFiUdp.cpp:221] parsePacket(): could not receive data: 9
[ 49074][E][WiFiUdp.cpp:221] parsePacket(): could not receive data: 9
[ 49082][E][WiFiUdp.cpp:221] parsePacket(): could not receive data: 9
[ 49090][E][WiFiUdp.cpp:221] parsePacket(): could not receive data: 9
[ 49098][E][WiFiUdp.cpp:221] parsePacket(): could not receive data: 9
[ 49106][E][WiFiUdp.cpp:221] parsePacket(): could not receive data: 9
[ 49114][E][WiFiUdp.cpp:221] parsePacket(): could not receive data: 9
[ 49122][E][WiFiUdp.cpp:221] parsePacket(): could not receive data: 9
[ 49130][E][WiFiUdp.cpp:221] parsePacket(): could not receive data: 9
[ 49138][E][WiFiUdp.cpp:221] parsePacket(): could not receive data: 9
[ 49146][E][WiFiUdp.cpp:221] parsePacket(): could not receive data: 9
[ 49154][E][WiFiUdp.cpp:221] parsePacket(): could not receive data: 9
[ 49162][E][WiFiUdp.cpp:221] parsePacket(): could not receive data: 9
[ 49170][E][WiFiUdp.cpp:221] parsePacket(): could not receive data: 9
[ 49178][E][WiFiUdp.cpp:221] parsePacket(): could not receive data: 9
[ 49186][E][WiFiUdp.cpp:221] parsePacket(): could not receive data: 9
[ 49194][E][WiFiUdp.cpp:221] parsePacket(): could not receive data: 9
[ 49202][E][WiFiUdp.cpp:221] parsePacket(): could not receive data: 9
[ 49210][E][WiFiUdp.cpp:221] parsePacket(): could not receive data: 9
[ 49218][E][WiFiUdp.cpp:221] parsePacket(): could not receive data: 9
[ 49226][E][WiFiUdp.cpp:221] parsePacket(): could not receive data: 9
[ 49234][E][WiFiUdp.cpp:221] parsePacket(): could not receive data: 9
[ 49242][E][WiFiUdp.cpp:221] parsePacket(): could not receive data: 9
[ 49250][E][WiFiUdp.cpp:221] parsePacket(): could not receive data: 9
[ 49258][E][WiFiUdp.cpp:221] parsePacket(): could not receive data: 9
[ 49266][E][WiFiUdp.cpp:221] parsePacket(): could not receive data: 9
[ 49274][E][WiFiUdp.cpp:221] parsePacket(): could not receive data: 9
[ 49282][E][WiFiUdp.cpp:221] parsePacket(): could not receive data: 9
[ 49290][E][WiFiUdp.cpp:221] parsePacket(): could not receive data: 9
[ 49298][E][WiFiUdp.cpp:221] parsePacket(): could not receive data: 9
[ 49306][E][WiFiUdp.cpp:221] parsePacket(): could not receive data: 9
[ 49314][E][WiFiUdp.cpp:221] parsePacket(): could not receive data: 9
[ 49322][E][WiFiUdp.cpp:221] parsePacket(): could not receive data: 9
[ 49330][E][WiFiUdp.cpp:221] parsePacket(): could not receive data: 9
[ 49338][E][WiFiUdp.cpp:221] parsePacket(): could not receive data: 9
[ 49346][E][WiFiUdp.cpp:221] parsePacket(): could not receive data: 9
[ 49354][E][WiFiUdp.cpp:221] parsePacket(): could not receive data: 9
[ 49362][E][WiFiUdp.cpp:221] parsePacket(): could not receive data: 9
[ 49370][E][WiFiUdp.cpp:221] parsePacket(): could not receive data: 9
[ 49378][E][WiFiUdp.cpp:221] parsePacket(): could not receive data: 9
[ 49386][E][WiFiUdp.cpp:221] parsePacket(): could not receive data: 9
[ 49394][E][WiFiUdp.cpp:221] parsePacket(): could not receive data: 9
[ 49402][E][WiFiUdp.cpp:221] parsePacket(): could not receive data: 9
[ 49410][E][WiFiUdp.cpp:221] parsePacket(): could not receive data: 9
[ 49418][E][WiFiUdp.cpp:221] parsePacket(): could not receive data: 9
[ 49426][E][WiFiUdp.cpp:221] parsePacket(): could not receive data: 9
[ 49434][E][WiFiUdp.cpp:221] parsePacket(): could not receive data: 9
[ 49442][E][WiFiUdp.cpp:221] parsePacket(): could not receive data: 9
[ 49450][E][WiFiUdp.cpp:221] parsePacket(): could not receive data: 9
[ 49458][E][WiFiUdp.cpp:221] parsePacket(): could not receive data: 9
[ 49466][E][WiFiUdp.cpp:221] parsePacket(): could not receive data: 9
[ 49474][E][WiFiUdp.cpp:221] parsePacket(): could not receive data: 9
[ 49482][E][WiFiUdp.cpp:221] parsePacket(): could not receive data: 9
[ 49490][E][WiFiUdp.cpp:221] parsePacket(): could not receive data: 9
[ 49498][E][WiFiUdp.cpp:221] parsePacket(): could not receive data: 9
[ 49506][E][WiFiUdp.cpp:221] parsePacket(): could not receive data: 9
[ 49514][E][WiFiUdp.cpp:221] parsePacket(): could not receive data: 9
[ 49522][E][WiFiUdp.cpp:221] parsePacket(): could not receive data: 9
[ 49530][E][WiFiUdp.cpp:221] parsePacket(): could not receive data: 9
[ 49538][E][WiFiUdp.cpp:221] parsePacket(): could not receive data: 9
[ 49546][E][WiFiUdp.cpp:221] parsePacket(): could not receive data: 9
[ 49554][E][WiFiUdp.cpp:221] parsePacket(): could not receive data: 9
[ 49562][E][WiFiUdp.cpp:221] parsePacket(): could not receive data: 9
[ 49570][E][WiFiUdp.cpp:221] parsePacket(): could not receive data: 9
[ 49578][E][WiFiUdp.cpp:221] parsePacket(): could not receive data: 9
[ 49586][E][WiFiUdp.cpp:221] parsePacket(): could not receive data: 9
[ 49594][E][WiFiUdp.cpp:221] parsePacket(): could not receive data: 9
[ 49602][E][WiFiUdp.cpp:221] parsePacket(): could not receive data: 9
[ 49610][E][WiFiUdp.cpp:221] parsePacket(): could not receive data: 9
[ 49618][E][WiFiUdp.cpp:221] parsePacket(): could not receive data: 9
[ 49626][E][WiFiUdp.cpp:221] parsePacket(): could not receive data: 9
[ 49634][E][WiFiUdp.cpp:221] parsePacket(): could not receive data: 9
[ 49642][E][WiFiUdp.cpp:221] parsePacket(): could not receive data: 9
[ 49650][E][WiFiUdp.cpp:221] parsePacket(): could not receive data: 9
[ 49658][E][WiFiUdp.cpp:221] parsePacket(): could not receive data: 9
[ 49666][E][WiFiUdp.cpp:221] parsePacket(): could not receive data: 9
[ 49674][E][WiFiUdp.cpp:221] parsePacket(): could not receive data: 9
[ 49682][E][WiFiUdp.cpp:221] parsePacket(): could not receive data: 9
[ 49690][E][WiFiUdp.cpp:221] parsePacket(): could not receive data: 9
[ 49698][E][WiFiUdp.cpp:221] parsePacket(): could not receive data: 9
[ 49706][E][WiFiUdp.cpp:221] parsePacket(): could not receive data: 9
[ 49714][E][WiFiUdp.cpp:221] parsePacket(): could not receive data: 9
[ 49722][E][WiFiUdp.cpp:221] parsePacket(): could not receive data: 9
[ 49730][E][WiFiUdp.cpp:221] parsePacket(): could not receive data: 9
[ 49738][E][WiFiUdp.cpp:221] parsePacket(): could not receive data: 9
[ 49746][E][WiFiUdp.cpp:221] parsePacket(): could not receive data: 9
[ 49754][E][WiFiUdp.cpp:221] parsePacket(): could not receive data: 9
[ 49762][E][WiFiUdp.cpp:221] parsePacket(): could not receive data: 9
[ 49770][E][WiFiUdp.cpp:221] parsePacket(): could not receive data: 9
[ 49778][E][WiFiUdp.cpp:221] parsePacket(): could not receive data: 9
[ 49786][E][WiFiUdp.cpp:221] parsePacket(): could not receive data: 9
[ 49794][E][WiFiUdp.cpp:221] parsePacket(): could not receive data: 9
[ 49802][E][WiFiUdp.cpp:221] parsePacket(): could not receive data: 9
[ 49810][E][WiFiUdp.cpp:221] parsePacket(): could not receive data: 9
[ 49818][E][WiFiUdp.cpp:221] parsePacket(): could not receive data: 9
[ 49826][E][WiFiUdp.cpp:221] parsePacket(): could not receive data: 9
[ 49834][E][WiFiUdp.cpp:221] parsePacket(): could not receive data: 9
[ 49842][E][WiFiUdp.cpp:221] parsePacket(): could not receive data: 9
[ 49850][E][WiFiUdp.cpp:221] parsePacket(): could not receive data: 9
[ 49858][E][WiFiUdp.cpp:221] parsePacket(): could not receive data: 9
[ 49866][E][WiFiUdp.cpp:221] parsePacket(): could not receive data: 9
[ 49874][E][WiFiUdp.cpp:221] parsePacket(): could not receive data: 9
[ 49882][E][WiFiUdp.cpp:221] parsePacket(): could not receive data: 9
[ 49890][E][WiFiUdp.cpp:221] parsePacket(): could not receive data: 9
[ 49898][E][WiFiUdp.cpp:221] parsePacket(): could not receive data: 9
[ 49906][E][WiFiUdp.cpp:221] parsePacket(): could not receive data: 9
[ 49914][E][WiFiUdp.cpp:221] parsePacket(): could not receive data: 9
[ 49922][E][WiFiUdp.cpp:221] parsePacket(): could not receive data: 9
[ 49930][E][WiFiUdp.cpp:221] parsePacket(): could not receive data: 9
[ 49938][E][WiFiUdp.cpp:221] parsePacket(): could not receive data: 9
[ 49946][E][WiFiUdp.cpp:221] parsePacket(): could not receive data: 9
[ 49954][E][WiFiUdp.cpp:221] parsePacket(): could not receive data: 9
[ 49962][E][WiFiUdp.cpp:221] parsePacket(): could not receive data: 9
[ 49970][E][WiFiUdp.cpp:221] parsePacket(): could not receive data: 9
[ 49978][E][WiFiUdp.cpp:221] parsePacket(): could not receive data: 9
[ 49986][E][WiFiUdp.cpp:221] parsePacket(): could not receive data: 9
[ 49994][E][WiFiUdp.cpp:221] parsePacket(): could not receive data: 9
[ 50002][E][WiFiUdp.cpp:221] parsePacket(): could not receive data: 9
[ 50010][E][WiFiUdp.cpp:221] parsePacket(): could not receive data: 9
[ 50018][E][WiFiUdp.cpp:221] parsePacket(): could not receive data: 9
[ 50026][E][WiFiUdp.cpp:221] parsePacket(): could not receive data: 9
[ 50034][E][WiFiUdp.cpp:221] parsePacket(): could not receive data: 9
[ 50042][E][WiFiUdp.cpp:221] parsePacket(): could not receive data: 9
[ 50050][E][WiFiUdp.cpp:221] parsePacket(): could not receive data: 9
[ 50058][E][WiFiUdp.cpp:221] parsePacket(): could not receive data: 9
[ 50066][E][WiFiUdp.cpp:221] parsePacket(): could not receive data: 9
[ 50074][E][WiFiUdp.cpp:221] parsePacket(): could not receive data: 9
[ 50082][E][WiFiUdp.cpp:221] parsePacket(): could not receive data: 9
[ 50090][E][WiFiUdp.cpp:221] parsePacket(): could not receive data: 9
[ 50098][E][WiFiUdp.cpp:221] parsePacket(): could not receive data: 9
[ 50106][E][WiFiUdp.cpp:221] parsePacket(): could not receive data: 9
[ 50114][E][WiFiUdp.cpp:221] parsePacket(): could not receive data: 9
[ 50122][E][WiFiUdp.cpp:221] parsePacket(): could not receive data: 9
[ 50130][E][WiFiUdp.cpp:221] parsePacket(): could not receive data: 9
[ 50138][E][WiFiUdp.cpp:221] parsePacket(): could not receive data: 9
[ 50146][E][WiFiUdp.cpp:221] parsePacket(): could not receive data: 9
[ 50154][E][WiFiUdp.cpp:221] parsePacket(): could not receive data: 9
[ 50162][E][WiFiUdp.cpp:221] parsePacket(): could not receive data: 9
[ 50170][E][WiFiUdp.cpp:221] parsePacket(): could not receive data: 9
[ 50178][E][WiFiUdp.cpp:221] parsePacket(): could not receive data: 9
[ 50186][E][WiFiUdp.cpp:221] parsePacket(): could not receive data: 9
[ 50194][E][WiFiUdp.cpp:221] parsePacket(): could not receive data: 9
[ 50202][E][WiFiUdp.cpp:221] parsePacket(): could not receive data: 9
[ 50210][E][WiFiUdp.cpp:221] parsePacket(): could not receive data: 9
[ 50218][E][WiFiUdp.cpp:221] parsePacket(): could not receive data: 9
[ 50226][E][WiFiUdp.cpp:221] parsePacket(): could not receive data: 9
[ 50234][E][WiFiUdp.cpp:221] parsePacket(): could not receive data: 9
[ 50242][E][WiFiUdp.cpp:221] parsePacket(): could not receive data: 9
[ 50250][E][WiFiUdp.cpp:221] parsePacket(): could not receive data: 9
[ 50258][E][WiFiUdp.cpp:221] parsePacket(): could not receive data: 9
[ 50266][E][WiFiUdp.cpp:221] parsePacket(): could not receive data: 9
[ 50274][E][WiFiUdp.cpp:221] parsePacket(): could not receive data: 9
[ 50282][E][WiFiUdp.cpp:221] parsePacket(): could not receive data: 9
[ 50290][E][WiFiUdp.cpp:221] parsePacket(): could not receive data: 9
[ 50298][E][WiFiUdp.cpp:221] parsePacket(): could not receive data: 9
[ 50306][E][WiFiUdp.cpp:221] parsePacket(): could not receive data: 9
[ 50314][E][WiFiUdp.cpp:221] parsePacket(): could not receive data: 9
[ 50322][E][WiFiUdp.cpp:221] parsePacket(): could not receive data: 9
[ 50330][E][WiFiUdp.cpp:221] parsePacket(): could not receive data: 9
[ 50338][E][WiFiUdp.cpp:221] parsePacket(): could not receive data: 9
[ 50346][E][WiFiUdp.cpp:221] parsePacket(): could not receive data: 9
[ 50354][E][WiFiUdp.cpp:221] parsePacket(): could not receive data: 9
[ 50362][E][WiFiUdp.cpp:221] parsePacket(): could not receive data: 9
[ 50370][E][WiFiUdp.cpp:221] parsePacket(): could not receive data: 9
[ 50378][E][WiFiUdp.cpp:221] parsePacket(): could not receive data: 9
[ 50386][E][WiFiUdp.cpp:221] parsePacket(): could not receive data: 9
[ 50394][E][WiFiUdp.cpp:221] parsePacket(): could not receive data: 9
[ 50402][E][WiFiUdp.cpp:221] parsePacket(): could not receive data: 9
[ 50410][E][WiFiUdp.cpp:221] parsePacket(): could not receive data: 9
[ 50418][E][WiFiUdp.cpp:221] parsePacket(): could not receive data: 9
[ 50426][E][WiFiUdp.cpp:221] parsePacket(): could not receive data: 9
[ 50434][E][WiFiUdp.cpp:221] parsePacket(): could not receive data: 9
[ 50442][E][WiFiUdp.cpp:221] parsePacket(): could not receive data: 9
[ 50450][E][WiFiUdp.cpp:221] parsePacket(): could not receive data: 9
[ 50458][E][WiFiUdp.cpp:221] parsePacket(): could not receive data: 9
[ 50466][E][WiFiUdp.cpp:221] parsePacket(): could not receive data: 9
[ 50474][E][WiFiUdp.cpp:221] parsePacket(): could not receive data: 9
[ 50482][E][WiFiUdp.cpp:221] parsePacket(): could not receive data: 9
[ 50490][E][WiFiUdp.cpp:221] parsePacket(): could not receive data: 9
[ 50498][E][WiFiUdp.cpp:221] parsePacket(): could not receive data: 9
[ 50506][E][WiFiUdp.cpp:221] parsePacket(): could not receive data: 9
[ 50514][E][WiFiUdp.cpp:221] parsePacket(): could not receive data: 9
[ 50522][E][WiFiUdp.cpp:221] parsePacket(): could not receive data: 9
[ 50530][E][WiFiUdp.cpp:221] parsePacket(): could not receive data: 9
[ 50538][E][WiFiUdp.cpp:221] parsePacket(): could not receive data: 9
[ 50546][E][WiFiUdp.cpp:221] parsePacket(): could not receive data: 9
[ 50554][E][WiFiUdp.cpp:221] parsePacket(): could not receive data: 9
[ 50562][E][WiFiUdp.cpp:221] parsePacket(): could not receive data: 9
[ 50570][E][WiFiUdp.cpp:221] parsePacket(): could not receive data: 9
[ 50578][E][WiFiUdp.cpp:221] parsePacket(): could not receive data: 9
[ 50586][E][WiFiUdp.cpp:221] parsePacket(): could not receive data: 9
[ 50594][E][WiFiUdp.cpp:221] parsePacket(): could not receive data: 9
[ 50602][E][WiFiUdp.cpp:221] parsePacket(): could not receive data: 9
[ 50610][E][WiFiUdp.cpp:221] parsePacket(): could not receive data: 9
[ 50618][E][WiFiUdp.cpp:221] parsePacket(): could not receive data: 9
[ 50626][E][WiFiUdp.cpp:221] parsePacket(): could not receive data: 9
[ 50634][E][WiFiUdp.cpp:221] parsePacket(): could not receive data: 9
[ 50642][E][WiFiUdp.cpp:221] parsePacket(): could not receive data: 9
[ 50650][E][WiFiUdp.cpp:221] parsePacket(): could not receive data: 9
[ 50658][E][WiFiUdp.cpp:221] parsePacket(): could not receive data: 9
[ 50666][E][WiFiUdp.cpp:221] parsePacket(): could not receive data: 9
[ 50674][E][WiFiUdp.cpp:221] parsePacket(): could not receive data: 9
[ 50682][E][WiFiUdp.cpp:221] parsePacket(): could not receive data: 9
[ 50690][E][WiFiUdp.cpp:221] parsePacket(): could not receive data: 9
[ 50698][E][WiFiUdp.cpp:221] parsePacket(): could not receive data: 9
[ 50706][E][WiFiUdp.cpp:221] parsePacket(): could not receive data: 9
[ 50714][E][WiFiUdp.cpp:221] parsePacket(): could not receive data: 9
[ 50722][E][WiFiUdp.cpp:221] parsePacket(): could not receive data: 9
[ 50730][E][WiFiUdp.cpp:221] parsePacket(): could not receive data: 9
[ 50738][E][WiFiUdp.cpp:221] parsePacket(): could not receive data: 9
[ 50746][E][WiFiUdp.cpp:221] parsePacket(): could not receive data: 9
[ 50754][E][WiFiUdp.cpp:221] parsePacket(): could not receive data: 9
[ 50762][E][WiFiUdp.cpp:221] parsePacket(): could not receive data: 9
[ 50770][E][WiFiUdp.cpp:221] parsePacket(): could not receive data: 9
[ 50778][E][WiFiUdp.cpp:221] parsePacket(): could not receive data: 9
[ 50786][E][WiFiUdp.cpp:221] parsePacket(): could not receive data: 9
[ 50794][E][WiFiUdp.cpp:221] parsePacket(): could not receive data: 9
[ 50802][E][WiFiUdp.cpp:221] parsePacket(): could not receive data: 9
[ 50810][E][WiFiUdp.cpp:221] parsePacket(): could not receive data: 9
[ 50818][E][WiFiUdp.cpp:221] parsePacket(): could not receive data: 9
[ 50826][E][WiFiUdp.cpp:221] parsePacket(): could not receive data: 9
[ 50834][E][WiFiUdp.cpp:221] parsePacket(): could not receive data: 9
[ 50842][E][WiFiUdp.cpp:221] parsePacket(): could not receive data: 9
[ 50850][E][WiFiUdp.cpp:221] parsePacket(): could not receive data: 9
[ 50858][E][WiFiUdp.cpp:221] parsePacket(): could not receive data: 9
[ 50866][E][WiFiUdp.cpp:221] parsePacket(): could not receive data: 9
[ 50874][E][WiFiUdp.cpp:221] parsePacket(): could not receive data: 9
[ 50882][E][WiFiUdp.cpp:221] parsePacket(): could not receive data: 9
[ 50890][E][WiFiUdp.cpp:221] parsePacket(): could not receive data: 9
[ 50898][E][WiFiUdp.cpp:221] parsePacket(): could not receive data: 9
[ 50906][E][WiFiUdp.cpp:221] parsePacket(): could not receive data: 9
[ 50914][E][WiFiUdp.cpp:221] parsePacket(): could not receive data: 9
[ 50922][E][WiFiUdp.cpp:221] parsePacket(): could not receive data: 9
[ 50930][E][WiFiUdp.cpp:221] parsePacket(): could not receive data: 9
[ 50938][E][WiFiUdp.cpp:221] parsePacket(): could not receive data: 9
[ 50946][E][WiFiUdp.cpp:221] parsePacket(): could not receive data: 9
[ 50954][E][WiFiUdp.cpp:221] parsePacket(): could not receive data: 9
[ 50962][E][WiFiUdp.cpp:221] parsePacket(): could not receive data: 9
[ 50970][E][WiFiUdp.cpp:221] parsePacket(): could not receive data: 9
[ 50978][E][WiFiUdp.cpp:221] parsePacket(): could not receive data: 9
[ 50986][E][WiFiUdp.cpp:221] parsePacket(): could not receive data: 9
[ 50994][E][WiFiUdp.cpp:221] parsePacket(): could not receive data: 9
[ 51002][E][WiFiUdp.cpp:221] parsePacket(): could not receive data: 9
[ 51010][E][WiFiUdp.cpp:221] parsePacket(): could not receive data: 9
[ 51018][E][WiFiUdp.cpp:221] parsePacket(): could not receive data: 9
[ 51026][E][WiFiUdp.cpp:221] parsePacket(): could not receive data: 9
[ 51034][E][WiFiUdp.cpp:221] parsePacket(): could not receive data: 9
[ 51042][E][WiFiUdp.cpp:221] parsePacket(): could not receive data: 9
[ 51050][E][WiFiUdp.cpp:221] parsePacket(): could not receive data: 9
[ 51058][E][WiFiUdp.cpp:221] parsePacket(): could not receive data: 9
[ 51066][E][WiFiUdp.cpp:221] parsePacket(): could not receive data: 9
[ 51074][E][WiFiUdp.cpp:221] parsePacket(): could not receive data: 9
[ 51082][E][WiFiUdp.cpp:221] parsePacket(): could not receive data: 9
[ 51090][E][WiFiUdp.cpp:221] parsePacket(): could not receive data: 9
[ 51098][E][WiFiUdp.cpp:221] parsePacket(): could not receive data: 9
[ 51106][E][WiFiUdp.cpp:221] parsePacket(): could not receive data: 9
[ 51114][E][WiFiUdp.cpp:221] parsePacket(): could not receive data: 9
[ 51122][E][WiFiUdp.cpp:221] parsePacket(): could not receive data: 9
[ 51130][E][WiFiUdp.cpp:221] parsePacket(): could not receive data: 9
[ 51138][E][WiFiUdp.cpp:221] parsePacket(): could not receive data: 9
[ 51146][E][WiFiUdp.cpp:221] parsePacket(): could not receive data: 9
[ 51154][E][WiFiUdp.cpp:221] parsePacket(): could not receive data: 9
[ 51162][E][WiFiUdp.cpp:221] parsePacket(): could not receive data: 9
[ 51170][E][WiFiUdp.cpp:221] parsePacket(): could not receive data: 9
[ 51178][E][WiFiUdp.cpp:221] parsePacket(): could not receive data: 9
[ 51186][E][WiFiUdp.cpp:221] parsePacket(): could not receive data: 9
[ 51194][E][WiFiUdp.cpp:221] parsePacket(): could not receive data: 9
[ 51202][E][WiFiUdp.cpp:221] parsePacket(): could not receive data: 9
[ 51210][E][WiFiUdp.cpp:221] parsePacket(): could not receive data: 9
[ 51218][E][WiFiUdp.cpp:221] parsePacket(): could not receive data: 9
[ 51226][E][WiFiUdp.cpp:221] parsePacket(): could not receive data: 9
[ 51234][E][WiFiUdp.cpp:221] parsePacket(): could not receive data: 9
[ 51242][E][WiFiUdp.cpp:221] parsePacket(): could not receive data: 9
[ 51250][E][WiFiUdp.cpp:221] parsePacket(): could not receive data: 9
[ 51258][E][WiFiUdp.cpp:221] parsePacket(): could not receive data: 9
[ 51266][E][WiFiUdp.cpp:221] parsePacket(): could not receive data: 9
[ 51274][E][WiFiUdp.cpp:221] parsePacket(): could not receive data: 9
[ 51282][E][WiFiUdp.cpp:221] parsePacket(): could not receive data: 9
[ 51290][E][WiFiUdp.cpp:221] parsePacket(): could not receive data: 9
[ 51298][E][WiFiUdp.cpp:221] parsePacket(): could not receive data: 9
[ 51306][E][WiFiUdp.cpp:221] parsePacket(): could not receive data: 9
[ 51314][E][WiFiUdp.cpp:221] parsePacket(): could not receive data: 9
[ 51322][E][WiFiUdp.cpp:221] parsePacket(): could not receive data: 9
[ 51330][E][WiFiUdp.cpp:221] parsePacket(): could not receive data: 9
[ 51338][E][WiFiUdp.cpp:221] parsePacket(): could not receive data: 9
[ 51346][E][WiFiUdp.cpp:221] parsePacket(): could not receive data: 9
[ 51354][E][WiFiUdp.cpp:221] parsePacket(): could not receive data: 9
[ 51362][E][WiFiUdp.cpp:221] parsePacket(): could not receive data: 9
[ 51370][E][WiFiUdp.cpp:221] parsePacket(): could not receive data: 9
[ 51378][E][WiFiUdp.cpp:221] parsePacket(): could not receive data: 9
[ 51386][E][WiFiUdp.cpp:221] parsePacket(): could not receive data: 9
[ 51394][E][WiFiUdp.cpp:221] parsePacket(): could not receive data: 9
[ 51402][E][WiFiUdp.cpp:221] parsePacket(): could not receive data: 9
[ 51410][E][WiFiUdp.cpp:221] parsePacket(): could not receive data: 9
[ 51418][E][WiFiUdp.cpp:221] parsePacket(): could not receive data: 9
[ 51426][E][WiFiUdp.cpp:221] parsePacket(): could not receive data: 9
[ 51434][E][WiFiUdp.cpp:221] parsePacket(): could not receive data: 9
[ 51442][E][WiFiUdp.cpp:221] parsePacket(): could not receive data: 9
[ 51450][E][WiFiUdp.cpp:221] parsePacket(): could not receive data: 9
[ 51458][E][WiFiUdp.cpp:221] parsePacket(): could not receive data: 9
[ 51466][E][WiFiUdp.cpp:221] parsePacket(): could not receive data: 9
[ 51474][E][WiFiUdp.cpp:221] parsePacket(): could not receive data: 9
[ 51482][E][WiFiUdp.cpp:221] parsePacket(): could not receive data: 9
[ 51490][E][WiFiUdp.cpp:221] parsePacket(): could not receive data: 9
[ 51498][E][WiFiUdp.cpp:221] parsePacket(): could not receive data: 9
[ 51506][E][WiFiUdp.cpp:221] parsePacket(): could not receive data: 9
[ 51514][E][WiFiUdp.cpp:221] parsePacket(): could not receive data: 9
[ 51522][E][WiFiUdp.cpp:221] parsePacket(): could not receive data: 9
[ 51530][E][WiFiUdp.cpp:221] parsePacket(): could not receive data: 9
[ 51538][E][WiFiUdp.cpp:221] parsePacket(): could not receive data: 9
[ 51546][E][WiFiUdp.cpp:221] parsePacket(): could not receive data: 9
[ 51554][E][WiFiUdp.cpp:221] parsePacket(): could not receive data: 9
[ 51562][E][WiFiUdp.cpp:221] parsePacket(): could not receive data: 9
[ 51570][E][WiFiUdp.cpp:221] parsePacket(): could not receive data: 9
[ 51578][E][WiFiUdp.cpp:221] parsePacket(): could not receive data: 9
[ 51586][E][WiFiUdp.cpp:221] parsePacket(): could not receive data: 9
[ 51594][E][WiFiUdp.cpp:221] parsePacket(): could not receive data: 9
[ 51602][E][WiFiUdp.cpp:221] parsePacket(): could not receive data: 9
[ 51610][E][WiFiUdp.cpp:221] parsePacket(): could not receive data: 9
[ 51618][E][WiFiUdp.cpp:221] parsePacket(): could not receive data: 9
[ 51626][E][WiFiUdp.cpp:221] parsePacket(): could not receive data: 9
[ 51634][E][WiFiUdp.cpp:221] parsePacket(): could not receive data: 9
[ 51642][E][WiFiUdp.cpp:221] parsePacket(): could not receive data: 9
[ 51650][E][WiFiUdp.cpp:221] parsePacket(): could not receive data: 9
[ 51658][E][WiFiUdp.cpp:221] parsePacket(): could not receive data: 9
[ 51666][E][WiFiUdp.cpp:221] parsePacket(): could not receive data: 9
[ 51674][E][WiFiUdp.cpp:221] parsePacket(): could not receive data: 9
[ 51682][E][WiFiUdp.cpp:221] parsePacket(): could not receive data: 9
[ 51690][E][WiFiUdp.cpp:221] parsePacket(): could not receive data: 9
[ 51698][E][WiFiUdp.cpp:221] parsePacket(): could not receive data: 9
[ 51706][E][WiFiUdp.cpp:221] parsePacket(): could not receive data: 9
No Sensor found on bus! Rescanning...
No Sensor found on bus! Rescanning...
[ 52019][E][WiFiUdp.cpp:221] parsePacket(): could not receive data: 9
[ 52027][E][WiFiUdp.cpp:221] parsePacket(): could not receive data: 9
[ 52035][E][WiFiUdp.cpp:221] parsePacket(): could not receive data: 9
[ 52043][E][WiFiUdp.cpp:221] parsePacket(): could not receive data: 9
[ 52051][E][WiFiUdp.cpp:221] parsePacket(): could not receive data: 9
[ 52059][E][WiFiUdp.cpp:221] parsePacket(): could not receive data: 9
[ 52067][E][WiFiUdp.cpp:221] parsePacket(): could not receive data: 9
[ 52075][E][WiFiUdp.cpp:221] parsePacket(): could not receive data: 9
[ 52083][E][WiFiUdp.cpp:221] parsePacket(): could not receive data: 9
[ 52091][E][WiFiUdp.cpp:221] parsePacket(): could not receive data: 9
[ 52099][E][WiFiUdp.cpp:221] parsePacket(): could not receive data: 9
[ 52107][E][WiFiUdp.cpp:221] parsePacket(): could not receive data: 9
[ 52115][E][WiFiUdp.cpp:221] parsePacket(): could not receive data: 9
[ 52123][E][WiFiUdp.cpp:221] parsePacket(): could not receive data: 9
[ 52131][E][WiFiUdp.cpp:221] parsePacket(): could not receive data: 9
[ 52139][E][WiFiUdp.cpp:221] parsePacket(): could not receive data: 9
[ 52147][E][WiFiUdp.cpp:221] parsePacket(): could not receive data: 9
[ 52155][E][WiFiUdp.cpp:221] parsePacket(): could not receive data: 9
[ 52163][E][WiFiUdp.cpp:221] parsePacket(): could not receive data: 9
[ 52171][E][WiFiUdp.cpp:221] parsePacket(): could not receive data: 9
[ 52179][E][WiFiUdp.cpp:221] parsePacket(): could not receive data: 9
[ 52187][E][WiFiUdp.cpp:221] parsePacket(): could not receive data: 9
[ 52195][E][WiFiUdp.cpp:221] parsePacket(): could not receive data: 9
[ 52203][E][WiFiUdp.cpp:221] parsePacket(): could not receive data: 9
[ 52211][E][WiFiUdp.cpp:221] parsePacket(): could not receive data: 9
[ 52219][E][WiFiUdp.cpp:221] parsePacket(): could not receive data: 9
[ 52227][E][WiFiUdp.cpp:221] parsePacket(): could not receive data: 9
[ 52235][E][WiFiUdp.cpp:221] parsePacket(): could not receive data: 9
[ 52243][E][WiFiUdp.cpp:221] parsePacket(): could not receive data: 9
[ 52251][E][WiFiUdp.cpp:221] parsePacket(): could not receive data: 9
[ 52259][E][WiFiUdp.cpp:221] parsePacket(): could not receive data: 9
[ 52267][E][WiFiUdp.cpp:221] parsePacket(): could not receive data: 9
[ 52275][E][WiFiUdp.cpp:221] parsePacket(): could not receive data: 9
[ 52283][E][WiFiUdp.cpp:221] parsePacket(): could not receive data: 9
[ 52291][E][WiFiUdp.cpp:221] parsePacket(): could not receive data: 9
[ 52299][E][WiFiUdp.cpp:221] parsePacket(): could not receive data: 9
[ 52307][E][WiFiUdp.cpp:221] parsePacket(): could not receive data: 9
[ 52315][E][WiFiUdp.cpp:221] parsePacket(): could not receive data: 9
[ 52323][E][WiFiUdp.cpp:221] parsePacket(): could not receive data: 9
[ 52331][E][WiFiUdp.cpp:221] parsePacket(): could not receive data: 9
[ 52339][E][WiFiUdp.cpp:221] parsePacket(): could not receive data: 9
[ 52347][E][WiFiUdp.cpp:221] parsePacket(): could not receive data: 9
[ 52355][E][WiFiUdp.cpp:221] parsePacket(): could not receive data: 9
[ 52363][E][WiFiUdp.cpp:221] parsePacket(): could not receive data: 9
[ 52371][E][WiFiUdp.cpp:221] parsePacket(): could not receive data: 9
[ 52379][E][WiFiUdp.cpp:221] parsePacket(): could not receive data: 9
[ 52387][E][WiFiUdp.cpp:221] parsePacket(): could not receive data: 9
[ 52395][E][WiFiUdp.cpp:221] parsePacket(): could not receive data: 9
[ 52403][E][WiFiUdp.cpp:221] parsePacket(): could not receive data: 9
[ 52411][E][WiFiUdp.cpp:221] parsePacket(): could not receive data: 9
[ 52419][E][WiFiUdp.cpp:221] parsePacket(): could not receive data: 9
[ 52427][E][WiFiUdp.cpp:221] parsePacket(): could not receive data: 9
[ 52435][E][WiFiUdp.cpp:221] parsePacket(): could not receive data: 9
[ 52443][E][WiFiUdp.cpp:221] parsePacket(): could not receive data: 9
[ 52451][E][WiFiUdp.cpp:221] parsePacket(): could not receive data: 9
[ 52459][E][WiFiUdp.cpp:221] parsePacket(): could not receive data: 9
[ 52467][E][WiFiUdp.cpp:221] parsePacket(): could not receive data: 9
[ 52475][E][WiFiUdp.cpp:221] parsePacket(): could not receive data: 9
[ 52483][E][WiFiUdp.cpp:221] parsePacket(): could not receive data: 9
[ 52491][E][WiFiUdp.cpp:221] parsePacket(): could not receive data: 9
[ 52499][E][WiFiUdp.cpp:221] parsePacket(): could not receive data: 9
[ 52507][E][WiFiUdp.cpp:221] parsePacket(): could not receive data: 9
[ 52515][E][WiFiUdp.cpp:221] parsePacket(): could not receive data: 9
[ 52523][E][WiFiUdp.cpp:221] parsePacket(): could not receive data: 9
[ 52531][E][WiFiUdp.cpp:221] parsePacket(): could not receive data: 9
[ 52539][E][WiFiUdp.cpp:221] parsePacket(): could not receive data: 9
[ 52547][E][WiFiUdp.cpp:221] parsePacket(): could not receive data: 9
[ 52555][E][WiFiUdp.cpp:221] parsePacket(): could not receive data: 9
[ 52563][E][WiFiUdp.cpp:221] parsePacket(): could not receive data: 9
[ 52571][E][WiFiUdp.cpp:221] parsePacket(): could not receive data: 9
[ 52579][E][WiFiUdp.cpp:221] parsePacket(): could not receive data: 9
[ 52587][E][WiFiUdp.cpp:221] parsePacket(): could not receive data: 9
[ 52595][E][WiFiUdp.cpp:221] parsePacket(): could not receive data: 9
[ 52603][E][WiFiUdp.cpp:221] parsePacket(): could not receive data: 9
[ 52611][E][WiFiUdp.cpp:221] parsePacket(): could not receive data: 9
[ 52619][E][WiFiUdp.cpp:221] parsePacket(): could not receive data: 9
[ 52627][E][WiFiUdp.cpp:221] parsePacket(): could not receive data: 9
[ 52635][E][WiFiUdp.cpp:221] parsePacket(): could not receive data: 9
[ 52643][E][WiFiUdp.cpp:221] parsePacket(): could not receive data: 9
[ 52651][E][WiFiUdp.cpp:221] parsePacket(): could not receive data: 9
[ 52659][E][WiFiUdp.cpp:221] parsePacket(): could not receive data: 9
[ 52667][E][WiFiUdp.cpp:221] parsePacket(): could not receive data: 9
[ 52675][E][WiFiUdp.cpp:221] parsePacket(): could not receive data: 9
[ 52683][E][WiFiUdp.cpp:221] parsePacket(): could not receive data: 9
[ 52691][E][WiFiUdp.cpp:221] parsePacket(): could not receive data: 9
[ 52699][E][WiFiUdp.cpp:221] parsePacket(): could not receive data: 9
[ 52707][E][WiFiUdp.cpp:221] parsePacket(): could not receive data: 9
[ 52715][E][WiFiUdp.cpp:221] parsePacket(): could not receive data: 9
[ 52723][E][WiFiUdp.cpp:221] parsePacket(): could not receive data: 9
[ 52731][E][WiFiUdp.cpp:221] parsePacket(): could not receive data: 9
[ 52739][E][WiFiUdp.cpp:221] parsePacket(): could not receive data: 9
[ 52747][E][WiFiUdp.cpp:221] parsePacket(): could not receive data: 9
[ 52755][E][WiFiUdp.cpp:221] parsePacket(): could not receive data: 9
[ 52763][E][WiFiUdp.cpp:221] parsePacket(): could not receive data: 9
[ 52771][E][WiFiUdp.cpp:221] parsePacket(): could not receive data: 9
[ 52779][E][WiFiUdp.cpp:221] parsePacket(): could not receive data: 9
[ 52787][E][WiFiUdp.cpp:221] parsePacket(): could not receive data: 9
[ 52795][E][WiFiUdp.cpp:221] parsePacket(): could not receive data: 9
[ 52803][E][WiFiUdp.cpp:221] parsePacket(): could not receive data: 9
[ 52811][E][WiFiUdp.cpp:221] parsePacket(): could not receive data: 9
[ 52819][E][WiFiUdp.cpp:221] parsePacket(): could not receive data: 9
[ 52827][E][WiFiUdp.cpp:221] parsePacket(): could not receive data: 9
[ 52835][E][WiFiUdp.cpp:221] parsePacket(): could not receive data: 9
[ 52843][E][WiFiUdp.cpp:221] parsePacket(): could not receive data: 9
[ 52851][E][WiFiUdp.cpp:221] parsePacket(): could not receive data: 9
[ 52859][E][WiFiUdp.cpp:221] parsePacket(): could not receive data: 9
[ 52867][E][WiFiUdp.cpp:221] parsePacket(): could not receive data: 9
[ 52875][E][WiFiUdp.cpp:221] parsePacket(): could not receive data: 9
[ 52883][E][WiFiUdp.cpp:221] parsePacket(): could not receive data: 9
[ 52891][E][WiFiUdp.cpp:221] parsePacket(): could not receive data: 9
[ 52899][E][WiFiUdp.cpp:221] parsePacket(): could not receive data: 9
[ 52907][E][WiFiUdp.cpp:221] parsePacket(): could not receive data: 9
[ 52915][E][WiFiUdp.cpp:221] parsePacket(): could not receive data: 9
[ 52923][E][WiFiUdp.cpp:221] parsePacket(): could not receive data: 9
[ 52931][E][WiFiUdp.cpp:221] parsePacket(): could not receive data: 9
[ 52939][E][WiFiUdp.cpp:221] parsePacket(): could not receive data: 9
[ 52947][E][WiFiUdp.cpp:221] parsePacket(): could not receive data: 9
[ 52955][E][WiFiUdp.cpp:221] parsePacket(): could not receive data: 9
[ 52963][E][WiFiUdp.cpp:221] parsePacket(): could not receive data: 9
[ 52971][E][WiFiUdp.cpp:221] parsePacket(): could not receive data: 9
[ 52979][E][WiFiUdp.cpp:221] parsePacket(): could not receive data: 9
[ 52987][E][WiFiUdp.cpp:221] parsePacket(): could not receive data: 9
[ 52995][E][WiFiUdp.cpp:221] parsePacket(): could not receive data: 9
[ 53003][E][WiFiUdp.cpp:221] parsePacket(): could not receive data: 9
[ 53011][E][WiFiUdp.cpp:221] parsePacket(): could not receive data: 9
[ 53019][E][WiFiUdp.cpp:221] parsePacket(): could not receive data: 9
[ 53027][E][WiFiUdp.cpp:221] parsePacket(): could not receive data: 9
[ 53035][E][WiFiUdp.cpp:221] parsePacket(): could not receive data: 9
[ 53043][E][WiFiUdp.cpp:221] parsePacket(): could not receive data: 9
[ 53051][E][WiFiUdp.cpp:221] parsePacket(): could not receive data: 9
[ 53059][E][WiFiUdp.cpp:221] parsePacket(): could not receive data: 9
[ 53067][E][WiFiUdp.cpp:221] parsePacket(): could not receive data: 9
[ 53075][E][WiFiUdp.cpp:221] parsePacket(): could not receive data: 9
[ 53083][E][WiFiUdp.cpp:221] parsePacket(): could not receive data: 9
[ 53091][E][WiFiUdp.cpp:221] parsePacket(): could not receive data: 9
[ 53099][E][WiFiUdp.cpp:221] parsePacket(): could not receive data: 9
[ 53107][E][WiFiUdp.cpp:221] parsePacket(): could not receive data: 9
[ 53115][E][WiFiUdp.cpp:221] parsePacket(): could not receive data: 9
[ 53123][E][WiFiUdp.cpp:221] parsePacket(): could not receive data: 9
[ 53131][E][WiFiUdp.cpp:221] parsePacket(): could not receive data: 9
[ 53139][E][WiFiUdp.cpp:221] parsePacket(): could not receive data: 9
[ 53147][E][WiFiUdp.cpp:221] parsePacket(): could not receive data: 9
[ 53155][E][WiFiUdp.cpp:221] parsePacket(): could not receive data: 9
[ 53163][E][WiFiUdp.cpp:221] parsePacket(): could not receive data: 9
[ 53171][E][WiFiUdp.cpp:221] parsePacket(): could not receive data: 9
[ 53179][E][WiFiUdp.cpp:221] parsePacket(): could not receive data: 9
[ 53187][E][WiFiUdp.cpp:221] parsePacket(): could not receive data: 9
[ 53195][E][WiFiUdp.cpp:221] parsePacket(): could not receive data: 9
[ 53203][E][WiFiUdp.cpp:221] parsePacket(): could not receive data: 9
[ 53211][E][WiFiUdp.cpp:221] parsePacket(): could not receive data: 9
[ 53219][E][WiFiUdp.cpp:221] parsePacket(): could not receive data: 9
[ 53227][E][WiFiUdp.cpp:221] parsePacket(): could not receive data: 9
[ 53235][E][WiFiUdp.cpp:221] parsePacket(): could not receive data: 9
[ 53243][E][WiFiUdp.cpp:221] parsePacket(): could not receive data: 9
[ 53251][E][WiFiUdp.cpp:221] parsePacket(): could not receive data: 9
[ 53259][E][WiFiUdp.cpp:221] parsePacket(): could not receive data: 9
[ 53267][E][WiFiUdp.cpp:221] parsePacket(): could not receive data: 9
[ 53275][E][WiFiUdp.cpp:221] parsePacket(): could not receive data: 9
[ 53283][E][WiFiUdp.cpp:221] parsePacket(): could not receive data: 9
[ 53291][E][WiFiUdp.cpp:221] parsePacket(): could not receive data: 9
[ 53299][E][WiFiUdp.cpp:221] parsePacket(): could not receive data: 9
[ 53307][E][WiFiUdp.cpp:221] parsePacket(): could not receive data: 9
[ 53315][E][WiFiUdp.cpp:221] parsePacket(): could not receive data: 9
[ 53323][E][WiFiUdp.cpp:221] parsePacket(): could not receive data: 9
[ 53331][E][WiFiUdp.cpp:221] parsePacket(): could not receive data: 9
[ 53339][E][WiFiUdp.cpp:221] parsePacket(): could not receive data: 9
[ 53347][E][WiFiUdp.cpp:221] parsePacket(): could not receive data: 9
[ 53355][E][WiFiUdp.cpp:221] parsePacket(): could not receive data: 9
[ 53363][E][WiFiUdp.cpp:221] parsePacket(): could not receive data: 9
[ 53371][E][WiFiUdp.cpp:221] parsePacket(): could not receive data: 9
[ 53379][E][WiFiUdp.cpp:221] parsePacket(): could not receive data: 9
[ 53387][E][WiFiUdp.cpp:221] parsePacket(): could not receive data: 9
[ 53395][E][WiFiUdp.cpp:221] parsePacket(): could not receive data: 9
[ 53403][E][WiFiUdp.cpp:221] parsePacket(): could not receive data: 9
[ 53411][E][WiFiUdp.cpp:221] parsePacket(): could not receive data: 9
[ 53419][E][WiFiUdp.cpp:221] parsePacket(): could not receive data: 9
[ 53427][E][WiFiUdp.cpp:221] parsePacket(): could not receive data: 9
[ 53435][E][WiFiUdp.cpp:221] parsePacket(): could not receive data: 9
[ 53443][E][WiFiUdp.cpp:221] parsePacket(): could not receive data: 9
[ 53451][E][WiFiUdp.cpp:221] parsePacket(): could not receive data: 9
[ 53459][E][WiFiUdp.cpp:221] parsePacket(): could not receive data: 9
[ 53467][E][WiFiUdp.cpp:221] parsePacket(): could not receive data: 9
[ 53475][E][WiFiUdp.cpp:221] parsePacket(): could not receive data: 9
[ 53483][E][WiFiUdp.cpp:221] parsePacket(): could not receive data: 9
[ 53491][E][WiFiUdp.cpp:221] parsePacket(): could not receive data: 9
[ 53499][E][WiFiUdp.cpp:221] parsePacket(): could not receive data: 9
[ 53507][E][WiFiUdp.cpp:221] parsePacket(): could not receive data: 9
[ 53515][E][WiFiUdp.cpp:221] parsePacket(): could not receive data: 9
[ 53523][E][WiFiUdp.cpp:221] parsePacket(): could not receive data: 9
[ 53531][E][WiFiUdp.cpp:221] parsePacket(): could not receive data: 9
[ 53539][E][WiFiUdp.cpp:221] parsePacket(): could not receive data: 9
[ 53547][E][WiFiUdp.cpp:221] parsePacket(): could not receive data: 9
[ 53555][E][WiFiUdp.cpp:221] parsePacket(): could not receive data: 9
[ 53563][E][WiFiUdp.cpp:221] parsePacket(): could not receive data: 9
[ 53571][E][WiFiUdp.cpp:221] parsePacket(): could not receive data: 9
[ 53579][E][WiFiUdp.cpp:221] parsePacket(): could not receive data: 9
[ 53587][E][WiFiUdp.cpp:221] parsePacket(): could not receive data: 9
[ 53595][E][WiFiUdp.cpp:221] parsePacket(): could not receive data: 9
[ 53603][E][WiFiUdp.cpp:221] parsePacket(): could not receive data: 9
[ 53611][E][WiFiUdp.cpp:221] parsePacket(): could not receive data: 9
[ 53619][E][WiFiUdp.cpp:221] parsePacket(): could not receive data: 9
[ 53627][E][WiFiUdp.cpp:221] parsePacket(): could not receive data: 9
[ 53635][E][WiFiUdp.cpp:221] parsePacket(): could not receive data: 9
[ 53643][E][WiFiUdp.cpp:221] parsePacket(): could not receive data: 9
[ 53651][E][WiFiUdp.cpp:221] parsePacket(): could not receive data: 9
[ 53659][E][WiFiUdp.cpp:221] parsePacket(): could not receive data: 9
[ 53667][E][WiFiUdp.cpp:221] parsePacket(): could not receive data: 9
[ 53675][E][WiFiUdp.cpp:221] parsePacket(): could not receive data: 9
[ 53683][E][WiFiUdp.cpp:221] parsePacket(): could not receive data: 9
[ 53691][E][WiFiUdp.cpp:221] parsePacket(): could not receive data: 9
[ 53699][E][WiFiUdp.cpp:221] parsePacket(): could not receive data: 9
[ 53707][E][WiFiUdp.cpp:221] parsePacket(): could not receive data: 9
[ 53715][E][WiFiUdp.cpp:221] parsePacket(): could not receive data: 9
[ 53723][E][WiFiUdp.cpp:221] parsePacket(): could not receive data: 9
[ 53731][E][WiFiUdp.cpp:221] parsePacket(): could not receive data: 9
[ 53739][E][WiFiUdp.cpp:221] parsePacket(): could not receive data: 9
[ 53747][E][WiFiUdp.cpp:221] parsePacket(): could not receive data: 9
[ 53755][E][WiFiUdp.cpp:221] parsePacket(): could not receive data: 9
[ 53763][E][WiFiUdp.cpp:221] parsePacket(): could not receive data: 9
[ 53771][E][WiFiUdp.cpp:221] parsePacket(): could not receive data: 9
[ 53779][E][WiFiUdp.cpp:221] parsePacket(): could not receive data: 9
[ 53787][E][WiFiUdp.cpp:221] parsePacket(): could not receive data: 9
[ 53795][E][WiFiUdp.cpp:221] parsePacket(): could not receive data: 9
[ 53803][E][WiFiUdp.cpp:221] parsePacket(): could not receive data: 9
[ 53811][E][WiFiUdp.cpp:221] parsePacket(): could not receive data: 9
[ 53819][E][WiFiUdp.cpp:221] parsePacket(): could not receive data: 9
[ 53827][E][WiFiUdp.cpp:221] parsePacket(): could not receive data: 9
[ 53835][E][WiFiUdp.cpp:221] parsePacket(): could not receive data: 9
[ 53843][E][WiFiUdp.cpp:221] parsePacket(): could not receive data: 9
[ 53851][E][WiFiUdp.cpp:221] parsePacket(): could not receive data: 9
[ 53859][E][WiFiUdp.cpp:221] parsePacket(): could not receive data: 9
[ 53867][E][WiFiUdp.cpp:221] parsePacket(): could not receive data: 9
[ 53875][E][WiFiUdp.cpp:221] parsePacket(): could not receive data: 9
[ 53883][E][WiFiUdp.cpp:221] parsePacket(): could not receive data: 9
[ 53891][E][WiFiUdp.cpp:221] parsePacket(): could not receive data: 9
[ 53899][E][WiFiUdp.cpp:221] parsePacket(): could not receive data: 9
[ 53907][E][WiFiUdp.cpp:221] parsePacket(): could not receive data: 9
[ 53915][E][WiFiUdp.cpp:221] parsePacket(): could not receive data: 9
[ 53923][E][WiFiUdp.cpp:221] parsePacket(): could not receive data: 9
[ 53931][E][WiFiUdp.cpp:221] parsePacket(): could not receive data: 9
[ 53939][E][WiFiUdp.cpp:221] parsePacket(): could not receive data: 9
[ 53947][E][WiFiUdp.cpp:221] parsePacket(): could not receive data: 9
[ 53955][E][WiFiUdp.cpp:221] parsePacket(): could not receive data: 9
[ 53963][E][WiFiUdp.cpp:221] parsePacket(): could not receive data: 9
[ 53971][E][WiFiUdp.cpp:221] parsePacket(): could not receive data: 9
[ 53979][E][WiFiUdp.cpp:221] parsePacket(): could not receive data: 9
[ 53987][E][WiFiUdp.cpp:221] parsePacket(): could not receive data: 9
[ 53995][E][WiFiUdp.cpp:221] parsePacket(): could not receive data: 9
[ 54003][E][WiFiUdp.cpp:221] parsePacket(): could not receive data: 9
[ 54011][E][WiFiUdp.cpp:221] parsePacket(): could not receive data: 9
[ 54019][E][WiFiUdp.cpp:221] parsePacket(): could not receive data: 9
[ 54027][E][WiFiUdp.cpp:221] parsePacket(): could not receive data: 9
[ 54035][E][WiFiUdp.cpp:221] parsePacket(): could not receive data: 9
[ 54043][E][WiFiUdp.cpp:221] parsePacket(): could not receive data: 9
[ 54051][E][WiFiUdp.cpp:221] parsePacket(): could not receive data: 9
[ 54059][E][WiFiUdp.cpp:221] parsePacket(): could not receive data: 9
[ 54067][E][WiFiUdp.cpp:221] parsePacket(): could not receive data: 9
[ 54075][E][WiFiUdp.cpp:221] parsePacket(): could not receive data: 9
[ 54083][E][WiFiUdp.cpp:221] parsePacket(): could not receive data: 9
[ 54091][E][WiFiUdp.cpp:221] parsePacket(): could not receive data: 9
[ 54099][E][WiFiUdp.cpp:221] parsePacket(): could not receive data: 9
[ 54107][E][WiFiUdp.cpp:221] parsePacket(): could not receive data: 9
[ 54115][E][WiFiUdp.cpp:221] parsePacket(): could not receive data: 9
[ 54123][E][WiFiUdp.cpp:221] parsePacket(): could not receive data: 9
[ 54131][E][WiFiUdp.cpp:221] parsePacket(): could not receive data: 9
[ 54139][E][WiFiUdp.cpp:221] parsePacket(): could not receive data: 9
[ 54147][E][WiFiUdp.cpp:221] parsePacket(): could not receive data: 9
[ 54155][E][WiFiUdp.cpp:221] parsePacket(): could not receive data: 9
[ 54163][E][WiFiUdp.cpp:221] parsePacket(): could not receive data: 9
[ 54171][E][WiFiUdp.cpp:221] parsePacket(): could not receive data: 9
[ 54179][E][WiFiUdp.cpp:221] parsePacket(): could not receive data: 9
[ 54187][E][WiFiUdp.cpp:221] parsePacket(): could not receive data: 9
[ 54195][E][WiFiUdp.cpp:221] parsePacket(): could not receive data: 9
[ 54203][E][WiFiUdp.cpp:221] parsePacket(): could not receive data: 9
[ 54211][E][WiFiUdp.cpp:221] parsePacket(): could not receive data: 9
[ 54219][E][WiFiUdp.cpp:221] parsePacket(): could not receive data: 9
[ 54227][E][WiFiUdp.cpp:221] parsePacket(): could not receive data: 9
[ 54235][E][WiFiUdp.cpp:221] parsePacket(): could not receive data: 9
[ 54243][E][WiFiUdp.cpp:221] parsePacket(): could not receive data: 9
[ 54251][E][WiFiUdp.cpp:221] parsePacket(): could not receive data: 9
[ 54259][E][WiFiUdp.cpp:221] parsePacket(): could not receive data: 9
[ 54267][E][WiFiUdp.cpp:221] parsePacket(): could not receive data: 9
[ 54275][E][WiFiUdp.cpp:221] parsePacket(): could not receive data: 9
[ 54283][E][WiFiUdp.cpp:221] parsePacket(): could not receive data: 9
[ 54291][E][WiFiUdp.cpp:221] parsePacket(): could not receive data: 9
[ 54299][E][WiFiUdp.cpp:221] parsePacket(): could not receive data: 9
[ 54307][E][WiFiUdp.cpp:221] parsePacket(): could not receive data: 9
[ 54315][E][WiFiUdp.cpp:221] parsePacket(): could not receive data: 9
[ 54323][E][WiFiUdp.cpp:221] parsePacket(): could not receive data: 9
[ 54331][E][WiFiUdp.cpp:221] parsePacket(): could not receive data: 9
[ 54339][E][WiFiUdp.cpp:221] parsePacket(): could not receive data: 9
[ 54347][E][WiFiUdp.cpp:221] parsePacket(): could not receive data: 9
[ 54355][E][WiFiUdp.cpp:221] parsePacket(): could not receive data: 9
[ 54363][E][WiFiUdp.cpp:221] parsePacket(): could not receive data: 9
[ 54371][E][WiFiUdp.cpp:221] parsePacket(): could not receive data: 9
[ 54379][E][WiFiUdp.cpp:221] parsePacket(): could not receive data: 9
[ 54387][E][WiFiUdp.cpp:221] parsePacket(): could not receive data: 9
[ 54395][E][WiFiUdp.cpp:221] parsePacket(): could not receive data: 9
[ 54403][E][WiFiUdp.cpp:221] parsePacket(): could not receive data: 9
[ 54411][E][WiFiUdp.cpp:221] parsePacket(): could not receive data: 9
[ 54419][E][WiFiUdp.cpp:221] parsePacket(): could not receive data: 9
[ 54427][E][WiFiUdp.cpp:221] parsePacket(): could not receive data: 9
[ 54435][E][WiFiUdp.cpp:221] parsePacket(): could not receive data: 9
[ 54443][E][WiFiUdp.cpp:221] parsePacket(): could not receive data: 9
[ 54451][E][WiFiUdp.cpp:221] parsePacket(): could not receive data: 9
[ 54459][E][WiFiUdp.cpp:221] parsePacket(): could not receive data: 9
[ 54467][E][WiFiUdp.cpp:221] parsePacket(): could not receive data: 9
[ 54475][E][WiFiUdp.cpp:221] parsePacket(): could not receive data: 9
[ 54483][E][WiFiUdp.cpp:221] parsePacket(): could not receive data: 9
[ 54491][E][WiFiUdp.cpp:221] parsePacket(): could not receive data: 9
[ 54499][E][WiFiUdp.cpp:221] parsePacket(): could not receive data: 9
[ 54507][E][WiFiUdp.cpp:221] parsePacket(): could not receive data: 9
[ 54515][E][WiFiUdp.cpp:221] parsePacket(): could not receive data: 9
[ 54523][E][WiFiUdp.cpp:221] parsePacket(): could not receive data: 9
[ 54531][E][WiFiUdp.cpp:221] parsePacket(): could not receive data: 9
[ 54539][E][WiFiUdp.cpp:221] parsePacket(): could not receive data: 9
[ 54547][E][WiFiUdp.cpp:221] parsePacket(): could not receive data: 9
[ 54555][E][WiFiUdp.cpp:221] parsePacket(): could not receive data: 9
[ 54563][E][WiFiUdp.cpp:221] parsePacket(): could not receive data: 9
[ 54571][E][WiFiUdp.cpp:221] parsePacket(): could not receive data: 9
[ 54579][E][WiFiUdp.cpp:221] parsePacket(): could not receive data: 9
[ 54587][E][WiFiUdp.cpp:221] parsePacket(): could not receive data: 9
[ 54595][E][WiFiUdp.cpp:221] parsePacket(): could not receive data: 9
[ 54603][E][WiFiUdp.cpp:221] parsePacket(): could not receive data: 9
[ 54611][E][WiFiUdp.cpp:221] parsePacket(): could not receive data: 9
[ 54619][E][WiFiUdp.cpp:221] parsePacket(): could not receive data: 9
[ 54627][E][WiFiUdp.cpp:221] parsePacket(): could not receive data: 9
[ 54635][E][WiFiUdp.cpp:221] parsePacket(): could not receive data: 9
[ 54643][E][WiFiUdp.cpp:221] parsePacket(): could not receive data: 9
[ 54651][E][WiFiUdp.cpp:221] parsePacket(): could not receive data: 9
[ 54659][E][WiFiUdp.cpp:221] parsePacket(): could not receive data: 9
[ 54667][E][WiFiUdp.cpp:221] parsePacket(): could not receive data: 9
[ 54675][E][WiFiUdp.cpp:221] parsePacket(): could not receive data: 9
[ 54683][E][WiFiUdp.cpp:221] parsePacket(): could not receive data: 9
[ 54691][E][WiFiUdp.cpp:221] parsePacket(): could not receive data: 9
[ 54699][E][WiFiUdp.cpp:221] parsePacket(): could not receive data: 9
[ 54707][E][WiFiUdp.cpp:221] parsePacket(): could not receive data: 9
[ 54715][E][WiFiUdp.cpp:221] parsePacket(): could not receive data: 9
[ 54723][E][WiFiUdp.cpp:221] parsePacket(): could not receive data: 9
[ 54731][E][WiFiUdp.cpp:221] parsePacket(): could not receive data: 9
[ 54739][E][WiFiUdp.cpp:221] parsePacket(): could not receive data: 9
[ 54747][E][WiFiUdp.cpp:221] parsePacket(): could not receive data: 9
[ 54755][E][WiFiUdp.cpp:221] parsePacket(): could not receive data: 9
[ 54763][E][WiFiUdp.cpp:221] parsePacket(): could not receive data: 9
[ 54771][E][WiFiUdp.cpp:221] parsePacket(): could not receive data: 9
[ 54779][E][WiFiUdp.cpp:221] parsePacket(): could not receive data: 9
[ 54787][E][WiFiUdp.cpp:221] parsePacket(): could not receive data: 9
[ 54795][E][WiFiUdp.cpp:221] parsePacket(): could not receive data: 9
[ 54803][E][WiFiUdp.cpp:221] parsePacket(): could not receive data: 9
[ 54811][E][WiFiUdp.cpp:221] parsePacket(): could not receive data: 9
[ 54819][E][WiFiUdp.cpp:221] parsePacket(): could not receive data: 9
[ 54827][E][WiFiUdp.cpp:221] parsePacket(): could not receive data: 9
[ 54835][E][WiFiUdp.cpp:221] parsePacket(): could not receive data: 9
[ 54843][E][WiFiUdp.cpp:221] parsePacket(): could not receive data: 9
[ 54851][E][WiFiUdp.cpp:221] parsePacket(): could not receive data: 9
[ 54859][E][WiFiUdp.cpp:221] parsePacket(): could not receive data: 9
[ 54867][E][WiFiUdp.cpp:221] parsePacket(): could not receive data: 9
[ 54875][E][WiFiUdp.cpp:221] parsePacket(): could not receive data: 9
[ 54883][E][WiFiUdp.cpp:221] parsePacket(): could not receive data: 9
[ 54891][E][WiFiUdp.cpp:221] parsePacket(): could not receive data: 9
[ 54899][E][WiFiUdp.cpp:221] parsePacket(): could not receive data: 9
[ 54907][E][WiFiUdp.cpp:221] parsePacket(): could not receive data: 9
[ 54915][E][WiFiUdp.cpp:221] parsePacket(): could not receive data: 9
[ 54923][E][WiFiUdp.cpp:221] parsePacket(): could not receive data: 9
[ 54931][E][WiFiUdp.cpp:221] parsePacket(): could not receive data: 9
[ 54939][E][WiFiUdp.cpp:221] parsePacket(): could not receive data: 9
[ 54947][E][WiFiUdp.cpp:221] parsePacket(): could not receive data: 9
[ 54955][E][WiFiUdp.cpp:221] parsePacket(): could not receive data: 9
[ 54963][E][WiFiUdp.cpp:221] parsePacket(): could not receive data: 9
[ 54971][E][WiFiUdp.cpp:221] parsePacket(): could not receive data: 9
[ 54979][E][WiFiUdp.cpp:221] parsePacket(): could not receive data: 9
[ 54987][E][WiFiUdp.cpp:221] parsePacket(): could not receive data: 9
[ 54995][E][WiFiUdp.cpp:221] parsePacket(): could not receive data: 9
[ 55003][E][WiFiUdp.cpp:221] parsePacket(): could not receive data: 9
[ 55011][E][WiFiUdp.cpp:221] parsePacket(): could not receive data: 9
[ 55019][E][WiFiUdp.cpp:221] parsePacket(): could not receive data: 9
[ 55027][E][WiFiUdp.cpp:221] parsePacket(): could not receive data: 9
[ 55035][E][WiFiUdp.cpp:221] parsePacket(): could not receive data: 9
[ 55043][E][WiFiUdp.cpp:221] parsePacket(): could not receive data: 9
[ 55051][E][WiFiUdp.cpp:221] parsePacket(): could not receive data: 9
[ 55059][E][WiFiUdp.cpp:221] parsePacket(): could not receive data: 9
[ 55067][E][WiFiUdp.cpp:221] parsePacket(): could not receive data: 9
[ 55075][E][WiFiUdp.cpp:221] parsePacket(): could not receive data: 9
[ 55083][E][WiFiUdp.cpp:221] parsePacket(): could not receive data: 9
[ 55091][E][WiFiUdp.cpp:221] parsePacket(): could not receive data: 9
[ 55099][E][WiFiUdp.cpp:221] parsePacket(): could not receive data: 9
[ 55107][E][WiFiUdp.cpp:221] parsePacket(): could not receive data: 9
[ 55115][E][WiFiUdp.cpp:221] parsePacket(): could not receive data: 9
[ 55123][E][WiFiUdp.cpp:221] parsePacket(): could not receive data: 9
[ 55131][E][WiFiUdp.cpp:221] parsePacket(): could not receive data: 9
[ 55139][E][WiFiUdp.cpp:221] parsePacket(): could not receive data: 9
[ 55147][E][WiFiUdp.cpp:221] parsePacket(): could not receive data: 9
[ 55155][E][WiFiUdp.cpp:221] parsePacket(): could not receive data: 9
[ 55163][E][WiFiUdp.cpp:221] parsePacket(): could not receive data: 9
[ 55171][E][WiFiUdp.cpp:221] parsePacket(): could not receive data: 9
[ 55179][E][WiFiUdp.cpp:221] parsePacket(): could not receive data: 9
[ 55187][E][WiFiUdp.cpp:221] parsePacket(): could not receive data: 9
[ 55195][E][WiFiUdp.cpp:221] parsePacket(): could not receive data: 9
[ 55203][E][WiFiUdp.cpp:221] parsePacket(): could not receive data: 9
[ 55211][E][WiFiUdp.cpp:221] parsePacket(): could not receive data: 9
[ 55219][E][WiFiUdp.cpp:221] parsePacket(): could not receive data: 9
[ 55227][E][WiFiUdp.cpp:221] parsePacket(): could not receive data: 9
[ 55235][E][WiFiUdp.cpp:221] parsePacket(): could not receive data: 9
[ 55243][E][WiFiUdp.cpp:221] parsePacket(): could not receive data: 9
[ 55251][E][WiFiUdp.cpp:221] parsePacket(): could not receive data: 9
[ 55259][E][WiFiUdp.cpp:221] parsePacket(): could not receive data: 9
[ 55267][E][WiFiUdp.cpp:221] parsePacket(): could not receive data: 9
[ 55275][E][WiFiUdp.cpp:221] parsePacket(): could not receive data: 9
[ 55283][E][WiFiUdp.cpp:221] parsePacket(): could not receive data: 9
[ 55291][E][WiFiUdp.cpp:221] parsePacket(): could not receive data: 9
[ 55299][E][WiFiUdp.cpp:221] parsePacket(): could not receive data: 9
[ 55307][E][WiFiUdp.cpp:221] parsePacket(): could not receive data: 9
[ 55315][E][WiFiUdp.cpp:221] parsePacket(): could not receive data: 9
[ 55323][E][WiFiUdp.cpp:221] parsePacket(): could not receive data: 9
[ 55331][E][WiFiUdp.cpp:221] parsePacket(): could not receive data: 9
[ 55339][E][WiFiUdp.cpp:221] parsePacket(): could not receive data: 9
[ 55347][E][WiFiUdp.cpp:221] parsePacket(): could not receive data: 9
[ 55355][E][WiFiUdp.cpp:221] parsePacket(): could not receive data: 9
[ 55363][E][WiFiUdp.cpp:221] parsePacket(): could not receive data: 9
[ 55371][E][WiFiUdp.cpp:221] parsePacket(): could not receive data: 9
[ 55379][E][WiFiUdp.cpp:221] parsePacket(): could not receive data: 9
[ 55387][E][WiFiUdp.cpp:221] parsePacket(): could not receive data: 9
[ 55395][E][WiFiUdp.cpp:221] parsePacket(): could not receive data: 9
[ 55403][E][WiFiUdp.cpp:221] parsePacket(): could not receive data: 9
[ 55411][E][WiFiUdp.cpp:221] parsePacket(): could not receive data: 9
[ 55419][E][WiFiUdp.cpp:221] parsePacket(): could not receive data: 9
[ 55427][E][WiFiUdp.cpp:221] parsePacket(): could not receive data: 9
[ 55435][E][WiFiUdp.cpp:221] parsePacket(): could not receive data: 9
[ 55443][E][WiFiUdp.cpp:221] parsePacket(): could not receive data: 9
[ 55451][E][WiFiUdp.cpp:221] parsePacket(): could not receive data: 9
[ 55459][E][WiFiUdp.cpp:221] parsePacket(): could not receive data: 9
[ 55467][E][WiFiUdp.cpp:221] parsePacket(): could not receive data: 9
[ 55475][E][WiFiUdp.cpp:221] parsePacket(): could not receive data: 9
[ 55483][E][WiFiUdp.cpp:221] parsePacket(): could not receive data: 9
[ 55491][E][WiFiUdp.cpp:221] parsePacket(): could not receive data: 9
[ 55499][E][WiFiUdp.cpp:221] parsePacket(): could not receive data: 9
[ 55507][E][WiFiUdp.cpp:221] parsePacket(): could not receive data: 9
[ 55515][E][WiFiUdp.cpp:221] parsePacket(): could not receive data: 9
[ 55523][E][WiFiUdp.cpp:221] parsePacket(): could not receive data: 9
[ 55531][E][WiFiUdp.cpp:221] parsePacket(): could not receive data: 9
[ 55539][E][WiFiUdp.cpp:221] parsePacket(): could not receive data: 9
[ 55547][E][WiFiUdp.cpp:221] parsePacket(): could not receive data: 9
[ 55555][E][WiFiUdp.cpp:221] parsePacket(): could not receive data: 9
[ 55563][E][WiFiUdp.cpp:221] parsePacket(): could not receive data: 9
[ 55571][E][WiFiUdp.cpp:221] parsePacket(): could not receive data: 9
[ 55579][E][WiFiUdp.cpp:221] parsePacket(): could not receive data: 9
[ 55587][E][WiFiUdp.cpp:221] parsePacket(): could not receive data: 9
[ 55595][E][WiFiUdp.cpp:221] parsePacket(): could not receive data: 9
[ 55603][E][WiFiUdp.cpp:221] parsePacket(): could not receive data: 9
[ 55611][E][WiFiUdp.cpp:221] parsePacket(): could not receive data: 9
[ 55619][E][WiFiUdp.cpp:221] parsePacket(): could not receive data: 9
[ 55627][E][WiFiUdp.cpp:221] parsePacket(): could not receive data: 9
[ 55635][E][WiFiUdp.cpp:221] parsePacket(): could not receive data: 9
[ 55643][E][WiFiUdp.cpp:221] parsePacket(): could not receive data: 9
[ 55651][E][WiFiUdp.cpp:221] parsePacket(): could not receive data: 9
[ 55659][E][WiFiUdp.cpp:221] parsePacket(): could not receive data: 9
[ 55667][E][WiFiUdp.cpp:221] parsePacket(): could not receive data: 9
[ 55675][E][WiFiUdp.cpp:221] parsePacket(): could not receive data: 9
[ 55683][E][WiFiUdp.cpp:221] parsePacket(): could not receive data: 9
[ 55691][E][WiFiUdp.cpp:221] parsePacket(): could not receive data: 9
[ 55699][E][WiFiUdp.cpp:221] parsePacket(): could not receive data: 9
[ 55707][E][WiFiUdp.cpp:221] parsePacket(): could not receive data: 9
[ 55715][E][WiFiUdp.cpp:221] parsePacket(): could not receive data: 9
[ 55723][E][WiFiUdp.cpp:221] parsePacket(): could not receive data: 9
[ 55731][E][WiFiUdp.cpp:221] parsePacket(): could not receive data: 9
[ 55739][E][WiFiUdp.cpp:221] parsePacket(): could not receive data: 9
[ 55747][E][WiFiUdp.cpp:221] parsePacket(): could not receive data: 9
[ 55755][E][WiFiUdp.cpp:221] parsePacket(): could not receive data: 9
[ 55763][E][WiFiUdp.cpp:221] parsePacket(): could not receive data: 9
[ 55771][E][WiFiUdp.cpp:221] parsePacket(): could not receive data: 9
[ 55779][E][WiFiUdp.cpp:221] parsePacket(): could not receive data: 9
[ 55787][E][WiFiUdp.cpp:221] parsePacket(): could not receive data: 9
[ 55795][E][WiFiUdp.cpp:221] parsePacket(): could not receive data: 9
[ 55803][E][WiFiUdp.cpp:221] parsePacket(): could not receive data: 9
[ 55811][E][WiFiUdp.cpp:221] parsePacket(): could not receive data: 9
[ 55819][E][WiFiUdp.cpp:221] parsePacket(): could not receive data: 9
[ 55827][E][WiFiUdp.cpp:221] parsePacket(): could not receive data: 9
[ 55835][E][WiFiUdp.cpp:221] parsePacket(): could not receive data: 9
[ 55843][E][WiFiUdp.cpp:221] parsePacket(): could not receive data: 9
[ 55851][E][WiFiUdp.cpp:221] parsePacket(): could not receive data: 9
[ 55859][E][WiFiUdp.cpp:221] parsePacket(): could not receive data: 9
[ 55867][E][WiFiUdp.cpp:221] parsePacket(): could not receive data: 9
[ 55875][E][WiFiUdp.cpp:221] parsePacket(): could not receive data: 9
[ 55883][E][WiFiUdp.cpp:221] parsePacket(): could not receive data: 9
[ 55891][E][WiFiUdp.cpp:221] parsePacket(): could not receive data: 9
[ 55899][E][WiFiUdp.cpp:221] parsePacket(): could not receive data: 9
[ 55907][E][WiFiUdp.cpp:221] parsePacket(): could not receive data: 9
[ 55915][E][WiFiUdp.cpp:221] parsePacket(): could not receive data: 9
[ 55923][E][WiFiUdp.cpp:221] parsePacket(): could not receive data: 9
[ 55931][E][WiFiUdp.cpp:221] parsePacket(): could not receive data: 9
[ 55939][E][WiFiUdp.cpp:221] parsePacket(): could not receive data: 9
[ 55947][E][WiFiUdp.cpp:221] parsePacket(): could not receive data: 9
[ 55955][E][WiFiUdp.cpp:221] parsePacket(): could not receive data: 9
[ 55963][E][WiFiUdp.cpp:221] parsePacket(): could not receive data: 9
[ 55971][E][WiFiUdp.cpp:221] parsePacket(): could not receive data: 9
[ 55979][E][WiFiUdp.cpp:221] parsePacket(): could not receive data: 9
[ 55987][E][WiFiUdp.cpp:221] parsePacket(): could not receive data: 9
[ 55995][E][WiFiUdp.cpp:221] parsePacket(): could not receive data: 9
[ 56003][E][WiFiUdp.cpp:221] parsePacket(): could not receive data: 9
[ 56011][E][WiFiUdp.cpp:221] parsePacket(): could not receive data: 9
[ 56019][E][WiFiUdp.cpp:221] parsePacket(): could not receive data: 9
[ 56027][E][WiFiUdp.cpp:221] parsePacket(): could not receive data: 9
[ 56035][E][WiFiUdp.cpp:221] parsePacket(): could not receive data: 9
[ 56043][E][WiFiUdp.cpp:221] parsePacket(): could not receive data: 9
[ 56051][E][WiFiUdp.cpp:221] parsePacket(): could not receive data: 9
[ 56059][E][WiFiUdp.cpp:221] parsePacket(): could not receive data: 9
[ 56067][E][WiFiUdp.cpp:221] parsePacket(): could not receive data: 9
[ 56075][E][WiFiUdp.cpp:221] parsePacket(): could not receive data: 9
[ 56083][E][WiFiUdp.cpp:221] parsePacket(): could not receive data: 9
[ 56091][E][WiFiUdp.cpp:221] parsePacket(): could not receive data: 9
[ 56099][E][WiFiUdp.cpp:221] parsePacket(): could not receive data: 9
[ 56107][E][WiFiUdp.cpp:221] parsePacket(): could not receive data: 9
[ 56115][E][WiFiUdp.cpp:221] parsePacket(): could not receive data: 9
[ 56123][E][WiFiUdp.cpp:221] parsePacket(): could not receive data: 9
[ 56131][E][WiFiUdp.cpp:221] parsePacket(): could not receive data: 9
[ 56139][E][WiFiUdp.cpp:221] parsePacket(): could not receive data: 9
[ 56147][E][WiFiUdp.cpp:221] parsePacket(): could not receive data: 9
[ 56155][E][WiFiUdp.cpp:221] parsePacket(): could not receive data: 9
[ 56163][E][WiFiUdp.cpp:221] parsePacket(): could not receive data: 9
[ 56171][E][WiFiUdp.cpp:221] parsePacket(): could not receive data: 9
[ 56179][E][WiFiUdp.cpp:221] parsePacket(): could not receive data: 9
[ 56187][E][WiFiUdp.cpp:221] parsePacket(): could not receive data: 9
[ 56195][E][WiFiUdp.cpp:221] parsePacket(): could not receive data: 9
[ 56203][E][WiFiUdp.cpp:221] parsePacket(): could not receive data: 9
[ 56211][E][WiFiUdp.cpp:221] parsePacket(): could not receive data: 9
[ 56219][E][WiFiUdp.cpp:221] parsePacket(): could not receive data: 9
[ 56227][E][WiFiUdp.cpp:221] parsePacket(): could not receive data: 9
[ 56235][E][WiFiUdp.cpp:221] parsePacket(): could not receive data: 9
[ 56243][E][WiFiUdp.cpp:221] parsePacket(): could not receive data: 9
[ 56251][E][WiFiUdp.cpp:221] parsePacket(): could not receive data: 9
[ 56259][E][WiFiUdp.cpp:221] parsePacket(): could not receive data: 9
[ 56267][E][WiFiUdp.cpp:221] parsePacket(): could not receive data: 9
[ 56275][E][WiFiUdp.cpp:221] parsePacket(): could not receive data: 9
[ 56283][E][WiFiUdp.cpp:221] parsePacket(): could not receive data: 9
[ 56291][E][WiFiUdp.cpp:221] parsePacket(): could not receive data: 9
[ 56299][E][WiFiUdp.cpp:221] parsePacket(): could not receive data: 9
[ 56307][E][WiFiUdp.cpp:221] parsePacket(): could not receive data: 9
[ 56315][E][WiFiUdp.cpp:221] parsePacket(): could not receive data: 9
[ 56323][E][WiFiUdp.cpp:221] parsePacket(): could not receive data: 9
[ 56331][E][WiFiUdp.cpp:221] parsePacket(): could not receive data: 9
[ 56339][E][WiFiUdp.cpp:221] parsePacket(): could not receive data: 9
[ 56347][E][WiFiUdp.cpp:221] parsePacket(): could not receive data: 9
[ 56355][E][WiFiUdp.cpp:221] parsePacket(): could not receive data: 9
[ 56363][E][WiFiUdp.cpp:221] parsePacket(): could not receive data: 9
[ 56371][E][WiFiUdp.cpp:221] parsePacket(): could not receive data: 9
[ 56379][E][WiFiUdp.cpp:221] parsePacket(): could not receive data: 9
[ 56387][E][WiFiUdp.cpp:221] parsePacket(): could not receive data: 9
[ 56395][E][WiFiUdp.cpp:221] parsePacket(): could not receive data: 9
[ 56403][E][WiFiUdp.cpp:221] parsePacket(): could not receive data: 9
[ 56411][E][WiFiUdp.cpp:221] parsePacket(): could not receive data: 9
[ 56419][E][WiFiUdp.cpp:221] parsePacket(): could not receive data: 9
[ 56427][E][WiFiUdp.cpp:221] parsePacket(): could not receive data: 9
[ 56435][E][WiFiUdp.cpp:221] parsePacket(): could not receive data: 9
[ 56443][E][WiFiUdp.cpp:221] parsePacket(): could not receive data: 9
[ 56451][E][WiFiUdp.cpp:221] parsePacket(): could not receive data: 9
[ 56459][E][WiFiUdp.cpp:221] parsePacket(): could not receive data: 9
[ 56467][E][WiFiUdp.cpp:221] parsePacket(): could not receive data: 9
[ 56475][E][WiFiUdp.cpp:221] parsePacket(): could not receive data: 9
[ 56483][E][WiFiUdp.cpp:221] parsePacket(): could not receive data: 9
[ 56491][E][WiFiUdp.cpp:221] parsePacket(): could not receive data: 9
[ 56499][E][WiFiUdp.cpp:221] parsePacket(): could not receive data: 9
[ 56507][E][WiFiUdp.cpp:221] parsePacket(): could not receive data: 9
[ 56515][E][WiFiUdp.cpp:221] parsePacket(): could not receive data: 9
[ 56523][E][WiFiUdp.cpp:221] parsePacket(): could not receive data: 9
[ 56531][E][WiFiUdp.cpp:221] parsePacket(): could not receive data: 9
[ 56539][E][WiFiUdp.cpp:221] parsePacket(): could not receive data: 9
[ 56547][E][WiFiUdp.cpp:221] parsePacket(): could not receive data: 9
[ 56555][E][WiFiUdp.cpp:221] parsePacket(): could not receive data: 9
[ 56563][E][WiFiUdp.cpp:221] parsePacket(): could not receive data: 9
[ 56571][E][WiFiUdp.cpp:221] parsePacket(): could not receive data: 9
[ 56579][E][WiFiUdp.cpp:221] parsePacket(): could not receive data: 9
[ 56587][E][WiFiUdp.cpp:221] parsePacket(): could not receive data: 9
[ 56595][E][WiFiUdp.cpp:221] parsePacket(): could not receive data: 9
[ 56603][E][WiFiUdp.cpp:221] parsePacket(): could not receive data: 9
[ 56611][E][WiFiUdp.cpp:221] parsePacket(): could not receive data: 9
[ 56619][E][WiFiUdp.cpp:221] parsePacket(): could not receive data: 9
[ 56627][E][WiFiUdp.cpp:221] parsePacket(): could not receive data: 9
[ 56635][E][WiFiUdp.cpp:221] parsePacket(): could not receive data: 9
[ 56643][E][WiFiUdp.cpp:221] parsePacket(): could not receive data: 9
[ 56651][E][WiFiUdp.cpp:221] parsePacket(): could not receive data: 9
[ 56659][E][WiFiUdp.cpp:221] parsePacket(): could not receive data: 9
[ 56667][E][WiFiUdp.cpp:221] parsePacket(): could not receive data: 9
[ 56675][E][WiFiUdp.cpp:221] parsePacket(): could not receive data: 9
[ 56683][E][WiFiUdp.cpp:221] parsePacket(): could not receive data: 9
[ 56691][E][WiFiUdp.cpp:221] parsePacket(): could not receive data: 9
[ 56699][E][WiFiUdp.cpp:221] parsePacket(): could not receive data: 9
[ 56707][E][WiFiUdp.cpp:221] parsePacket(): could not receive data: 9
No Sensor found on bus! Rescanning...
No Sensor found on bus! Rescanning...
[ 57020][E][WiFiUdp.cpp:221] parsePacket(): could not receive data: 9
[ 57028][E][WiFiUdp.cpp:221] parsePacket(): could not receive data: 9
[ 57036][E][WiFiUdp.cpp:221] parsePacket(): could not receive data: 9
[ 57044][E][WiFiUdp.cpp:221] parsePacket(): could not receive data: 9
[ 57052][E][WiFiUdp.cpp:221] parsePacket(): could not receive data: 9
[ 57060][E][WiFiUdp.cpp:221] parsePacket(): could not receive data: 9
[ 57068][E][WiFiUdp.cpp:221] parsePacket(): could not receive data: 9
[ 57076][E][WiFiUdp.cpp:221] parsePacket(): could not receive data: 9
[ 57084][E][WiFiUdp.cpp:221] parsePacket(): could not receive data: 9
[ 57092][E][WiFiUdp.cpp:221] parsePacket(): could not receive data: 9
[ 57100][E][WiFiUdp.cpp:221] parsePacket(): could not receive data: 9
[ 57108][E][WiFiUdp.cpp:221] parsePacket(): could not receive data: 9
[ 57116][E][WiFiUdp.cpp:221] parsePacket(): could not receive data: 9
[ 57124][E][WiFiUdp.cpp:221] parsePacket(): could not receive data: 9
[ 57132][E][WiFiUdp.cpp:221] parsePacket(): could not receive data: 9
[ 57140][E][WiFiUdp.cpp:221] parsePacket(): could not receive data: 9
[ 57148][E][WiFiUdp.cpp:221] parsePacket(): could not receive data: 9
[ 57156][E][WiFiUdp.cpp:221] parsePacket(): could not receive data: 9
[ 57164][E][WiFiUdp.cpp:221] parsePacket(): could not receive data: 9
[ 57172][E][WiFiUdp.cpp:221] parsePacket(): could not receive data: 9
[ 57180][E][WiFiUdp.cpp:221] parsePacket(): could not receive data: 9
[ 57188][E][WiFiUdp.cpp:221] parsePacket(): could not receive data: 9
[ 57196][E][WiFiUdp.cpp:221] parsePacket(): could not receive data: 9
[ 57204][E][WiFiUdp.cpp:221] parsePacket(): could not receive data: 9
[ 57212][E][WiFiUdp.cpp:221] parsePacket(): could not receive data: 9
[ 57220][E][WiFiUdp.cpp:221] parsePacket(): could not receive data: 9
[ 57228][E][WiFiUdp.cpp:221] parsePacket(): could not receive data: 9
[ 57236][E][WiFiUdp.cpp:221] parsePacket(): could not receive data: 9
[ 57244][E][WiFiUdp.cpp:221] parsePacket(): could not receive data: 9
[ 57252][E][WiFiUdp.cpp:221] parsePacket(): could not receive data: 9
[ 57260][E][WiFiUdp.cpp:221] parsePacket(): could not receive data: 9
[ 57268][E][WiFiUdp.cpp:221] parsePacket(): could not receive data: 9
[ 57276][E][WiFiUdp.cpp:221] parsePacket(): could not receive data: 9
[ 57284][E][WiFiUdp.cpp:221] parsePacket(): could not receive data: 9
[ 57292][E][WiFiUdp.cpp:221] parsePacket(): could not receive data: 9
[ 57300][E][WiFiUdp.cpp:221] parsePacket(): could not receive data: 9
[ 57308][E][WiFiUdp.cpp:221] parsePacket(): could not receive data: 9
[ 57316][E][WiFiUdp.cpp:221] parsePacket(): could not receive data: 9
[ 57324][E][WiFiUdp.cpp:221] parsePacket(): could not receive data: 9
[ 57332][E][WiFiUdp.cpp:221] parsePacket(): could not receive data: 9
[ 57340][E][WiFiUdp.cpp:221] parsePacket(): could not receive data: 9
[ 57348][E][WiFiUdp.cpp:221] parsePacket(): could not receive data: 9
[ 57356][E][WiFiUdp.cpp:221] parsePacket(): could not receive data: 9
[ 57364][E][WiFiUdp.cpp:221] parsePacket(): could not receive data: 9
[ 57372][E][WiFiUdp.cpp:221] parsePacket(): could not receive data: 9
[ 57380][E][WiFiUdp.cpp:221] parsePacket(): could not receive data: 9
[ 57388][E][WiFiUdp.cpp:221] parsePacket(): could not receive data: 9
[ 57396][E][WiFiUdp.cpp:221] parsePacket(): could not receive data: 9
[ 57404][E][WiFiUdp.cpp:221] parsePacket(): could not receive data: 9
[ 57412][E][WiFiUdp.cpp:221] parsePacket(): could not receive data: 9
[ 57420][E][WiFiUdp.cpp:221] parsePacket(): could not receive data: 9
[ 57428][E][WiFiUdp.cpp:221] parsePacket(): could not receive data: 9
[ 57436][E][WiFiUdp.cpp:221] parsePacket(): could not receive data: 9
[ 57444][E][WiFiUdp.cpp:221] parsePacket(): could not receive data: 9
[ 57452][E][WiFiUdp.cpp:221] parsePacket(): could not receive data: 9
[ 57460][E][WiFiUdp.cpp:221] parsePacket(): could not receive data: 9
[ 57468][E][WiFiUdp.cpp:221] parsePacket(): could not receive data: 9
[ 57476][E][WiFiUdp.cpp:221] parsePacket(): could not receive data: 9
[ 57484][E][WiFiUdp.cpp:221] parsePacket(): could not receive data: 9
[ 57492][E][WiFiUdp.cpp:221] parsePacket(): could not receive data: 9
[ 57500][E][WiFiUdp.cpp:221] parsePacket(): could not receive data: 9
[ 57508][E][WiFiUdp.cpp:221] parsePacket(): could not receive data: 9
[ 57516][E][WiFiUdp.cpp:221] parsePacket(): could not receive data: 9
[ 57524][E][WiFiUdp.cpp:221] parsePacket(): could not receive data: 9
[ 57532][E][WiFiUdp.cpp:221] parsePacket(): could not receive data: 9
[ 57540][E][WiFiUdp.cpp:221] parsePacket(): could not receive data: 9
[ 57548][E][WiFiUdp.cpp:221] parsePacket(): could not receive data: 9
[ 57556][E][WiFiUdp.cpp:221] parsePacket(): could not receive data: 9
[ 57564][E][WiFiUdp.cpp:221] parsePacket(): could not receive data: 9
[ 57572][E][WiFiUdp.cpp:221] parsePacket(): could not receive data: 9
[ 57580][E][WiFiUdp.cpp:221] parsePacket(): could not receive data: 9
[ 57588][E][WiFiUdp.cpp:221] parsePacket(): could not receive data: 9
[ 57596][E][WiFiUdp.cpp:221] parsePacket(): could not receive data: 9
[ 57604][E][WiFiUdp.cpp:221] parsePacket(): could not receive data: 9
[ 57612][E][WiFiUdp.cpp:221] parsePacket(): could not receive data: 9
[ 57620][E][WiFiUdp.cpp:221] parsePacket(): could not receive data: 9
[ 57628][E][WiFiUdp.cpp:221] parsePacket(): could not receive data: 9
[ 57636][E][WiFiUdp.cpp:221] parsePacket(): could not receive data: 9
[ 57644][E][WiFiUdp.cpp:221] parsePacket(): could not receive data: 9
[ 57652][E][WiFiUdp.cpp:221] parsePacket(): could not receive data: 9
[ 57660][E][WiFiUdp.cpp:221] parsePacket(): could not receive data: 9
[ 57668][E][WiFiUdp.cpp:221] parsePacket(): could not receive data: 9
[ 57676][E][WiFiUdp.cpp:221] parsePacket(): could not receive data: 9
[ 57684][E][WiFiUdp.cpp:221] parsePacket(): could not receive data: 9
[ 57692][E][WiFiUdp.cpp:221] parsePacket(): could not receive data: 9
[ 57700][E][WiFiUdp.cpp:221] parsePacket(): could not receive data: 9
[ 57708][E][WiFiUdp.cpp:221] parsePacket(): could not receive data: 9
[ 57716][E][WiFiUdp.cpp:221] parsePacket(): could not receive data: 9
[ 57724][E][WiFiUdp.cpp:221] parsePacket(): could not receive data: 9
[ 57732][E][WiFiUdp.cpp:221] parsePacket(): could not receive data: 9
[ 57740][E][WiFiUdp.cpp:221] parsePacket(): could not receive data: 9
[ 57748][E][WiFiUdp.cpp:221] parsePacket(): could not receive data: 9
[ 57756][E][WiFiUdp.cpp:221] parsePacket(): could not receive data: 9
[ 57764][E][WiFiUdp.cpp:221] parsePacket(): could not receive data: 9
[ 57772][E][WiFiUdp.cpp:221] parsePacket(): could not receive data: 9
[ 57780][E][WiFiUdp.cpp:221] parsePacket(): could not receive data: 9
[ 57788][E][WiFiUdp.cpp:221] parsePacket(): could not receive data: 9
[ 57796][E][WiFiUdp.cpp:221] parsePacket(): could not receive data: 9
[ 57804][E][WiFiUdp.cpp:221] parsePacket(): could not receive data: 9
[ 57812][E][WiFiUdp.cpp:221] parsePacket(): could not receive data: 9
[ 57820][E][WiFiUdp.cpp:221] parsePacket(): could not receive data: 9
[ 57828][E][WiFiUdp.cpp:221] parsePacket(): could not receive data: 9
[ 57836][E][WiFiUdp.cpp:221] parsePacket(): could not receive data: 9
[ 57844][E][WiFiUdp.cpp:221] parsePacket(): could not receive data: 9
[ 57852][E][WiFiUdp.cpp:221] parsePacket(): could not receive data: 9
[ 57860][E][WiFiUdp.cpp:221] parsePacket(): could not receive data: 9
[ 57868][E][WiFiUdp.cpp:221] parsePacket(): could not receive data: 9
[ 57876][E][WiFiUdp.cpp:221] parsePacket(): could not receive data: 9
[ 57884][E][WiFiUdp.cpp:221] parsePacket(): could not receive data: 9
[ 57892][E][WiFiUdp.cpp:221] parsePacket(): could not receive data: 9
[ 57900][E][WiFiUdp.cpp:221] parsePacket(): could not receive data: 9
[ 57908][E][WiFiUdp.cpp:221] parsePacket(): could not receive data: 9
[ 57916][E][WiFiUdp.cpp:221] parsePacket(): could not receive data: 9
[ 57924][E][WiFiUdp.cpp:221] parsePacket(): could not receive data: 9
[ 57932][E][WiFiUdp.cpp:221] parsePacket(): could not receive data: 9
[ 57940][E][WiFiUdp.cpp:221] parsePacket(): could not receive data: 9
[ 57948][E][WiFiUdp.cpp:221] parsePacket(): could not receive data: 9
[ 57956][E][WiFiUdp.cpp:221] parsePacket(): could not receive data: 9
[ 57964][E][WiFiUdp.cpp:221] parsePacket(): could not receive data: 9
[ 57972][E][WiFiUdp.cpp:221] parsePacket(): could not receive data: 9
[ 57980][E][WiFiUdp.cpp:221] parsePacket(): could not receive data: 9
[ 57988][E][WiFiUdp.cpp:221] parsePacket(): could not receive data: 9
[ 57996][E][WiFiUdp.cpp:221] parsePacket(): could not receive data: 9
[ 58004][E][WiFiUdp.cpp:221] parsePacket(): could not receive data: 9
[ 58012][E][WiFiUdp.cpp:221] parsePacket(): could not receive data: 9
[ 58020][E][WiFiUdp.cpp:221] parsePacket(): could not receive data: 9
[ 58028][E][WiFiUdp.cpp:221] parsePacket(): could not receive data: 9
[ 58036][E][WiFiUdp.cpp:221] parsePacket(): could not receive data: 9
[ 58044][E][WiFiUdp.cpp:221] parsePacket(): could not receive data: 9
[ 58052][E][WiFiUdp.cpp:221] parsePacket(): could not receive data: 9
[ 58060][E][WiFiUdp.cpp:221] parsePacket(): could not receive data: 9
[ 58068][E][WiFiUdp.cpp:221] parsePacket(): could not receive data: 9
[ 58076][E][WiFiUdp.cpp:221] parsePacket(): could not receive data: 9
[ 58084][E][WiFiUdp.cpp:221] parsePacket(): could not receive data: 9
[ 58092][E][WiFiUdp.cpp:221] parsePacket(): could not receive data: 9
[ 58100][E][WiFiUdp.cpp:221] parsePacket(): could not receive data: 9
[ 58108][E][WiFiUdp.cpp:221] parsePacket(): could not receive data: 9
[ 58116][E][WiFiUdp.cpp:221] parsePacket(): could not receive data: 9
[ 58124][E][WiFiUdp.cpp:221] parsePacket(): could not receive data: 9
[ 58132][E][WiFiUdp.cpp:221] parsePacket(): could not receive data: 9
[ 58140][E][WiFiUdp.cpp:221] parsePacket(): could not receive data: 9
[ 58148][E][WiFiUdp.cpp:221] parsePacket(): could not receive data: 9
[ 58156][E][WiFiUdp.cpp:221] parsePacket(): could not receive data: 9
[ 58164][E][WiFiUdp.cpp:221] parsePacket(): could not receive data: 9
[ 58172][E][WiFiUdp.cpp:221] parsePacket(): could not receive data: 9
[ 58180][E][WiFiUdp.cpp:221] parsePacket(): could not receive data: 9
[ 58188][E][WiFiUdp.cpp:221] parsePacket(): could not receive data: 9
[ 58196][E][WiFiUdp.cpp:221] parsePacket(): could not receive data: 9
[ 58204][E][WiFiUdp.cpp:221] parsePacket(): could not receive data: 9
[ 58212][E][WiFiUdp.cpp:221] parsePacket(): could not receive data: 9
[ 58220][E][WiFiUdp.cpp:221] parsePacket(): could not receive data: 9
[ 58228][E][WiFiUdp.cpp:221] parsePacket(): could not receive data: 9
[ 58236][E][WiFiUdp.cpp:221] parsePacket(): could not receive data: 9
[ 58244][E][WiFiUdp.cpp:221] parsePacket(): could not receive data: 9
[ 58252][E][WiFiUdp.cpp:221] parsePacket(): could not receive data: 9
[ 58260][E][WiFiUdp.cpp:221] parsePacket(): could not receive data: 9
[ 58268][E][WiFiUdp.cpp:221] parsePacket(): could not receive data: 9
[ 58276][E][WiFiUdp.cpp:221] parsePacket(): could not receive data: 9
[ 58284][E][WiFiUdp.cpp:221] parsePacket(): could not receive data: 9
[ 58292][E][WiFiUdp.cpp:221] parsePacket(): could not receive data: 9
[ 58300][E][WiFiUdp.cpp:221] parsePacket(): could not receive data: 9
[ 58308][E][WiFiUdp.cpp:221] parsePacket(): could not receive data: 9
[ 58316][E][WiFiUdp.cpp:221] parsePacket(): could not receive data: 9
[ 58324][E][WiFiUdp.cpp:221] parsePacket(): could not receive data: 9
[ 58332][E][WiFiUdp.cpp:221] parsePacket(): could not receive data: 9
[ 58340][E][WiFiUdp.cpp:221] parsePacket(): could not receive data: 9
[ 58348][E][WiFiUdp.cpp:221] parsePacket(): could not receive data: 9
[ 58356][E][WiFiUdp.cpp:221] parsePacket(): could not receive data: 9
[ 58364][E][WiFiUdp.cpp:221] parsePacket(): could not receive data: 9
[ 58372][E][WiFiUdp.cpp:221] parsePacket(): could not receive data: 9
[ 58380][E][WiFiUdp.cpp:221] parsePacket(): could not receive data: 9
[ 58388][E][WiFiUdp.cpp:221] parsePacket(): could not receive data: 9
[ 58396][E][WiFiUdp.cpp:221] parsePacket(): could not receive data: 9
[ 58404][E][WiFiUdp.cpp:221] parsePacket(): could not receive data: 9
[ 58412][E][WiFiUdp.cpp:221] parsePacket(): could not receive data: 9
[ 58420][E][WiFiUdp.cpp:221] parsePacket(): could not receive data: 9
[ 58428][E][WiFiUdp.cpp:221] parsePacket(): could not receive data: 9
[ 58436][E][WiFiUdp.cpp:221] parsePacket(): could not receive data: 9
[ 58444][E][WiFiUdp.cpp:221] parsePacket(): could not receive data: 9
[ 58452][E][WiFiUdp.cpp:221] parsePacket(): could not receive data: 9
[ 58460][E][WiFiUdp.cpp:221] parsePacket(): could not receive data: 9
[ 58468][E][WiFiUdp.cpp:221] parsePacket(): could not receive data: 9
[ 58476][E][WiFiUdp.cpp:221] parsePacket(): could not receive data: 9
[ 58484][E][WiFiUdp.cpp:221] parsePacket(): could not receive data: 9
[ 58492][E][WiFiUdp.cpp:221] parsePacket(): could not receive data: 9
[ 58500][E][WiFiUdp.cpp:221] parsePacket(): could not receive data: 9
[ 58508][E][WiFiUdp.cpp:221] parsePacket(): could not receive data: 9
[ 58516][E][WiFiUdp.cpp:221] parsePacket(): could not receive data: 9
[ 58524][E][WiFiUdp.cpp:221] parsePacket(): could not receive data: 9
[ 58532][E][WiFiUdp.cpp:221] parsePacket(): could not receive data: 9
[ 58540][E][WiFiUdp.cpp:221] parsePacket(): could not receive data: 9
[ 58548][E][WiFiUdp.cpp:221] parsePacket(): could not receive data: 9
[ 58556][E][WiFiUdp.cpp:221] parsePacket(): could not receive data: 9
[ 58564][E][WiFiUdp.cpp:221] parsePacket(): could not receive data: 9
[ 58572][E][WiFiUdp.cpp:221] parsePacket(): could not receive data: 9
[ 58580][E][WiFiUdp.cpp:221] parsePacket(): could not receive data: 9
[ 58588][E][WiFiUdp.cpp:221] parsePacket(): could not receive data: 9
[ 58596][E][WiFiUdp.cpp:221] parsePacket(): could not receive data: 9
[ 58604][E][WiFiUdp.cpp:221] parsePacket(): could not receive data: 9
[ 58612][E][WiFiUdp.cpp:221] parsePacket(): could not receive data: 9
[ 58620][E][WiFiUdp.cpp:221] parsePacket(): could not receive data: 9
[ 58628][E][WiFiUdp.cpp:221] parsePacket(): could not receive data: 9
[ 58636][E][WiFiUdp.cpp:221] parsePacket(): could not receive data: 9
[ 58644][E][WiFiUdp.cpp:221] parsePacket(): could not receive data: 9
[ 58652][E][WiFiUdp.cpp:221] parsePacket(): could not receive data: 9
[ 58660][E][WiFiUdp.cpp:221] parsePacket(): could not receive data: 9
[ 58668][E][WiFiUdp.cpp:221] parsePacket(): could not receive data: 9
[ 58676][E][WiFiUdp.cpp:221] parsePacket(): could not receive data: 9
[ 58684][E][WiFiUdp.cpp:221] parsePacket(): could not receive data: 9
[ 58692][E][WiFiUdp.cpp:221] parsePacket(): could not receive data: 9
[ 58700][E][WiFiUdp.cpp:221] parsePacket(): could not receive data: 9
[ 58708][E][WiFiUdp.cpp:221] parsePacket(): could not receive data: 9
[ 58716][E][WiFiUdp.cpp:221] parsePacket(): could not receive data: 9
[ 58724][E][WiFiUdp.cpp:221] parsePacket(): could not receive data: 9
[ 58732][E][WiFiUdp.cpp:221] parsePacket(): could not receive data: 9
[ 58740][E][WiFiUdp.cpp:221] parsePacket(): could not receive data: 9
[ 58748][E][WiFiUdp.cpp:221] parsePacket(): could not receive data: 9
[ 58756][E][WiFiUdp.cpp:221] parsePacket(): could not receive data: 9
[ 58764][E][WiFiUdp.cpp:221] parsePacket(): could not receive data: 9
[ 58772][E][WiFiUdp.cpp:221] parsePacket(): could not receive data: 9
[ 58780][E][WiFiUdp.cpp:221] parsePacket(): could not receive data: 9
[ 58788][E][WiFiUdp.cpp:221] parsePacket(): could not receive data: 9
[ 58796][E][WiFiUdp.cpp:221] parsePacket(): could not receive data: 9
[ 58804][E][WiFiUdp.cpp:221] parsePacket(): could not receive data: 9
[ 58812][E][WiFiUdp.cpp:221] parsePacket(): could not receive data: 9
[ 58820][E][WiFiUdp.cpp:221] parsePacket(): could not receive data: 9
[ 58828][E][WiFiUdp.cpp:221] parsePacket(): could not receive data: 9
[ 58836][E][WiFiUdp.cpp:221] parsePacket(): could not receive data: 9
[ 58844][E][WiFiUdp.cpp:221] parsePacket(): could not receive data: 9
[ 58852][E][WiFiUdp.cpp:221] parsePacket(): could not receive data: 9
[ 58860][E][WiFiUdp.cpp:221] parsePacket(): could not receive data: 9
[ 58868][E][WiFiUdp.cpp:221] parsePacket(): could not receive data: 9
[ 58876][E][WiFiUdp.cpp:221] parsePacket(): could not receive data: 9
[ 58884][E][WiFiUdp.cpp:221] parsePacket(): could not receive data: 9
[ 58892][E][WiFiUdp.cpp:221] parsePacket(): could not receive data: 9
[ 58900][E][WiFiUdp.cpp:221] parsePacket(): could not receive data: 9
[ 58908][E][WiFiUdp.cpp:221] parsePacket(): could not receive data: 9
[ 58916][E][WiFiUdp.cpp:221] parsePacket(): could not receive data: 9
[ 58924][E][WiFiUdp.cpp:221] parsePacket(): could not receive data: 9
[ 58932][E][WiFiUdp.cpp:221] parsePacket(): could not receive data: 9
[ 58940][E][WiFiUdp.cpp:221] parsePacket(): could not receive data: 9
[ 58948][E][WiFiUdp.cpp:221] parsePacket(): could not receive data: 9
[ 58956][E][WiFiUdp.cpp:221] parsePacket(): could not receive data: 9
[ 58964][E][WiFiUdp.cpp:221] parsePacket(): could not receive data: 9
[ 58972][E][WiFiUdp.cpp:221] parsePacket(): could not receive data: 9
[ 58980][E][WiFiUdp.cpp:221] parsePacket(): could not receive data: 9
[ 58988][E][WiFiUdp.cpp:221] parsePacket(): could not receive data: 9
[ 58996][E][WiFiUdp.cpp:221] parsePacket(): could not receive data: 9
[ 59004][E][WiFiUdp.cpp:221] parsePacket(): could not receive data: 9
[ 59012][E][WiFiUdp.cpp:221] parsePacket(): could not receive data: 9
[ 59020][E][WiFiUdp.cpp:221] parsePacket(): could not receive data: 9
[ 59028][E][WiFiUdp.cpp:221] parsePacket(): could not receive data: 9
[ 59036][E][WiFiUdp.cpp:221] parsePacket(): could not receive data: 9
[ 59044][E][WiFiUdp.cpp:221] parsePacket(): could not receive data: 9
[ 59052][E][WiFiUdp.cpp:221] parsePacket(): could not receive data: 9
[ 59060][E][WiFiUdp.cpp:221] parsePacket(): could not receive data: 9
[ 59068][E][WiFiUdp.cpp:221] parsePacket(): could not receive data: 9
[ 59076][E][WiFiUdp.cpp:221] parsePacket(): could not receive data: 9
[ 59084][E][WiFiUdp.cpp:221] parsePacket(): could not receive data: 9
[ 59092][E][WiFiUdp.cpp:221] parsePacket(): could not receive data: 9
[ 59100][E][WiFiUdp.cpp:221] parsePacket(): could not receive data: 9
[ 59108][E][WiFiUdp.cpp:221] parsePacket(): could not receive data: 9
[ 59116][E][WiFiUdp.cpp:221] parsePacket(): could not receive data: 9
[ 59124][E][WiFiUdp.cpp:221] parsePacket(): could not receive data: 9
[ 59132][E][WiFiUdp.cpp:221] parsePacket(): could not receive data: 9
[ 59140][E][WiFiUdp.cpp:221] parsePacket(): could not receive data: 9
[ 59148][E][WiFiUdp.cpp:221] parsePacket(): could not receive data: 9
[ 59156][E][WiFiUdp.cpp:221] parsePacket(): could not receive data: 9
[ 59164][E][WiFiUdp.cpp:221] parsePacket(): could not receive data: 9
[ 59172][E][WiFiUdp.cpp:221] parsePacket(): could not receive data: 9
[ 59180][E][WiFiUdp.cpp:221] parsePacket(): could not receive data: 9
[ 59188][E][WiFiUdp.cpp:221] parsePacket(): could not receive data: 9
[ 59196][E][WiFiUdp.cpp:221] parsePacket(): could not receive data: 9
[ 59204][E][WiFiUdp.cpp:221] parsePacket(): could not receive data: 9
[ 59212][E][WiFiUdp.cpp:221] parsePacket(): could not receive data: 9
[ 59220][E][WiFiUdp.cpp:221] parsePacket(): could not receive data: 9
[ 59228][E][WiFiUdp.cpp:221] parsePacket(): could not receive data: 9
[ 59236][E][WiFiUdp.cpp:221] parsePacket(): could not receive data: 9
[ 59244][E][WiFiUdp.cpp:221] parsePacket(): could not receive data: 9
[ 59252][E][WiFiUdp.cpp:221] parsePacket(): could not receive data: 9
[ 59260][E][WiFiUdp.cpp:221] parsePacket(): could not receive data: 9
[ 59268][E][WiFiUdp.cpp:221] parsePacket(): could not receive data: 9
[ 59276][E][WiFiUdp.cpp:221] parsePacket(): could not receive data: 9
[ 59284][E][WiFiUdp.cpp:221] parsePacket(): could not receive data: 9
[ 59292][E][WiFiUdp.cpp:221] parsePacket(): could not receive data: 9
[ 59300][E][WiFiUdp.cpp:221] parsePacket(): could not receive data: 9
[ 59308][E][WiFiUdp.cpp:221] parsePacket(): could not receive data: 9
[ 59316][E][WiFiUdp.cpp:221] parsePacket(): could not receive data: 9
[ 59324][E][WiFiUdp.cpp:221] parsePacket(): could not receive data: 9
[ 59332][E][WiFiUdp.cpp:221] parsePacket(): could not receive data: 9
[ 59340][E][WiFiUdp.cpp:221] parsePacket(): could not receive data: 9
[ 59348][E][WiFiUdp.cpp:221] parsePacket(): could not receive data: 9
[ 59356][E][WiFiUdp.cpp:221] parsePacket(): could not receive data: 9
[ 59364][E][WiFiUdp.cpp:221] parsePacket(): could not receive data: 9
[ 59372][E][WiFiUdp.cpp:221] parsePacket(): could not receive data: 9
[ 59380][E][WiFiUdp.cpp:221] parsePacket(): could not receive data: 9
[ 59388][E][WiFiUdp.cpp:221] parsePacket(): could not receive data: 9
[ 59396][E][WiFiUdp.cpp:221] parsePacket(): could not receive data: 9
[ 59404][E][WiFiUdp.cpp:221] parsePacket(): could not receive data: 9
[ 59412][E][WiFiUdp.cpp:221] parsePacket(): could not receive data: 9
[ 59420][E][WiFiUdp.cpp:221] parsePacket(): could not receive data: 9
[ 59428][E][WiFiUdp.cpp:221] parsePacket(): could not receive data: 9
[ 59436][E][WiFiUdp.cpp:221] parsePacket(): could not receive data: 9
[ 59444][E][WiFiUdp.cpp:221] parsePacket(): could not receive data: 9
[ 59452][E][WiFiUdp.cpp:221] parsePacket(): could not receive data: 9
[ 59460][E][WiFiUdp.cpp:221] parsePacket(): could not receive data: 9
[ 59468][E][WiFiUdp.cpp:221] parsePacket(): could not receive data: 9
[ 59476][E][WiFiUdp.cpp:221] parsePacket(): could not receive data: 9
[ 59484][E][WiFiUdp.cpp:221] parsePacket(): could not receive data: 9
[ 59492][E][WiFiUdp.cpp:221] parsePacket(): could not receive data: 9
[ 59500][E][WiFiUdp.cpp:221] parsePacket(): could not receive data: 9
[ 59508][E][WiFiUdp.cpp:221] parsePacket(): could not receive data: 9
[ 59516][E][WiFiUdp.cpp:221] parsePacket(): could not receive data: 9
[ 59524][E][WiFiUdp.cpp:221] parsePacket(): could not receive data: 9
[ 59532][E][WiFiUdp.cpp:221] parsePacket(): could not receive data: 9
[ 59540][E][WiFiUdp.cpp:221] parsePacket(): could not receive data: 9
[ 59548][E][WiFiUdp.cpp:221] parsePacket(): could not receive data: 9
[ 59556][E][WiFiUdp.cpp:221] parsePacket(): could not receive data: 9
[ 59564][E][WiFiUdp.cpp:221] parsePacket(): could not receive data: 9
[ 59572][E][WiFiUdp.cpp:221] parsePacket(): could not receive data: 9
[ 59580][E][WiFiUdp.cpp:221] parsePacket(): could not receive data: 9
[ 59588][E][WiFiUdp.cpp:221] parsePacket(): could not receive data: 9
[ 59596][E][WiFiUdp.cpp:221] parsePacket(): could not receive data: 9
[ 59604][E][WiFiUdp.cpp:221] parsePacket(): could not receive data: 9
[ 59612][E][WiFiUdp.cpp:221] parsePacket(): could not receive data: 9
[ 59620][E][WiFiUdp.cpp:221] parsePacket(): could not receive data: 9
[ 59628][E][WiFiUdp.cpp:221] parsePacket(): could not receive data: 9
[ 59636][E][WiFiUdp.cpp:221] parsePacket(): could not receive data: 9
[ 59644][E][WiFiUdp.cpp:221] parsePacket(): could not receive data: 9
[ 59652][E][WiFiUdp.cpp:221] parsePacket(): could not receive data: 9
[ 59660][E][WiFiUdp.cpp:221] parsePacket(): could not receive data: 9
[ 59668][E][WiFiUdp.cpp:221] parsePacket(): could not receive data: 9
[ 59676][E][WiFiUdp.cpp:221] parsePacket(): could not receive data: 9
[ 59684][E][WiFiUdp.cpp:221] parsePacket(): could not receive data: 9
[ 59692][E][WiFiUdp.cpp:221] parsePacket(): could not receive data: 9
[ 59700][E][WiFiUdp.cpp:221] parsePacket(): could not receive data: 9
[ 59708][E][WiFiUdp.cpp:221] parsePacket(): could not receive data: 9
[ 59716][E][WiFiUdp.cpp:221] parsePacket(): could not receive data: 9
[ 59724][E][WiFiUdp.cpp:221] parsePacket(): could not receive data: 9
[ 59732][E][WiFiUdp.cpp:221] parsePacket(): could not receive data: 9
[ 59740][E][WiFiUdp.cpp:221] parsePacket(): could not receive data: 9
[ 59748][E][WiFiUdp.cpp:221] parsePacket(): could not receive data: 9
[ 59756][E][WiFiUdp.cpp:221] parsePacket(): could not receive data: 9
[ 59764][E][WiFiUdp.cpp:221] parsePacket(): could not receive data: 9
[ 59772][E][WiFiUdp.cpp:221] parsePacket(): could not receive data: 9
[ 59780][E][WiFiUdp.cpp:221] parsePacket(): could not receive data: 9
[ 59788][E][WiFiUdp.cpp:221] parsePacket(): could not receive data: 9
[ 59796][E][WiFiUdp.cpp:221] parsePacket(): could not receive data: 9
[ 59804][E][WiFiUdp.cpp:221] parsePacket(): could not receive data: 9
[ 59812][E][WiFiUdp.cpp:221] parsePacket(): could not receive data: 9
[ 59820][E][WiFiUdp.cpp:221] parsePacket(): could not receive data: 9
[ 59828][E][WiFiUdp.cpp:221] parsePacket(): could not receive data: 9
[ 59836][E][WiFiUdp.cpp:221] parsePacket(): could not receive data: 9
[ 59844][E][WiFiUdp.cpp:221] parsePacket(): could not receive data: 9
[ 59852][E][WiFiUdp.cpp:221] parsePacket(): could not receive data: 9
[ 59860][E][WiFiUdp.cpp:221] parsePacket(): could not receive data: 9
[ 59868][E][WiFiUdp.cpp:221] parsePacket(): could not receive data: 9
[ 59876][E][WiFiUdp.cpp:221] parsePacket(): could not receive data: 9
[ 59884][E][WiFiUdp.cpp:221] parsePacket(): could not receive data: 9
[ 59892][E][WiFiUdp.cpp:221] parsePacket(): could not receive data: 9
[ 59900][E][WiFiUdp.cpp:221] parsePacket(): could not receive data: 9
[ 59908][E][WiFiUdp.cpp:221] parsePacket(): could not receive data: 9
[ 59916][E][WiFiUdp.cpp:221] parsePacket(): could not receive data: 9
[ 59924][E][WiFiUdp.cpp:221] parsePacket(): could not receive data: 9
[ 59932][E][WiFiUdp.cpp:221] parsePacket(): could not receive data: 9
[ 59940][E][WiFiUdp.cpp:221] parsePacket(): could not receive data: 9
[ 59948][E][WiFiUdp.cpp:221] parsePacket(): could not receive data: 9
[ 59956][E][WiFiUdp.cpp:221] parsePacket(): could not receive data: 9
[ 59964][E][WiFiUdp.cpp:221] parsePacket(): could not receive data: 9
[ 59972][E][WiFiUdp.cpp:221] parsePacket(): could not receive data: 9
[ 59980][E][WiFiUdp.cpp:221] parsePacket(): could not receive data: 9
[ 59988][E][WiFiUdp.cpp:221] parsePacket(): could not receive data: 9
[ 59996][E][WiFiUdp.cpp:221] parsePacket(): could not receive data: 9
[ 60004][E][WiFiUdp.cpp:221] parsePacket(): could not receive data: 9
〽 ESP32 internal temp: 37.777779 °C
[ 60012][E][WiFiUdp.cpp:221] parsePacket(): could not receive data: 9
[ 60023][E][WiFiUdp.cpp:221] parsePacket(): could not receive data: 9
[ 60031][E][WiFiUdp.cpp:221] parsePacket(): could not receive data: 9
[ 60039][E][WiFiUdp.cpp:221] parsePacket(): could not receive data: 9
[ 60047][E][WiFiUdp.cpp:221] parsePacket(): could not receive data: 9
[ 60055][E][WiFiUdp.cpp:221] parsePacket(): could not receive data: 9
[ 60063][E][WiFiUdp.cpp:221] parsePacket(): could not receive data: 9
[ 60071][E][WiFiUdp.cpp:221] parsePacket(): could not receive data: 9
[ 60079][E][WiFiUdp.cpp:221] parsePacket(): could not receive data: 9
[ 60087][E][WiFiUdp.cpp:221] parsePacket(): could not receive data: 9
[ 60095][E][WiFiUdp.cpp:221] parsePacket(): could not receive data: 9
[ 60103][E][WiFiUdp.cpp:221] parsePacket(): could not receive data: 9
[ 60111][E][WiFiUdp.cpp:221] parsePacket(): could not receive data: 9
[ 60119][E][WiFiUdp.cpp:221] parsePacket(): could not receive data: 9
[ 60127][E][WiFiUdp.cpp:221] parsePacket(): could not receive data: 9
[ 60135][E][WiFiUdp.cpp:221] parsePacket(): could not receive data: 9
[ 60143][E][WiFiUdp.cpp:221] parsePacket(): could not receive data: 9
[ 60151][E][WiFiUdp.cpp:221] parsePacket(): could not receive data: 9
[ 60159][E][WiFiUdp.cpp:221] parsePacket(): could not receive data: 9
[ 60167][E][WiFiUdp.cpp:221] parsePacket(): could not receive data: 9
[ 60175][E][WiFiUdp.cpp:221] parsePacket(): could not receive data: 9
[ 60183][E][WiFiUdp.cpp:221] parsePacket(): could not receive data: 9
[ 60191][E][WiFiUdp.cpp:221] parsePacket(): could not receive data: 9
[ 60199][E][WiFiUdp.cpp:221] parsePacket(): could not receive data: 9
[ 60207][E][WiFiUdp.cpp:221] parsePacket(): could not receive data: 9
[ 60215][E][WiFiUdp.cpp:221] parsePacket(): could not receive data: 9
[ 60223][E][WiFiUdp.cpp:221] parsePacket(): could not receive data: 9
[ 60231][E][WiFiUdp.cpp:221] parsePacket(): could not receive data: 9
[ 60239][E][WiFiUdp.cpp:221] parsePacket(): could not receive data: 9
[ 60247][E][WiFiUdp.cpp:221] parsePacket(): could not receive data: 9
[ 60255][E][WiFiUdp.cpp:221] parsePacket(): could not receive data: 9
[ 60263][E][WiFiUdp.cpp:221] parsePacket(): could not receive data: 9
[ 60271][E][WiFiUdp.cpp:221] parsePacket(): could not receive data: 9
[ 60279][E][WiFiUdp.cpp:221] parsePacket(): could not receive data: 9
[ 60287][E][WiFiUdp.cpp:221] parsePacket(): could not receive data: 9
[ 60295][E][WiFiUdp.cpp:221] parsePacket(): could not receive data: 9
[ 60303][E][WiFiUdp.cpp:221] parsePacket(): could not receive data: 9
[ 60311][E][WiFiUdp.cpp:221] parsePacket(): could not receive data: 9
[ 60319][E][WiFiUdp.cpp:221] parsePacket(): could not receive data: 9
[ 60327][E][WiFiUdp.cpp:221] parsePacket(): could not receive data: 9
[ 60335][E][WiFiUdp.cpp:221] parsePacket(): could not receive data: 9
[ 60343][E][WiFiUdp.cpp:221] parsePacket(): could not receive data: 9
[ 60351][E][WiFiUdp.cpp:221] parsePacket(): could not receive data: 9
[ 60359][E][WiFiUdp.cpp:221] parsePacket(): could not receive data: 9
[ 60367][E][WiFiUdp.cpp:221] parsePacket(): could not receive data: 9
[ 60375][E][WiFiUdp.cpp:221] parsePacket(): could not receive data: 9
[ 60383][E][WiFiUdp.cpp:221] parsePacket(): could not receive data: 9
[ 60391][E][WiFiUdp.cpp:221] parsePacket(): could not receive data: 9
[ 60399][E][WiFiUdp.cpp:221] parsePacket(): could not receive data: 9
[ 60407][E][WiFiUdp.cpp:221] parsePacket(): could not receive data: 9
[ 60415][E][WiFiUdp.cpp:221] parsePacket(): could not receive data: 9
[ 60423][E][WiFiUdp.cpp:221] parsePacket(): could not receive data: 9
[ 60431][E][WiFiUdp.cpp:221] parsePacket(): could not receive data: 9
[ 60439][E][WiFiUdp.cpp:221] parsePacket(): could not receive data: 9
[ 60447][E][WiFiUdp.cpp:221] parsePacket(): could not receive data: 9
[ 60455][E][WiFiUdp.cpp:221] parsePacket(): could not receive data: 9
[ 60463][E][WiFiUdp.cpp:221] parsePacket(): could not receive data: 9
[ 60471][E][WiFiUdp.cpp:221] parsePacket(): could not receive data: 9
[ 60479][E][WiFiUdp.cpp:221] parsePacket(): could not receive data: 9
[ 60487][E][WiFiUdp.cpp:221] parsePacket(): could not receive data: 9
[ 60495][E][WiFiUdp.cpp:221] parsePacket(): could not receive data: 9
[ 60503][E][WiFiUdp.cpp:221] parsePacket(): could not receive data: 9
[ 60511][E][WiFiUdp.cpp:221] parsePacket(): could not receive data: 9
[ 60519][E][WiFiUdp.cpp:221] parsePacket(): could not receive data: 9
[ 60527][E][WiFiUdp.cpp:221] parsePacket(): could not receive data: 9
[ 60535][E][WiFiUdp.cpp:221] parsePacket(): could not receive data: 9
[ 60543][E][WiFiUdp.cpp:221] parsePacket(): could not receive data: 9
[ 60551][E][WiFiUdp.cpp:221] parsePacket(): could not receive data: 9
[ 60559][E][WiFiUdp.cpp:221] parsePacket(): could not receive data: 9
[ 60567][E][WiFiUdp.cpp:221] parsePacket(): could not receive data: 9
[ 60575][E][WiFiUdp.cpp:221] parsePacket(): could not receive data: 9
[ 60583][E][WiFiUdp.cpp:221] parsePacket(): could not receive data: 9
[ 60591][E][WiFiUdp.cpp:221] parsePacket(): could not receive data: 9
[ 60599][E][WiFiUdp.cpp:221] parsePacket(): could not receive data: 9
[ 60607][E][WiFiUdp.cpp:221] parsePacket(): could not receive data: 9
[ 60615][E][WiFiUdp.cpp:221] parsePacket(): could not receive data: 9
[ 60623][E][WiFiUdp.cpp:221] parsePacket(): could not receive data: 9
[ 60631][E][WiFiUdp.cpp:221] parsePacket(): could not receive data: 9
[ 60639][E][WiFiUdp.cpp:221] parsePacket(): could not receive data: 9
[ 60647][E][WiFiUdp.cpp:221] parsePacket(): could not receive data: 9
[ 60655][E][WiFiUdp.cpp:221] parsePacket(): could not receive data: 9
[ 60663][E][WiFiUdp.cpp:221] parsePacket(): could not receive data: 9
[ 60671][E][WiFiUdp.cpp:221] parsePacket(): could not receive data: 9
[ 60679][E][WiFiUdp.cpp:221] parsePacket(): could not receive data: 9
[ 60687][E][WiFiUdp.cpp:221] parsePacket(): could not receive data: 9
[ 60695][E][WiFiUdp.cpp:221] parsePacket(): could not receive data: 9
[ 60703][E][WiFiUdp.cpp:221] parsePacket(): could not receive data: 9
[ 60711][E][WiFiUdp.cpp:221] parsePacket(): could not receive data: 9
[ 60719][E][WiFiUdp.cpp:221] parsePacket(): could not receive data: 9
[ 60727][E][WiFiUdp.cpp:221] parsePacket(): could not receive data: 9
[ 60735][E][WiFiUdp.cpp:221] parsePacket(): could not receive data: 9
[ 60743][E][WiFiUdp.cpp:221] parsePacket(): could not receive data: 9
[ 60751][E][WiFiUdp.cpp:221] parsePacket(): could not receive data: 9
[ 60759][E][WiFiUdp.cpp:221] parsePacket(): could not receive data: 9
[ 60767][E][WiFiUdp.cpp:221] parsePacket(): could not receive data: 9
[ 60775][E][WiFiUdp.cpp:221] parsePacket(): could not receive data: 9
[ 60783][E][WiFiUdp.cpp:221] parsePacket(): could not receive data: 9
[ 60791][E][WiFiUdp.cpp:221] parsePacket(): could not receive data: 9
[ 60799][E][WiFiUdp.cpp:221] parsePacket(): could not receive data: 9
[ 60807][E][WiFiUdp.cpp:221] parsePacket(): could not receive data: 9
[ 60815][E][WiFiUdp.cpp:221] parsePacket(): could not receive data: 9
[ 60823][E][WiFiUdp.cpp:221] parsePacket(): could not receive data: 9
[ 60831][E][WiFiUdp.cpp:221] parsePacket(): could not receive data: 9
[ 60839][E][WiFiUdp.cpp:221] parsePacket(): could not receive data: 9
[ 60847][E][WiFiUdp.cpp:221] parsePacket(): could not receive data: 9
[ 60855][E][WiFiUdp.cpp:221] parsePacket(): could not receive data: 9
[ 60863][E][WiFiUdp.cpp:221] parsePacket(): could not receive data: 9
[ 60871][E][WiFiUdp.cpp:221] parsePacket(): could not receive data: 9
[ 60879][E][WiFiUdp.cpp:221] parsePacket(): could not receive data: 9
[ 60887][E][WiFiUdp.cpp:221] parsePacket(): could not receive data: 9
[ 60895][E][WiFiUdp.cpp:221] parsePacket(): could not receive data: 9
[ 60903][E][WiFiUdp.cpp:221] parsePacket(): could not receive data: 9
[ 60911][E][WiFiUdp.cpp:221] parsePacket(): could not receive data: 9
[ 60919][E][WiFiUdp.cpp:221] parsePacket(): could not receive data: 9
[ 60927][E][WiFiUdp.cpp:221] parsePacket(): could not receive data: 9
[ 60935][E][WiFiUdp.cpp:221] parsePacket(): could not receive data: 9
[ 60943][E][WiFiUdp.cpp:221] parsePacket(): could not receive data: 9
[ 60951][E][WiFiUdp.cpp:221] parsePacket(): could not receive data: 9
[ 60959][E][WiFiUdp.cpp:221] parsePacket(): could not receive data: 9
[ 60967][E][WiFiUdp.cpp:221] parsePacket(): could not receive data: 9
[ 60975][E][WiFiUdp.cpp:221] parsePacket(): could not receive data: 9
[ 60983][E][WiFiUdp.cpp:221] parsePacket(): could not receive data: 9
[ 60991][E][WiFiUdp.cpp:221] parsePacket(): could not receive data: 9
[ 60999][E][WiFiUdp.cpp:221] parsePacket(): could not receive data: 9
[ 61007][E][WiFiUdp.cpp:221] parsePacket(): could not receive data: 9
[ 61015][E][WiFiUdp.cpp:221] parsePacket(): could not receive data: 9
[ 61023][E][WiFiUdp.cpp:221] parsePacket(): could not receive data: 9
[ 61031][E][WiFiUdp.cpp:221] parsePacket(): could not receive data: 9
[ 61039][E][WiFiUdp.cpp:221] parsePacket(): could not receive data: 9
[ 61047][E][WiFiUdp.cpp:221] parsePacket(): could not receive data: 9
[ 61055][E][WiFiUdp.cpp:221] parsePacket(): could not receive data: 9
[ 61063][E][WiFiUdp.cpp:221] parsePacket(): could not receive data: 9
[ 61071][E][WiFiUdp.cpp:221] parsePacket(): could not receive data: 9
[ 61079][E][WiFiUdp.cpp:221] parsePacket(): could not receive data: 9
[ 61087][E][WiFiUdp.cpp:221] parsePacket(): could not receive data: 9
[ 61095][E][WiFiUdp.cpp:221] parsePacket(): could not receive data: 9
[ 61103][E][WiFiUdp.cpp:221] parsePacket(): could not receive data: 9
[ 61111][E][WiFiUdp.cpp:221] parsePacket(): could not receive data: 9
[ 61119][E][WiFiUdp.cpp:221] parsePacket(): could not receive data: 9
[ 61127][E][WiFiUdp.cpp:221] parsePacket(): could not receive data: 9
[ 61135][E][WiFiUdp.cpp:221] parsePacket(): could not receive data: 9
[ 61143][E][WiFiUdp.cpp:221] parsePacket(): could not receive data: 9
[ 61151][E][WiFiUdp.cpp:221] parsePacket(): could not receive data: 9
[ 61159][E][WiFiUdp.cpp:221] parsePacket(): could not receive data: 9
[ 61167][E][WiFiUdp.cpp:221] parsePacket(): could not receive data: 9
[ 61175][E][WiFiUdp.cpp:221] parsePacket(): could not receive data: 9
[ 61183][E][WiFiUdp.cpp:221] parsePacket(): could not receive data: 9
[ 61191][E][WiFiUdp.cpp:221] parsePacket(): could not receive data: 9
[ 61199][E][WiFiUdp.cpp:221] parsePacket(): could not receive data: 9
[ 61207][E][WiFiUdp.cpp:221] parsePacket(): could not receive data: 9
[ 61215][E][WiFiUdp.cpp:221] parsePacket(): could not receive data: 9
[ 61223][E][WiFiUdp.cpp:221] parsePacket(): could not receive data: 9
[ 61231][E][WiFiUdp.cpp:221] parsePacket(): could not receive data: 9
[ 61239][E][WiFiUdp.cpp:221] parsePacket(): could not receive data: 9
[ 61247][E][WiFiUdp.cpp:221] parsePacket(): could not receive data: 9
[ 61255][E][WiFiUdp.cpp:221] parsePacket(): could not receive data: 9
[ 61263][E][WiFiUdp.cpp:221] parsePacket(): could not receive data: 9
[ 61271][E][WiFiUdp.cpp:221] parsePacket(): could not receive data: 9
[ 61279][E][WiFiUdp.cpp:221] parsePacket(): could not receive data: 9
[ 61287][E][WiFiUdp.cpp:221] parsePacket(): could not receive data: 9
[ 61295][E][WiFiUdp.cpp:221] parsePacket(): could not receive data: 9
[ 61303][E][WiFiUdp.cpp:221] parsePacket(): could not receive data: 9
[ 61311][E][WiFiUdp.cpp:221] parsePacket(): could not receive data: 9
[ 61319][E][WiFiUdp.cpp:221] parsePacket(): could not receive data: 9
[ 61327][E][WiFiUdp.cpp:221] parsePacket(): could not receive data: 9
[ 61335][E][WiFiUdp.cpp:221] parsePacket(): could not receive data: 9
[ 61343][E][WiFiUdp.cpp:221] parsePacket(): could not receive data: 9
[ 61351][E][WiFiUdp.cpp:221] parsePacket(): could not receive data: 9
[ 61359][E][WiFiUdp.cpp:221] parsePacket(): could not receive data: 9
[ 61367][E][WiFiUdp.cpp:221] parsePacket(): could not receive data: 9
[ 61375][E][WiFiUdp.cpp:221] parsePacket(): could not receive data: 9
[ 61383][E][WiFiUdp.cpp:221] parsePacket(): could not receive data: 9
[ 61391][E][WiFiUdp.cpp:221] parsePacket(): could not receive data: 9
[ 61399][E][WiFiUdp.cpp:221] parsePacket(): could not receive data: 9
[ 61407][E][WiFiUdp.cpp:221] parsePacket(): could not receive data: 9
[ 61415][E][WiFiUdp.cpp:221] parsePacket(): could not receive data: 9
[ 61423][E][WiFiUdp.cpp:221] parsePacket(): could not receive data: 9
[ 61431][E][WiFiUdp.cpp:221] parsePacket(): could not receive data: 9
[ 61439][E][WiFiUdp.cpp:221] parsePacket(): could not receive data: 9
[ 61447][E][WiFiUdp.cpp:221] parsePacket(): could not receive data: 9
[ 61455][E][WiFiUdp.cpp:221] parsePacket(): could not receive data: 9
[ 61463][E][WiFiUdp.cpp:221] parsePacket(): could not receive data: 9
[ 61471][E][WiFiUdp.cpp:221] parsePacket(): could not receive data: 9
[ 61479][E][WiFiUdp.cpp:221] parsePacket(): could not receive data: 9
[ 61487][E][WiFiUdp.cpp:221] parsePacket(): could not receive data: 9
[ 61495][E][WiFiUdp.cpp:221] parsePacket(): could not receive data: 9
[ 61503][E][WiFiUdp.cpp:221] parsePacket(): could not receive data: 9
[ 61511][E][WiFiUdp.cpp:221] parsePacket(): could not receive data: 9
[ 61519][E][WiFiUdp.cpp:221] parsePacket(): could not receive data: 9
[ 61527][E][WiFiUdp.cpp:221] parsePacket(): could not receive data: 9
[ 61535][E][WiFiUdp.cpp:221] parsePacket(): could not receive data: 9
[ 61543][E][WiFiUdp.cpp:221] parsePacket(): could not receive data: 9
[ 61551][E][WiFiUdp.cpp:221] parsePacket(): could not receive data: 9
[ 61559][E][WiFiUdp.cpp:221] parsePacket(): could not receive data: 9
[ 61567][E][WiFiUdp.cpp:221] parsePacket(): could not receive data: 9
[ 61575][E][WiFiUdp.cpp:221] parsePacket(): could not receive data: 9
[ 61583][E][WiFiUdp.cpp:221] parsePacket(): could not receive data: 9
[ 61591][E][WiFiUdp.cpp:221] parsePacket(): could not receive data: 9
[ 61599][E][WiFiUdp.cpp:221] parsePacket(): could not receive data: 9
[ 61607][E][WiFiUdp.cpp:221] parsePacket(): could not receive data: 9
[ 61615][E][WiFiUdp.cpp:221] parsePacket(): could not receive data: 9
[ 61623][E][WiFiUdp.cpp:221] parsePacket(): could not receive data: 9
[ 61631][E][WiFiUdp.cpp:221] parsePacket(): could not receive data: 9
[ 61639][E][WiFiUdp.cpp:221] parsePacket(): could not receive data: 9
[ 61647][E][WiFiUdp.cpp:221] parsePacket(): could not receive data: 9
[ 61655][E][WiFiUdp.cpp:221] parsePacket(): could not receive data: 9
[ 61663][E][WiFiUdp.cpp:221] parsePacket(): could not receive data: 9
[ 61671][E][WiFiUdp.cpp:221] parsePacket(): could not receive data: 9
[ 61679][E][WiFiUdp.cpp:221] parsePacket(): could not receive data: 9
[ 61687][E][WiFiUdp.cpp:221] parsePacket(): could not receive data: 9
[ 61695][E][WiFiUdp.cpp:221] parsePacket(): could not receive data: 9
[ 61703][E][WiFiUdp.cpp:221] parsePacket(): could not receive data: 9
[ 61711][E][WiFiUdp.cpp:221] parsePacket(): could not receive data: 9
No Sensor found on bus! Rescanning...
No Sensor found on bus! Rescanning...
[ 62024][E][WiFiUdp.cpp:221] parsePacket(): could not receive data: 9
[ 62032][E][WiFiUdp.cpp:221] parsePacket(): could not receive data: 9
[ 62040][E][WiFiUdp.cpp:221] parsePacket(): could not receive data: 9
[ 62048][E][WiFiUdp.cpp:221] parsePacket(): could not receive data: 9
[ 62056][E][WiFiUdp.cpp:221] parsePacket(): could not receive data: 9
[ 62064][E][WiFiUdp.cpp:221] parsePacket(): could not receive data: 9
[ 62072][E][WiFiUdp.cpp:221] parsePacket(): could not receive data: 9
[ 62080][E][WiFiUdp.cpp:221] parsePacket(): could not receive data: 9
[ 62088][E][WiFiUdp.cpp:221] parsePacket(): could not receive data: 9
[ 62096][E][WiFiUdp.cpp:221] parsePacket(): could not receive data: 9
[ 62104][E][WiFiUdp.cpp:221] parsePacket(): could not receive data: 9
[ 62112][E][WiFiUdp.cpp:221] parsePacket(): could not receive data: 9
[ 62120][E][WiFiUdp.cpp:221] parsePacket(): could not receive data: 9
[ 62128][E][WiFiUdp.cpp:221] parsePacket(): could not receive data: 9
[ 62136][E][WiFiUdp.cpp:221] parsePacket(): could not receive data: 9
[ 62144][E][WiFiUdp.cpp:221] parsePacket(): could not receive data: 9
[ 62152][E][WiFiUdp.cpp:221] parsePacket(): could not receive data: 9
[ 62160][E][WiFiUdp.cpp:221] parsePacket(): could not receive data: 9
[ 62168][E][WiFiUdp.cpp:221] parsePacket(): could not receive data: 9
[ 62176][E][WiFiUdp.cpp:221] parsePacket(): could not receive data: 9
[ 62184][E][WiFiUdp.cpp:221] parsePacket(): could not receive data: 9
[ 62192][E][WiFiUdp.cpp:221] parsePacket(): could not receive data: 9
[ 62200][E][WiFiUdp.cpp:221] parsePacket(): could not receive data: 9
[ 62208][E][WiFiUdp.cpp:221] parsePacket(): could not receive data: 9
[ 62216][E][WiFiUdp.cpp:221] parsePacket(): could not receive data: 9
[ 62224][E][WiFiUdp.cpp:221] parsePacket(): could not receive data: 9
[ 62232][E][WiFiUdp.cpp:221] parsePacket(): could not receive data: 9
[ 62240][E][WiFiUdp.cpp:221] parsePacket(): could not receive data: 9
[ 62248][E][WiFiUdp.cpp:221] parsePacket(): could not receive data: 9
[ 62256][E][WiFiUdp.cpp:221] parsePacket(): could not receive data: 9
[ 62264][E][WiFiUdp.cpp:221] parsePacket(): could not receive data: 9
[ 62272][E][WiFiUdp.cpp:221] parsePacket(): could not receive data: 9
[ 62280][E][WiFiUdp.cpp:221] parsePacket(): could not receive data: 9
[ 62288][E][WiFiUdp.cpp:221] parsePacket(): could not receive data: 9
[ 62296][E][WiFiUdp.cpp:221] parsePacket(): could not receive data: 9
[ 62304][E][WiFiUdp.cpp:221] parsePacket(): could not receive data: 9
[ 62312][E][WiFiUdp.cpp:221] parsePacket(): could not receive data: 9
[ 62320][E][WiFiUdp.cpp:221] parsePacket(): could not receive data: 9
[ 62328][E][WiFiUdp.cpp:221] parsePacket(): could not receive data: 9
[ 62336][E][WiFiUdp.cpp:221] parsePacket(): could not receive data: 9
[ 62344][E][WiFiUdp.cpp:221] parsePacket(): could not receive data: 9
[ 62352][E][WiFiUdp.cpp:221] parsePacket(): could not receive data: 9
[ 62360][E][WiFiUdp.cpp:221] parsePacket(): could not receive data: 9
[ 62368][E][WiFiUdp.cpp:221] parsePacket(): could not receive data: 9
[ 62376][E][WiFiUdp.cpp:221] parsePacket(): could not receive data: 9
[ 62384][E][WiFiUdp.cpp:221] parsePacket(): could not receive data: 9
[ 62392][E][WiFiUdp.cpp:221] parsePacket(): could not receive data: 9
[ 62400][E][WiFiUdp.cpp:221] parsePacket(): could not receive data: 9
[ 62408][E][WiFiUdp.cpp:221] parsePacket(): could not receive data: 9
[ 62416][E][WiFiUdp.cpp:221] parsePacket(): could not receive data: 9
[ 62424][E][WiFiUdp.cpp:221] parsePacket(): could not receive data: 9
[ 62432][E][WiFiUdp.cpp:221] parsePacket(): could not receive data: 9
[ 62440][E][WiFiUdp.cpp:221] parsePacket(): could not receive data: 9
[ 62448][E][WiFiUdp.cpp:221] parsePacket(): could not receive data: 9
[ 62456][E][WiFiUdp.cpp:221] parsePacket(): could not receive data: 9
[ 62464][E][WiFiUdp.cpp:221] parsePacket(): could not receive data: 9
[ 62472][E][WiFiUdp.cpp:221] parsePacket(): could not receive data: 9
[ 62480][E][WiFiUdp.cpp:221] parsePacket(): could not receive data: 9
[ 62488][E][WiFiUdp.cpp:221] parsePacket(): could not receive data: 9
[ 62496][E][WiFiUdp.cpp:221] parsePacket(): could not receive data: 9
[ 62504][E][WiFiUdp.cpp:221] parsePacket(): could not receive data: 9
[ 62512][E][WiFiUdp.cpp:221] parsePacket(): could not receive data: 9
[ 62520][E][WiFiUdp.cpp:221] parsePacket(): could not receive data: 9
[ 62528][E][WiFiUdp.cpp:221] parsePacket(): could not receive data: 9
[ 62536][E][WiFiUdp.cpp:221] parsePacket(): could not receive data: 9
[ 62544][E][WiFiUdp.cpp:221] parsePacket(): could not receive data: 9
[ 62552][E][WiFiUdp.cpp:221] parsePacket(): could not receive data: 9
[ 62560][E][WiFiUdp.cpp:221] parsePacket(): could not receive data: 9
[ 62568][E][WiFiUdp.cpp:221] parsePacket(): could not receive data: 9
[ 62576][E][WiFiUdp.cpp:221] parsePacket(): could not receive data: 9
[ 62584][E][WiFiUdp.cpp:221] parsePacket(): could not receive data: 9
[ 62592][E][WiFiUdp.cpp:221] parsePacket(): could not receive data: 9
[ 62600][E][WiFiUdp.cpp:221] parsePacket(): could not receive data: 9
[ 62608][E][WiFiUdp.cpp:221] parsePacket(): could not receive data: 9
[ 62616][E][WiFiUdp.cpp:221] parsePacket(): could not receive data: 9
[ 62624][E][WiFiUdp.cpp:221] parsePacket(): could not receive data: 9
[ 62632][E][WiFiUdp.cpp:221] parsePacket(): could not receive data: 9
[ 62640][E][WiFiUdp.cpp:221] parsePacket(): could not receive data: 9
[ 62648][E][WiFiUdp.cpp:221] parsePacket(): could not receive data: 9
[ 62656][E][WiFiUdp.cpp:221] parsePacket(): could not receive data: 9
[ 62664][E][WiFiUdp.cpp:221] parsePacket(): could not receive data: 9
[ 62672][E][WiFiUdp.cpp:221] parsePacket(): could not receive data: 9
[ 62680][E][WiFiUdp.cpp:221] parsePacket(): could not receive data: 9
[ 62688][E][WiFiUdp.cpp:221] parsePacket(): could not receive data: 9
[ 62696][E][WiFiUdp.cpp:221] parsePacket(): could not receive data: 9
[ 62704][E][WiFiUdp.cpp:221] parsePacket(): could not receive data: 9
[ 62712][E][WiFiUdp.cpp:221] parsePacket(): could not receive data: 9
[ 62720][E][WiFiUdp.cpp:221] parsePacket(): could not receive data: 9
[ 62728][E][WiFiUdp.cpp:221] parsePacket(): could not receive data: 9
[ 62736][E][WiFiUdp.cpp:221] parsePacket(): could not receive data: 9
[ 62744][E][WiFiUdp.cpp:221] parsePacket(): could not receive data: 9
[ 62752][E][WiFiUdp.cpp:221] parsePacket(): could not receive data: 9
[ 62760][E][WiFiUdp.cpp:221] parsePacket(): could not receive data: 9
[ 62768][E][WiFiUdp.cpp:221] parsePacket(): could not receive data: 9
[ 62776][E][WiFiUdp.cpp:221] parsePacket(): could not receive data: 9
[ 62784][E][WiFiUdp.cpp:221] parsePacket(): could not receive data: 9
[ 62792][E][WiFiUdp.cpp:221] parsePacket(): could not receive data: 9
[ 62800][E][WiFiUdp.cpp:221] parsePacket(): could not receive data: 9
[ 62808][E][WiFiUdp.cpp:221] parsePacket(): could not receive data: 9
[ 62816][E][WiFiUdp.cpp:221] parsePacket(): could not receive data: 9
[ 62824][E][WiFiUdp.cpp:221] parsePacket(): could not receive data: 9
[ 62832][E][WiFiUdp.cpp:221] parsePacket(): could not receive data: 9
[ 62840][E][WiFiUdp.cpp:221] parsePacket(): could not receive data: 9
[ 62848][E][WiFiUdp.cpp:221] parsePacket(): could not receive data: 9
[ 62856][E][WiFiUdp.cpp:221] parsePacket(): could not receive data: 9
[ 62864][E][WiFiUdp.cpp:221] parsePacket(): could not receive data: 9
[ 62872][E][WiFiUdp.cpp:221] parsePacket(): could not receive data: 9
[ 62880][E][WiFiUdp.cpp:221] parsePacket(): could not receive data: 9
[ 62888][E][WiFiUdp.cpp:221] parsePacket(): could not receive data: 9
[ 62896][E][WiFiUdp.cpp:221] parsePacket(): could not receive data: 9
[ 62904][E][WiFiUdp.cpp:221] parsePacket(): could not receive data: 9
[ 62912][E][WiFiUdp.cpp:221] parsePacket(): could not receive data: 9
[ 62920][E][WiFiUdp.cpp:221] parsePacket(): could not receive data: 9
[ 62928][E][WiFiUdp.cpp:221] parsePacket(): could not receive data: 9
[ 62936][E][WiFiUdp.cpp:221] parsePacket(): could not receive data: 9
[ 62944][E][WiFiUdp.cpp:221] parsePacket(): could not receive data: 9
[ 62952][E][WiFiUdp.cpp:221] parsePacket(): could not receive data: 9
[ 62960][E][WiFiUdp.cpp:221] parsePacket(): could not receive data: 9
[ 62968][E][WiFiUdp.cpp:221] parsePacket(): could not receive data: 9
[ 62976][E][WiFiUdp.cpp:221] parsePacket(): could not receive data: 9
[ 62984][E][WiFiUdp.cpp:221] parsePacket(): could not receive data: 9
[ 62992][E][WiFiUdp.cpp:221] parsePacket(): could not receive data: 9
[ 63000][E][WiFiUdp.cpp:221] parsePacket(): could not receive data: 9
[ 63008][E][WiFiUdp.cpp:221] parsePacket(): could not receive data: 9
[ 63016][E][WiFiUdp.cpp:221] parsePacket(): could not receive data: 9
[ 63024][E][WiFiUdp.cpp:221] parsePacket(): could not receive data: 9
[ 63032][E][WiFiUdp.cpp:221] parsePacket(): could not receive data: 9
[ 63040][E][WiFiUdp.cpp:221] parsePacket(): could not receive data: 9
[ 63048][E][WiFiUdp.cpp:221] parsePacket(): could not receive data: 9
[ 63056][E][WiFiUdp.cpp:221] parsePacket(): could not receive data: 9
[ 63064][E][WiFiUdp.cpp:221] parsePacket(): could not receive data: 9
[ 63072][E][WiFiUdp.cpp:221] parsePacket(): could not receive data: 9
[ 63080][E][WiFiUdp.cpp:221] parsePacket(): could not receive data: 9
[ 63088][E][WiFiUdp.cpp:221] parsePacket(): could not receive data: 9
[ 63096][E][WiFiUdp.cpp:221] parsePacket(): could not receive data: 9
[ 63104][E][WiFiUdp.cpp:221] parsePacket(): could not receive data: 9
[ 63112][E][WiFiUdp.cpp:221] parsePacket(): could not receive data: 9
[ 63120][E][WiFiUdp.cpp:221] parsePacket(): could not receive data: 9
[ 63128][E][WiFiUdp.cpp:221] parsePacket(): could not receive data: 9
[ 63136][E][WiFiUdp.cpp:221] parsePacket(): could not receive data: 9
[ 63144][E][WiFiUdp.cpp:221] parsePacket(): could not receive data: 9
[ 63152][E][WiFiUdp.cpp:221] parsePacket(): could not receive data: 9
[ 63160][E][WiFiUdp.cpp:221] parsePacket(): could not receive data: 9
[ 63168][E][WiFiUdp.cpp:221] parsePacket(): could not receive data: 9
[ 63176][E][WiFiUdp.cpp:221] parsePacket(): could not receive data: 9
[ 63184][E][WiFiUdp.cpp:221] parsePacket(): could not receive data: 9
[ 63192][E][WiFiUdp.cpp:221] parsePacket(): could not receive data: 9
[ 63200][E][WiFiUdp.cpp:221] parsePacket(): could not receive data: 9
[ 63208][E][WiFiUdp.cpp:221] parsePacket(): could not receive data: 9
[ 63216][E][WiFiUdp.cpp:221] parsePacket(): could not receive data: 9
[ 63224][E][WiFiUdp.cpp:221] parsePacket(): could not receive data: 9
[ 63232][E][WiFiUdp.cpp:221] parsePacket(): could not receive data: 9
[ 63240][E][WiFiUdp.cpp:221] parsePacket(): could not receive data: 9
[ 63248][E][WiFiUdp.cpp:221] parsePacket(): could not receive data: 9
[ 63256][E][WiFiUdp.cpp:221] parsePacket(): could not receive data: 9
[ 63264][E][WiFiUdp.cpp:221] parsePacket(): could not receive data: 9
[ 63272][E][WiFiUdp.cpp:221] parsePacket(): could not receive data: 9
[ 63280][E][WiFiUdp.cpp:221] parsePacket(): could not receive data: 9
[ 63288][E][WiFiUdp.cpp:221] parsePacket(): could not receive data: 9
[ 63296][E][WiFiUdp.cpp:221] parsePacket(): could not receive data: 9
[ 63304][E][WiFiUdp.cpp:221] parsePacket(): could not receive data: 9
[ 63312][E][WiFiUdp.cpp:221] parsePacket(): could not receive data: 9
[ 63320][E][WiFiUdp.cpp:221] parsePacket(): could not receive data: 9
[ 63328][E][WiFiUdp.cpp:221] parsePacket(): could not receive data: 9
[ 63336][E][WiFiUdp.cpp:221] parsePacket(): could not receive data: 9
[ 63344][E][WiFiUdp.cpp:221] parsePacket(): could not receive data: 9
[ 63352][E][WiFiUdp.cpp:221] parsePacket(): could not receive data: 9
[ 63360][E][WiFiUdp.cpp:221] parsePacket(): could not receive data: 9
[ 63368][E][WiFiUdp.cpp:221] parsePacket(): could not receive data: 9
[ 63376][E][WiFiUdp.cpp:221] parsePacket(): could not receive data: 9
[ 63384][E][WiFiUdp.cpp:221] parsePacket(): could not receive data: 9
[ 63392][E][WiFiUdp.cpp:221] parsePacket(): could not receive data: 9
[ 63400][E][WiFiUdp.cpp:221] parsePacket(): could not receive data: 9
[ 63408][E][WiFiUdp.cpp:221] parsePacket(): could not receive data: 9
[ 63416][E][WiFiUdp.cpp:221] parsePacket(): could not receive data: 9
[ 63424][E][WiFiUdp.cpp:221] parsePacket(): could not receive data: 9
[ 63432][E][WiFiUdp.cpp:221] parsePacket(): could not receive data: 9
[ 63440][E][WiFiUdp.cpp:221] parsePacket(): could not receive data: 9
[ 63448][E][WiFiUdp.cpp:221] parsePacket(): could not receive data: 9
[ 63456][E][WiFiUdp.cpp:221] parsePacket(): could not receive data: 9
[ 63464][E][WiFiUdp.cpp:221] parsePacket(): could not receive data: 9
[ 63472][E][WiFiUdp.cpp:221] parsePacket(): could not receive data: 9
[ 63480][E][WiFiUdp.cpp:221] parsePacket(): could not receive data: 9
[ 63488][E][WiFiUdp.cpp:221] parsePacket(): could not receive data: 9
[ 63496][E][WiFiUdp.cpp:221] parsePacket(): could not receive data: 9
[ 63504][E][WiFiUdp.cpp:221] parsePacket(): could not receive data: 9
[ 63512][E][WiFiUdp.cpp:221] parsePacket(): could not receive data: 9
[ 63520][E][WiFiUdp.cpp:221] parsePacket(): could not receive data: 9
[ 63528][E][WiFiUdp.cpp:221] parsePacket(): could not receive data: 9
[ 63536][E][WiFiUdp.cpp:221] parsePacket(): could not receive data: 9
[ 63544][E][WiFiUdp.cpp:221] parsePacket(): could not receive data: 9
[ 63552][E][WiFiUdp.cpp:221] parsePacket(): could not receive data: 9
[ 63560][E][WiFiUdp.cpp:221] parsePacket(): could not receive data: 9
[ 63568][E][WiFiUdp.cpp:221] parsePacket(): could not receive data: 9
[ 63576][E][WiFiUdp.cpp:221] parsePacket(): could not receive data: 9
[ 63584][E][WiFiUdp.cpp:221] parsePacket(): could not receive data: 9
[ 63592][E][WiFiUdp.cpp:221] parsePacket(): could not receive data: 9
[ 63600][E][WiFiUdp.cpp:221] parsePacket(): could not receive data: 9
[ 63608][E][WiFiUdp.cpp:221] parsePacket(): could not receive data: 9
[ 63616][E][WiFiUdp.cpp:221] parsePacket(): could not receive data: 9
[ 63624][E][WiFiUdp.cpp:221] parsePacket(): could not receive data: 9
[ 63632][E][WiFiUdp.cpp:221] parsePacket(): could not receive data: 9
[ 63640][E][WiFiUdp.cpp:221] parsePacket(): could not receive data: 9
[ 63648][E][WiFiUdp.cpp:221] parsePacket(): could not receive data: 9
[ 63656][E][WiFiUdp.cpp:221] parsePacket(): could not receive data: 9
[ 63664][E][WiFiUdp.cpp:221] parsePacket(): could not receive data: 9
[ 63672][E][WiFiUdp.cpp:221] parsePacket(): could not receive data: 9
[ 63680][E][WiFiUdp.cpp:221] parsePacket(): could not receive data: 9
[ 63688][E][WiFiUdp.cpp:221] parsePacket(): could not receive data: 9
[ 63696][E][WiFiUdp.cpp:221] parsePacket(): could not receive data: 9
[ 63704][E][WiFiUdp.cpp:221] parsePacket(): could not receive data: 9
[ 63712][E][WiFiUdp.cpp:221] parsePacket(): could not receive data: 9
[ 63720][E][WiFiUdp.cpp:221] parsePacket(): could not receive data: 9
[ 63728][E][WiFiUdp.cpp:221] parsePacket(): could not receive data: 9
[ 63736][E][WiFiUdp.cpp:221] parsePacket(): could not receive data: 9
[ 63744][E][WiFiUdp.cpp:221] parsePacket(): could not receive data: 9
[ 63752][E][WiFiUdp.cpp:221] parsePacket(): could not receive data: 9
[ 63760][E][WiFiUdp.cpp:221] parsePacket(): could not receive data: 9
[ 63768][E][WiFiUdp.cpp:221] parsePacket(): could not receive data: 9
[ 63776][E][WiFiUdp.cpp:221] parsePacket(): could not receive data: 9
[ 63784][E][WiFiUdp.cpp:221] parsePacket(): could not receive data: 9
[ 63792][E][WiFiUdp.cpp:221] parsePacket(): could not receive data: 9
[ 63800][E][WiFiUdp.cpp:221] parsePacket(): could not receive data: 9
[ 63808][E][WiFiUdp.cpp:221] parsePacket(): could not receive data: 9
[ 63816][E][WiFiUdp.cpp:221] parsePacket(): could not receive data: 9
[ 63824][E][WiFiUdp.cpp:221] parsePacket(): could not receive data: 9
[ 63832][E][WiFiUdp.cpp:221] parsePacket(): could not receive data: 9
[ 63840][E][WiFiUdp.cpp:221] parsePacket(): could not receive data: 9
[ 63848][E][WiFiUdp.cpp:221] parsePacket(): could not receive data: 9
[ 63856][E][WiFiUdp.cpp:221] parsePacket(): could not receive data: 9
[ 63864][E][WiFiUdp.cpp:221] parsePacket(): could not receive data: 9
[ 63872][E][WiFiUdp.cpp:221] parsePacket(): could not receive data: 9
[ 63880][E][WiFiUdp.cpp:221] parsePacket(): could not receive data: 9
[ 63888][E][WiFiUdp.cpp:221] parsePacket(): could not receive data: 9
[ 63896][E][WiFiUdp.cpp:221] parsePacket(): could not receive data: 9
[ 63904][E][WiFiUdp.cpp:221] parsePacket(): could not receive data: 9
[ 63912][E][WiFiUdp.cpp:221] parsePacket(): could not receive data: 9
[ 63920][E][WiFiUdp.cpp:221] parsePacket(): could not receive data: 9
[ 63928][E][WiFiUdp.cpp:221] parsePacket(): could not receive data: 9
[ 63936][E][WiFiUdp.cpp:221] parsePacket(): could not receive data: 9
[ 63944][E][WiFiUdp.cpp:221] parsePacket(): could not receive data: 9
[ 63952][E][WiFiUdp.cpp:221] parsePacket(): could not receive data: 9
[ 63960][E][WiFiUdp.cpp:221] parsePacket(): could not receive data: 9
[ 63968][E][WiFiUdp.cpp:221] parsePacket(): could not receive data: 9
[ 63976][E][WiFiUdp.cpp:221] parsePacket(): could not receive data: 9
[ 63984][E][WiFiUdp.cpp:221] parsePacket(): could not receive data: 9
[ 63992][E][WiFiUdp.cpp:221] parsePacket(): could not receive data: 9
[ 64000][E][WiFiUdp.cpp:221] parsePacket(): could not receive data: 9
[ 64008][E][WiFiUdp.cpp:221] parsePacket(): could not receive data: 9
[ 64016][E][WiFiUdp.cpp:221] parsePacket(): could not receive data: 9
[ 64024][E][WiFiUdp.cpp:221] parsePacket(): could not receive data: 9
[ 64032][E][WiFiUdp.cpp:221] parsePacket(): could not receive data: 9
[ 64040][E][WiFiUdp.cpp:221] parsePacket(): could not receive data: 9
[ 64048][E][WiFiUdp.cpp:221] parsePacket(): could not receive data: 9
[ 64056][E][WiFiUdp.cpp:221] parsePacket(): could not receive data: 9
[ 64064][E][WiFiUdp.cpp:221] parsePacket(): could not receive data: 9
[ 64072][E][WiFiUdp.cpp:221] parsePacket(): could not receive data: 9
[ 64080][E][WiFiUdp.cpp:221] parsePacket(): could not receive data: 9
[ 64088][E][WiFiUdp.cpp:221] parsePacket(): could not receive data: 9
[ 64096][E][WiFiUdp.cpp:221] parsePacket(): could not receive data: 9
[ 64104][E][WiFiUdp.cpp:221] parsePacket(): could not receive data: 9
[ 64112][E][WiFiUdp.cpp:221] parsePacket(): could not receive data: 9
[ 64120][E][WiFiUdp.cpp:221] parsePacket(): could not receive data: 9
[ 64128][E][WiFiUdp.cpp:221] parsePacket(): could not receive data: 9
[ 64136][E][WiFiUdp.cpp:221] parsePacket(): could not receive data: 9
[ 64144][E][WiFiUdp.cpp:221] parsePacket(): could not receive data: 9
[ 64152][E][WiFiUdp.cpp:221] parsePacket(): could not receive data: 9
[ 64160][E][WiFiUdp.cpp:221] parsePacket(): could not receive data: 9
[ 64168][E][WiFiUdp.cpp:221] parsePacket(): could not receive data: 9
[ 64176][E][WiFiUdp.cpp:221] parsePacket(): could not receive data: 9
[ 64184][E][WiFiUdp.cpp:221] parsePacket(): could not receive data: 9
[ 64192][E][WiFiUdp.cpp:221] parsePacket(): could not receive data: 9
[ 64200][E][WiFiUdp.cpp:221] parsePacket(): could not receive data: 9
[ 64208][E][WiFiUdp.cpp:221] parsePacket(): could not receive data: 9
[ 64216][E][WiFiUdp.cpp:221] parsePacket(): could not receive data: 9
[ 64224][E][WiFiUdp.cpp:221] parsePacket(): could not receive data: 9
[ 64232][E][WiFiUdp.cpp:221] parsePacket(): could not receive data: 9
[ 64240][E][WiFiUdp.cpp:221] parsePacket(): could not receive data: 9
[ 64248][E][WiFiUdp.cpp:221] parsePacket(): could not receive data: 9
[ 64256][E][WiFiUdp.cpp:221] parsePacket(): could not receive data: 9
[ 64264][E][WiFiUdp.cpp:221] parsePacket(): could not receive data: 9
[ 64272][E][WiFiUdp.cpp:221] parsePacket(): could not receive data: 9
[ 64280][E][WiFiUdp.cpp:221] parsePacket(): could not receive data: 9
[ 64288][E][WiFiUdp.cpp:221] parsePacket(): could not receive data: 9
[ 64296][E][WiFiUdp.cpp:221] parsePacket(): could not receive data: 9
[ 64304][E][WiFiUdp.cpp:221] parsePacket(): could not receive data: 9
[ 64312][E][WiFiUdp.cpp:221] parsePacket(): could not receive data: 9
[ 64320][E][WiFiUdp.cpp:221] parsePacket(): could not receive data: 9
[ 64328][E][WiFiUdp.cpp:221] parsePacket(): could not receive data: 9
[ 64336][E][WiFiUdp.cpp:221] parsePacket(): could not receive data: 9
[ 64344][E][WiFiUdp.cpp:221] parsePacket(): could not receive data: 9
[ 64352][E][WiFiUdp.cpp:221] parsePacket(): could not receive data: 9
[ 64360][E][WiFiUdp.cpp:221] parsePacket(): could not receive data: 9
[ 64368][E][WiFiUdp.cpp:221] parsePacket(): could not receive data: 9
[ 64376][E][WiFiUdp.cpp:221] parsePacket(): could not receive data: 9
[ 64384][E][WiFiUdp.cpp:221] parsePacket(): could not receive data: 9
[ 64392][E][WiFiUdp.cpp:221] parsePacket(): could not receive data: 9
[ 64400][E][WiFiUdp.cpp:221] parsePacket(): could not receive data: 9
[ 64408][E][WiFiUdp.cpp:221] parsePacket(): could not receive data: 9
[ 64416][E][WiFiUdp.cpp:221] parsePacket(): could not receive data: 9
[ 64424][E][WiFiUdp.cpp:221] parsePacket(): could not receive data: 9
[ 64432][E][WiFiUdp.cpp:221] parsePacket(): could not receive data: 9
[ 64440][E][WiFiUdp.cpp:221] parsePacket(): could not receive data: 9
[ 64448][E][WiFiUdp.cpp:221] parsePacket(): could not receive data: 9
[ 64456][E][WiFiUdp.cpp:221] parsePacket(): could not receive data: 9
[ 64464][E][WiFiUdp.cpp:221] parsePacket(): could not receive data: 9
[ 64472][E][WiFiUdp.cpp:221] parsePacket(): could not receive data: 9
[ 64480][E][WiFiUdp.cpp:221] parsePacket(): could not receive data: 9
[ 64488][E][WiFiUdp.cpp:221] parsePacket(): could not receive data: 9
[ 64496][E][WiFiUdp.cpp:221] parsePacket(): could not receive data: 9
[ 64504][E][WiFiUdp.cpp:221] parsePacket(): could not receive data: 9
[ 64512][E][WiFiUdp.cpp:221] parsePacket(): could not receive data: 9
[ 64520][E][WiFiUdp.cpp:221] parsePacket(): could not receive data: 9
[ 64528][E][WiFiUdp.cpp:221] parsePacket(): could not receive data: 9
[ 64536][E][WiFiUdp.cpp:221] parsePacket(): could not receive data: 9
[ 64544][E][WiFiUdp.cpp:221] parsePacket(): could not receive data: 9
[ 64552][E][WiFiUdp.cpp:221] parsePacket(): could not receive data: 9
[ 64560][E][WiFiUdp.cpp:221] parsePacket(): could not receive data: 9
[ 64568][E][WiFiUdp.cpp:221] parsePacket(): could not receive data: 9
[ 64576][E][WiFiUdp.cpp:221] parsePacket(): could not receive data: 9
[ 64584][E][WiFiUdp.cpp:221] parsePacket(): could not receive data: 9
[ 64592][E][WiFiUdp.cpp:221] parsePacket(): could not receive data: 9
[ 64600][E][WiFiUdp.cpp:221] parsePacket(): could not receive data: 9
[ 64608][E][WiFiUdp.cpp:221] parsePacket(): could not receive data: 9
[ 64616][E][WiFiUdp.cpp:221] parsePacket(): could not receive data: 9
[ 64624][E][WiFiUdp.cpp:221] parsePacket(): could not receive data: 9
[ 64632][E][WiFiUdp.cpp:221] parsePacket(): could not receive data: 9
[ 64640][E][WiFiUdp.cpp:221] parsePacket(): could not receive data: 9
[ 64648][E][WiFiUdp.cpp:221] parsePacket(): could not receive data: 9
[ 64656][E][WiFiUdp.cpp:221] parsePacket(): could not receive data: 9
[ 64664][E][WiFiUdp.cpp:221] parsePacket(): could not receive data: 9
[ 64672][E][WiFiUdp.cpp:221] parsePacket(): could not receive data: 9
[ 64680][E][WiFiUdp.cpp:221] parsePacket(): could not receive data: 9
[ 64688][E][WiFiUdp.cpp:221] parsePacket(): could not receive data: 9
[ 64696][E][WiFiUdp.cpp:221] parsePacket(): could not receive data: 9
[ 64704][E][WiFiUdp.cpp:221] parsePacket(): could not receive data: 9
[ 64712][E][WiFiUdp.cpp:221] parsePacket(): could not receive data: 9
[ 64720][E][WiFiUdp.cpp:221] parsePacket(): could not receive data: 9
[ 64728][E][WiFiUdp.cpp:221] parsePacket(): could not receive data: 9
[ 64736][E][WiFiUdp.cpp:221] parsePacket(): could not receive data: 9
[ 64744][E][WiFiUdp.cpp:221] parsePacket(): could not receive data: 9
[ 64752][E][WiFiUdp.cpp:221] parsePacket(): could not receive data: 9
[ 64760][E][WiFiUdp.cpp:221] parsePacket(): could not receive data: 9
[ 64768][E][WiFiUdp.cpp:221] parsePacket(): could not receive data: 9
[ 64776][E][WiFiUdp.cpp:221] parsePacket(): could not receive data: 9
[ 64784][E][WiFiUdp.cpp:221] parsePacket(): could not receive data: 9
[ 64792][E][WiFiUdp.cpp:221] parsePacket(): could not receive data: 9
[ 64800][E][WiFiUdp.cpp:221] parsePacket(): could not receive data: 9
[ 64808][E][WiFiUdp.cpp:221] parsePacket(): could not receive data: 9
[ 64816][E][WiFiUdp.cpp:221] parsePacket(): could not receive data: 9
[ 64824][E][WiFiUdp.cpp:221] parsePacket(): could not receive data: 9
[ 64832][E][WiFiUdp.cpp:221] parsePacket(): could not receive data: 9
[ 64840][E][WiFiUdp.cpp:221] parsePacket(): could not receive data: 9
[ 64848][E][WiFiUdp.cpp:221] parsePacket(): could not receive data: 9
[ 64856][E][WiFiUdp.cpp:221] parsePacket(): could not receive data: 9
[ 64864][E][WiFiUdp.cpp:221] parsePacket(): could not receive data: 9
[ 64872][E][WiFiUdp.cpp:221] parsePacket(): could not receive data: 9
[ 64880][E][WiFiUdp.cpp:221] parsePacket(): could not receive data: 9
[ 64888][E][WiFiUdp.cpp:221] parsePacket(): could not receive data: 9
[ 64896][E][WiFiUdp.cpp:221] parsePacket(): could not receive data: 9
[ 64904][E][WiFiUdp.cpp:221] parsePacket(): could not receive data: 9
[ 64912][E][WiFiUdp.cpp:221] parsePacket(): could not receive data: 9
[ 64920][E][WiFiUdp.cpp:221] parsePacket(): could not receive data: 9
[ 64928][E][WiFiUdp.cpp:221] parsePacket(): could not receive data: 9
[ 64936][E][WiFiUdp.cpp:221] parsePacket(): could not receive data: 9
[ 64944][E][WiFiUdp.cpp:221] parsePacket(): could not receive data: 9
[ 64952][E][WiFiUdp.cpp:221] parsePacket(): could not receive data: 9
[ 64960][E][WiFiUdp.cpp:221] parsePacket(): could not receive data: 9
[ 64968][E][WiFiUdp.cpp:221] parsePacket(): could not receive data: 9
[ 64976][E][WiFiUdp.cpp:221] parsePacket(): could not receive data: 9
[ 64984][E][WiFiUdp.cpp:221] parsePacket(): could not receive data: 9
[ 64992][E][WiFiUdp.cpp:221] parsePacket(): could not receive data: 9
[ 65000][E][WiFiUdp.cpp:221] parsePacket(): could not receive data: 9
[ 65008][E][WiFiUdp.cpp:221] parsePacket(): could not receive data: 9
[ 65016][E][WiFiUdp.cpp:221] parsePacket(): could not receive data: 9
[ 65024][E][WiFiUdp.cpp:221] parsePacket(): could not receive data: 9
[ 65032][E][WiFiUdp.cpp:221] parsePacket(): could not receive data: 9
[ 65040][E][WiFiUdp.cpp:221] parsePacket(): could not receive data: 9
[ 65048][E][WiFiUdp.cpp:221] parsePacket(): could not receive data: 9
[ 65056][E][WiFiUdp.cpp:221] parsePacket(): could not receive data: 9
[ 65064][E][WiFiUdp.cpp:221] parsePacket(): could not receive data: 9
[ 65072][E][WiFiUdp.cpp:221] parsePacket(): could not receive data: 9
[ 65080][E][WiFiUdp.cpp:221] parsePacket(): could not receive data: 9
[ 65088][E][WiFiUdp.cpp:221] parsePacket(): could not receive data: 9
[ 65096][E][WiFiUdp.cpp:221] parsePacket(): could not receive data: 9
[ 65104][E][WiFiUdp.cpp:221] parsePacket(): could not receive data: 9
[ 65112][E][WiFiUdp.cpp:221] parsePacket(): could not receive data: 9
[ 65120][E][WiFiUdp.cpp:221] parsePacket(): could not receive data: 9
[ 65128][E][WiFiUdp.cpp:221] parsePacket(): could not receive data: 9
[ 65136][E][WiFiUdp.cpp:221] parsePacket(): could not receive data: 9
[ 65144][E][WiFiUdp.cpp:221] parsePacket(): could not receive data: 9
[ 65152][E][WiFiUdp.cpp:221] parsePacket(): could not receive data: 9
[ 65160][E][WiFiUdp.cpp:221] parsePacket(): could not receive data: 9
[ 65168][E][WiFiUdp.cpp:221] parsePacket(): could not receive data: 9
[ 65176][E][WiFiUdp.cpp:221] parsePacket(): could not receive data: 9
[ 65184][E][WiFiUdp.cpp:221] parsePacket(): could not receive data: 9
[ 65192][E][WiFiUdp.cpp:221] parsePacket(): could not receive data: 9
[ 65200][E][WiFiUdp.cpp:221] parsePacket(): could not receive data: 9
[ 65208][E][WiFiUdp.cpp:221] parsePacket(): could not receive data: 9
[ 65216][E][WiFiUdp.cpp:221] parsePacket(): could not receive data: 9
[ 65224][E][WiFiUdp.cpp:221] parsePacket(): could not receive data: 9
[ 65232][E][WiFiUdp.cpp:221] parsePacket(): could not receive data: 9
[ 65240][E][WiFiUdp.cpp:221] parsePacket(): could not receive data: 9
[ 65248][E][WiFiUdp.cpp:221] parsePacket(): could not receive data: 9
[ 65256][E][WiFiUdp.cpp:221] parsePacket(): could not receive data: 9
[ 65264][E][WiFiUdp.cpp:221] parsePacket(): could not receive data: 9
[ 65272][E][WiFiUdp.cpp:221] parsePacket(): could not receive data: 9
[ 65280][E][WiFiUdp.cpp:221] parsePacket(): could not receive data: 9
[ 65288][E][WiFiUdp.cpp:221] parsePacket(): could not receive data: 9
[ 65296][E][WiFiUdp.cpp:221] parsePacket(): could not receive data: 9
[ 65304][E][WiFiUdp.cpp:221] parsePacket(): could not receive data: 9
[ 65312][E][WiFiUdp.cpp:221] parsePacket(): could not receive data: 9
[ 65320][E][WiFiUdp.cpp:221] parsePacket(): could not receive data: 9
[ 65328][E][WiFiUdp.cpp:221] parsePacket(): could not receive data: 9
[ 65336][E][WiFiUdp.cpp:221] parsePacket(): could not receive data: 9
[ 65344][E][WiFiUdp.cpp:221] parsePacket(): could not receive data: 9
[ 65352][E][WiFiUdp.cpp:221] parsePacket(): could not receive data: 9
[ 65360][E][WiFiUdp.cpp:221] parsePacket(): could not receive data: 9
[ 65368][E][WiFiUdp.cpp:221] parsePacket(): could not receive data: 9
[ 65376][E][WiFiUdp.cpp:221] parsePacket(): could not receive data: 9
[ 65384][E][WiFiUdp.cpp:221] parsePacket(): could not receive data: 9
[ 65392][E][WiFiUdp.cpp:221] parsePacket(): could not receive data: 9
[ 65400][E][WiFiUdp.cpp:221] parsePacket(): could not receive data: 9
[ 65408][E][WiFiUdp.cpp:221] parsePacket(): could not receive data: 9
[ 65416][E][WiFiUdp.cpp:221] parsePacket(): could not receive data: 9
[ 65424][E][WiFiUdp.cpp:221] parsePacket(): could not receive data: 9
[ 65432][E][WiFiUdp.cpp:221] parsePacket(): could not receive data: 9
[ 65440][E][WiFiUdp.cpp:221] parsePacket(): could not receive data: 9
[ 65448][E][WiFiUdp.cpp:221] parsePacket(): could not receive data: 9
[ 65456][E][WiFiUdp.cpp:221] parsePacket(): could not receive data: 9
[ 65464][E][WiFiUdp.cpp:221] parsePacket(): could not receive data: 9
[ 65472][E][WiFiUdp.cpp:221] parsePacket(): could not receive data: 9
[ 65480][E][WiFiUdp.cpp:221] parsePacket(): could not receive data: 9
[ 65488][E][WiFiUdp.cpp:221] parsePacket(): could not receive data: 9
[ 65496][E][WiFiUdp.cpp:221] parsePacket(): could not receive data: 9
[ 65504][E][WiFiUdp.cpp:221] parsePacket(): could not receive data: 9
[ 65512][E][WiFiUdp.cpp:221] parsePacket(): could not receive data: 9
[ 65520][E][WiFiUdp.cpp:221] parsePacket(): could not receive data: 9
[ 65528][E][WiFiUdp.cpp:221] parsePacket(): could not receive data: 9
[ 65536][E][WiFiUdp.cpp:221] parsePacket(): could not receive data: 9
[ 65544][E][WiFiUdp.cpp:221] parsePacket(): could not receive data: 9
[ 65552][E][WiFiUdp.cpp:221] parsePacket(): could not receive data: 9
[ 65560][E][WiFiUdp.cpp:221] parsePacket(): could not receive data: 9
[ 65568][E][WiFiUdp.cpp:221] parsePacket(): could not receive data: 9
[ 65576][E][WiFiUdp.cpp:221] parsePacket(): could not receive data: 9
[ 65584][E][WiFiUdp.cpp:221] parsePacket(): could not receive data: 9
[ 65592][E][WiFiUdp.cpp:221] parsePacket(): could not receive data: 9
[ 65600][E][WiFiUdp.cpp:221] parsePacket(): could not receive data: 9
[ 65608][E][WiFiUdp.cpp:221] parsePacket(): could not receive data: 9
[ 65616][E][WiFiUdp.cpp:221] parsePacket(): could not receive data: 9
[ 65624][E][WiFiUdp.cpp:221] parsePacket(): could not receive data: 9
[ 65632][E][WiFiUdp.cpp:221] parsePacket(): could not receive data: 9
[ 65640][E][WiFiUdp.cpp:221] parsePacket(): could not receive data: 9
[ 65648][E][WiFiUdp.cpp:221] parsePacket(): could not receive data: 9
[ 65656][E][WiFiUdp.cpp:221] parsePacket(): could not receive data: 9
[ 65664][E][WiFiUdp.cpp:221] parsePacket(): could not receive data: 9
[ 65672][E][WiFiUdp.cpp:221] parsePacket(): could not receive data: 9
[ 65680][E][WiFiUdp.cpp:221] parsePacket(): could not receive data: 9
[ 65688][E][WiFiUdp.cpp:221] parsePacket(): could not receive data: 9
[ 65696][E][WiFiUdp.cpp:221] parsePacket(): could not receive data: 9
[ 65704][E][WiFiUdp.cpp:221] parsePacket(): could not receive data: 9
[ 65712][E][WiFiUdp.cpp:221] parsePacket(): could not receive data: 9
[ 65720][E][WiFiUdp.cpp:221] parsePacket(): could not receive data: 9
[ 65728][E][WiFiUdp.cpp:221] parsePacket(): could not receive data: 9
[ 65736][E][WiFiUdp.cpp:221] parsePacket(): could not receive data: 9
[ 65744][E][WiFiUdp.cpp:221] parsePacket(): could not receive data: 9
[ 65752][E][WiFiUdp.cpp:221] parsePacket(): could not receive data: 9
[ 65760][E][WiFiUdp.cpp:221] parsePacket(): could not receive data: 9
[ 65768][E][WiFiUdp.cpp:221] parsePacket(): could not receive data: 9
[ 65776][E][WiFiUdp.cpp:221] parsePacket(): could not receive data: 9
[ 65784][E][WiFiUdp.cpp:221] parsePacket(): could not receive data: 9
[ 65792][E][WiFiUdp.cpp:221] parsePacket(): could not receive data: 9
[ 65800][E][WiFiUdp.cpp:221] parsePacket(): could not receive data: 9
[ 65808][E][WiFiUdp.cpp:221] parsePacket(): could not receive data: 9
[ 65816][E][WiFiUdp.cpp:221] parsePacket(): could not receive data: 9
[ 65824][E][WiFiUdp.cpp:221] parsePacket(): could not receive data: 9
[ 65832][E][WiFiUdp.cpp:221] parsePacket(): could not receive data: 9
[ 65840][E][WiFiUdp.cpp:221] parsePacket(): could not receive data: 9
[ 65848][E][WiFiUdp.cpp:221] parsePacket(): could not receive data: 9
[ 65856][E][WiFiUdp.cpp:221] parsePacket(): could not receive data: 9
[ 65864][E][WiFiUdp.cpp:221] parsePacket(): could not receive data: 9
[ 65872][E][WiFiUdp.cpp:221] parsePacket(): could not receive data: 9
[ 65880][E][WiFiUdp.cpp:221] parsePacket(): could not receive data: 9
[ 65888][E][WiFiUdp.cpp:221] parsePacket(): could not receive data: 9
[ 65896][E][WiFiUdp.cpp:221] parsePacket(): could not receive data: 9
[ 65904][E][WiFiUdp.cpp:221] parsePacket(): could not receive data: 9
[ 65912][E][WiFiUdp.cpp:221] parsePacket(): could not receive data: 9
[ 65920][E][WiFiUdp.cpp:221] parsePacket(): could not receive data: 9
[ 65928][E][WiFiUdp.cpp:221] parsePacket(): could not receive data: 9
[ 65936][E][WiFiUdp.cpp:221] parsePacket(): could not receive data: 9
[ 65944][E][WiFiUdp.cpp:221] parsePacket(): could not receive data: 9
[ 65952][E][WiFiUdp.cpp:221] parsePacket(): could not receive data: 9
[ 65960][E][WiFiUdp.cpp:221] parsePacket(): could not receive data: 9
[ 65968][E][WiFiUdp.cpp:221] parsePacket(): could not receive data: 9
[ 65976][E][WiFiUdp.cpp:221] parsePacket(): could not receive data: 9
[ 65984][E][WiFiUdp.cpp:221] parsePacket(): could not receive data: 9
[ 65992][E][WiFiUdp.cpp:221] parsePacket(): could not receive data: 9
[ 66000][E][WiFiUdp.cpp:221] parsePacket(): could not receive data: 9
[ 66008][E][WiFiUdp.cpp:221] parsePacket(): could not receive data: 9
[ 66016][E][WiFiUdp.cpp:221] parsePacket(): could not receive data: 9
[ 66024][E][WiFiUdp.cpp:221] parsePacket(): could not receive data: 9
[ 66032][E][WiFiUdp.cpp:221] parsePacket(): could not receive data: 9
[ 66040][E][WiFiUdp.cpp:221] parsePacket(): could not receive data: 9
[ 66048][E][WiFiUdp.cpp:221] parsePacket(): could not receive data: 9
[ 66056][E][WiFiUdp.cpp:221] parsePacket(): could not receive data: 9
[ 66064][E][WiFiUdp.cpp:221] parsePacket(): could not receive data: 9
[ 66072][E][WiFiUdp.cpp:221] parsePacket(): could not receive data: 9
[ 66080][E][WiFiUdp.cpp:221] parsePacket(): could not receive data: 9
[ 66088][E][WiFiUdp.cpp:221] parsePacket(): could not receive data: 9
[ 66096][E][WiFiUdp.cpp:221] parsePacket(): could not receive data: 9
[ 66104][E][WiFiUdp.cpp:221] parsePacket(): could not receive data: 9
[ 66112][E][WiFiUdp.cpp:221] parsePacket(): could not receive data: 9
[ 66120][E][WiFiUdp.cpp:221] parsePacket(): could not receive data: 9
[ 66128][E][WiFiUdp.cpp:221] parsePacket(): could not receive data: 9
[ 66136][E][WiFiUdp.cpp:221] parsePacket(): could not receive data: 9
[ 66144][E][WiFiUdp.cpp:221] parsePacket(): could not receive data: 9
[ 66152][E][WiFiUdp.cpp:221] parsePacket(): could not receive data: 9
[ 66160][E][WiFiUdp.cpp:221] parsePacket(): could not receive data: 9
[ 66168][E][WiFiUdp.cpp:221] parsePacket(): could not receive data: 9
[ 66176][E][WiFiUdp.cpp:221] parsePacket(): could not receive data: 9
[ 66184][E][WiFiUdp.cpp:221] parsePacket(): could not receive data: 9
[ 66192][E][WiFiUdp.cpp:221] parsePacket(): could not receive data: 9
[ 66200][E][WiFiUdp.cpp:221] parsePacket(): could not receive data: 9
[ 66208][E][WiFiUdp.cpp:221] parsePacket(): could not receive data: 9
[ 66216][E][WiFiUdp.cpp:221] parsePacket(): could not receive data: 9
[ 66224][E][WiFiUdp.cpp:221] parsePacket(): could not receive data: 9
[ 66232][E][WiFiUdp.cpp:221] parsePacket(): could not receive data: 9
[ 66240][E][WiFiUdp.cpp:221] parsePacket(): could not receive data: 9
[ 66248][E][WiFiUdp.cpp:221] parsePacket(): could not receive data: 9
[ 66256][E][WiFiUdp.cpp:221] parsePacket(): could not receive data: 9
[ 66264][E][WiFiUdp.cpp:221] parsePacket(): could not receive data: 9
[ 66272][E][WiFiUdp.cpp:221] parsePacket(): could not receive data: 9
[ 66280][E][WiFiUdp.cpp:221] parsePacket(): could not receive data: 9
[ 66288][E][WiFiUdp.cpp:221] parsePacket(): could not receive data: 9
[ 66296][E][WiFiUdp.cpp:221] parsePacket(): could not receive data: 9
[ 66304][E][WiFiUdp.cpp:221] parsePacket(): could not receive data: 9
[ 66312][E][WiFiUdp.cpp:221] parsePacket(): could not receive data: 9
[ 66320][E][WiFiUdp.cpp:221] parsePacket(): could not receive data: 9
[ 66328][E][WiFiUdp.cpp:221] parsePacket(): could not receive data: 9
[ 66336][E][WiFiUdp.cpp:221] parsePacket(): could not receive data: 9
[ 66344][E][WiFiUdp.cpp:221] parsePacket(): could not receive data: 9
[ 66352][E][WiFiUdp.cpp:221] parsePacket(): could not receive data: 9
[ 66360][E][WiFiUdp.cpp:221] parsePacket(): could not receive data: 9
[ 66368][E][WiFiUdp.cpp:221] parsePacket(): could not receive data: 9
[ 66376][E][WiFiUdp.cpp:221] parsePacket(): could not receive data: 9
[ 66384][E][WiFiUdp.cpp:221] parsePacket(): could not receive data: 9
[ 66392][E][WiFiUdp.cpp:221] parsePacket(): could not receive data: 9
[ 66400][E][WiFiUdp.cpp:221] parsePacket(): could not receive data: 9
[ 66408][E][WiFiUdp.cpp:221] parsePacket(): could not receive data: 9
[ 66416][E][WiFiUdp.cpp:221] parsePacket(): could not receive data: 9
[ 66424][E][WiFiUdp.cpp:221] parsePacket(): could not receive data: 9
[ 66432][E][WiFiUdp.cpp:221] parsePacket(): could not receive data: 9
[ 66440][E][WiFiUdp.cpp:221] parsePacket(): could not receive data: 9
[ 66448][E][WiFiUdp.cpp:221] parsePacket(): could not receive data: 9
[ 66456][E][WiFiUdp.cpp:221] parsePacket(): could not receive data: 9
[ 66464][E][WiFiUdp.cpp:221] parsePacket(): could not receive data: 9
[ 66472][E][WiFiUdp.cpp:221] parsePacket(): could not receive data: 9
[ 66480][E][WiFiUdp.cpp:221] parsePacket(): could not receive data: 9
[ 66488][E][WiFiUdp.cpp:221] parsePacket(): could not receive data: 9
[ 66496][E][WiFiUdp.cpp:221] parsePacket(): could not receive data: 9
[ 66504][E][WiFiUdp.cpp:221] parsePacket(): could not receive data: 9
[ 66512][E][WiFiUdp.cpp:221] parsePacket(): could not receive data: 9
[ 66520][E][WiFiUdp.cpp:221] parsePacket(): could not receive data: 9
[ 66528][E][WiFiUdp.cpp:221] parsePacket(): could not receive data: 9
[ 66536][E][WiFiUdp.cpp:221] parsePacket(): could not receive data: 9
[ 66544][E][WiFiUdp.cpp:221] parsePacket(): could not receive data: 9
[ 66552][E][WiFiUdp.cpp:221] parsePacket(): could not receive data: 9
[ 66560][E][WiFiUdp.cpp:221] parsePacket(): could not receive data: 9
[ 66568][E][WiFiUdp.cpp:221] parsePacket(): could not receive data: 9
[ 66576][E][WiFiUdp.cpp:221] parsePacket(): could not receive data: 9
[ 66584][E][WiFiUdp.cpp:221] parsePacket(): could not receive data: 9
[ 66592][E][WiFiUdp.cpp:221] parsePacket(): could not receive data: 9
[ 66600][E][WiFiUdp.cpp:221] parsePacket(): could not receive data: 9
[ 66608][E][WiFiUdp.cpp:221] parsePacket(): could not receive data: 9
[ 66616][E][WiFiUdp.cpp:221] parsePacket(): could not receive data: 9
[ 66624][E][WiFiUdp.cpp:221] parsePacket(): could not receive data: 9
[ 66632][E][WiFiUdp.cpp:221] parsePacket(): could not receive data: 9
[ 66640][E][WiFiUdp.cpp:221] parsePacket(): could not receive data: 9
[ 66648][E][WiFiUdp.cpp:221] parsePacket(): could not receive data: 9
[ 66656][E][WiFiUdp.cpp:221] parsePacket(): could not receive data: 9
[ 66664][E][WiFiUdp.cpp:221] parsePacket(): could not receive data: 9
[ 66672][E][WiFiUdp.cpp:221] parsePacket(): could not receive data: 9
[ 66680][E][WiFiUdp.cpp:221] parsePacket(): could not receive data: 9
[ 66688][E][WiFiUdp.cpp:221] parsePacket(): could not receive data: 9
[ 66696][E][WiFiUdp.cpp:221] parsePacket(): could not receive data: 9
[ 66704][E][WiFiUdp.cpp:221] parsePacket(): could not receive data: 9
[ 66712][E][WiFiUdp.cpp:221] parsePacket(): could not receive data: 9
No Sensor found on bus! Rescanning...
No Sensor found on bus! Rescanning...
[ 67025][E][WiFiUdp.cpp:221] parsePacket(): could not receive data: 9
[ 67033][E][WiFiUdp.cpp:221] parsePacket(): could not receive data: 9
[ 67041][E][WiFiUdp.cpp:221] parsePacket(): could not receive data: 9
[ 67049][E][WiFiUdp.cpp:221] parsePacket(): could not receive data: 9
[ 67057][E][WiFiUdp.cpp:221] parsePacket(): could not receive data: 9
[ 67065][E][WiFiUdp.cpp:221] parsePacket(): could not receive data: 9
[ 67073][E][WiFiUdp.cpp:221] parsePacket(): could not receive data: 9
[ 67081][E][WiFiUdp.cpp:221] parsePacket(): could not receive data: 9
[ 67089][E][WiFiUdp.cpp:221] parsePacket(): could not receive data: 9
[ 67097][E][WiFiUdp.cpp:221] parsePacket(): could not receive data: 9
[ 67105][E][WiFiUdp.cpp:221] parsePacket(): could not receive data: 9
[ 67113][E][WiFiUdp.cpp:221] parsePacket(): could not receive data: 9
[ 67121][E][WiFiUdp.cpp:221] parsePacket(): could not receive data: 9
[ 67129][E][WiFiUdp.cpp:221] parsePacket(): could not receive data: 9
[ 67137][E][WiFiUdp.cpp:221] parsePacket(): could not receive data: 9
[ 67145][E][WiFiUdp.cpp:221] parsePacket(): could not receive data: 9
[ 67153][E][WiFiUdp.cpp:221] parsePacket(): could not receive data: 9
[ 67161][E][WiFiUdp.cpp:221] parsePacket(): could not receive data: 9
[ 67169][E][WiFiUdp.cpp:221] parsePacket(): could not receive data: 9
[ 67177][E][WiFiUdp.cpp:221] parsePacket(): could not receive data: 9
[ 67185][E][WiFiUdp.cpp:221] parsePacket(): could not receive data: 9
[ 67193][E][WiFiUdp.cpp:221] parsePacket(): could not receive data: 9
[ 67201][E][WiFiUdp.cpp:221] parsePacket(): could not receive data: 9
[ 67209][E][WiFiUdp.cpp:221] parsePacket(): could not receive data: 9
[ 67217][E][WiFiUdp.cpp:221] parsePacket(): could not receive data: 9
[ 67225][E][WiFiUdp.cpp:221] parsePacket(): could not receive data: 9
[ 67233][E][WiFiUdp.cpp:221] parsePacket(): could not receive data: 9
[ 67241][E][WiFiUdp.cpp:221] parsePacket(): could not receive data: 9
[ 67249][E][WiFiUdp.cpp:221] parsePacket(): could not receive data: 9
[ 67257][E][WiFiUdp.cpp:221] parsePacket(): could not receive data: 9
[ 67265][E][WiFiUdp.cpp:221] parsePacket(): could not receive data: 9
[ 67273][E][WiFiUdp.cpp:221] parsePacket(): could not receive data: 9
[ 67281][E][WiFiUdp.cpp:221] parsePacket(): could not receive data: 9
[ 67289][E][WiFiUdp.cpp:221] parsePacket(): could not receive data: 9
[ 67297][E][WiFiUdp.cpp:221] parsePacket(): could not receive data: 9
[ 67305][E][WiFiUdp.cpp:221] parsePacket(): could not receive data: 9
[ 67313][E][WiFiUdp.cpp:221] parsePacket(): could not receive data: 9
[ 67321][E][WiFiUdp.cpp:221] parsePacket(): could not receive data: 9
[ 67329][E][WiFiUdp.cpp:221] parsePacket(): could not receive data: 9
[ 67337][E][WiFiUdp.cpp:221] parsePacket(): could not receive data: 9
[ 67345][E][WiFiUdp.cpp:221] parsePacket(): could not receive data: 9
[ 67353][E][WiFiUdp.cpp:221] parsePacket(): could not receive data: 9
[ 67361][E][WiFiUdp.cpp:221] parsePacket(): could not receive data: 9
[ 67369][E][WiFiUdp.cpp:221] parsePacket(): could not receive data: 9
[ 67377][E][WiFiUdp.cpp:221] parsePacket(): could not receive data: 9
[ 67385][E][WiFiUdp.cpp:221] parsePacket(): could not receive data: 9
[ 67393][E][WiFiUdp.cpp:221] parsePacket(): could not receive data: 9
[ 67401][E][WiFiUdp.cpp:221] parsePacket(): could not receive data: 9
[ 67409][E][WiFiUdp.cpp:221] parsePacket(): could not receive data: 9
[ 67417][E][WiFiUdp.cpp:221] parsePacket(): could not receive data: 9
[ 67425][E][WiFiUdp.cpp:221] parsePacket(): could not receive data: 9
[ 67433][E][WiFiUdp.cpp:221] parsePacket(): could not receive data: 9
[ 67441][E][WiFiUdp.cpp:221] parsePacket(): could not receive data: 9
[ 67449][E][WiFiUdp.cpp:221] parsePacket(): could not receive data: 9
[ 67457][E][WiFiUdp.cpp:221] parsePacket(): could not receive data: 9
[ 67465][E][WiFiUdp.cpp:221] parsePacket(): could not receive data: 9
[ 67473][E][WiFiUdp.cpp:221] parsePacket(): could not receive data: 9
[ 67481][E][WiFiUdp.cpp:221] parsePacket(): could not receive data: 9
[ 67489][E][WiFiUdp.cpp:221] parsePacket(): could not receive data: 9
[ 67497][E][WiFiUdp.cpp:221] parsePacket(): could not receive data: 9
[ 67505][E][WiFiUdp.cpp:221] parsePacket(): could not receive data: 9
[ 67513][E][WiFiUdp.cpp:221] parsePacket(): could not receive data: 9
[ 67521][E][WiFiUdp.cpp:221] parsePacket(): could not receive data: 9
[ 67529][E][WiFiUdp.cpp:221] parsePacket(): could not receive data: 9
[ 67537][E][WiFiUdp.cpp:221] parsePacket(): could not receive data: 9
[ 67545][E][WiFiUdp.cpp:221] parsePacket(): could not receive data: 9
[ 67553][E][WiFiUdp.cpp:221] parsePacket(): could not receive data: 9
[ 67561][E][WiFiUdp.cpp:221] parsePacket(): could not receive data: 9
[ 67569][E][WiFiUdp.cpp:221] parsePacket(): could not receive data: 9
[ 67577][E][WiFiUdp.cpp:221] parsePacket(): could not receive data: 9
[ 67585][E][WiFiUdp.cpp:221] parsePacket(): could not receive data: 9
[ 67593][E][WiFiUdp.cpp:221] parsePacket(): could not receive data: 9
[ 67601][E][WiFiUdp.cpp:221] parsePacket(): could not receive data: 9
[ 67609][E][WiFiUdp.cpp:221] parsePacket(): could not receive data: 9
[ 67617][E][WiFiUdp.cpp:221] parsePacket(): could not receive data: 9
[ 67625][E][WiFiUdp.cpp:221] parsePacket(): could not receive data: 9
[ 67633][E][WiFiUdp.cpp:221] parsePacket(): could not receive data: 9
[ 67641][E][WiFiUdp.cpp:221] parsePacket(): could not receive data: 9
[ 67649][E][WiFiUdp.cpp:221] parsePacket(): could not receive data: 9
[ 67657][E][WiFiUdp.cpp:221] parsePacket(): could not receive data: 9
[ 67665][E][WiFiUdp.cpp:221] parsePacket(): could not receive data: 9
[ 67673][E][WiFiUdp.cpp:221] parsePacket(): could not receive data: 9
[ 67681][E][WiFiUdp.cpp:221] parsePacket(): could not receive data: 9
[ 67689][E][WiFiUdp.cpp:221] parsePacket(): could not receive data: 9
[ 67697][E][WiFiUdp.cpp:221] parsePacket(): could not receive data: 9
[ 67705][E][WiFiUdp.cpp:221] parsePacket(): could not receive data: 9
[ 67713][E][WiFiUdp.cpp:221] parsePacket(): could not receive data: 9
[ 67721][E][WiFiUdp.cpp:221] parsePacket(): could not receive data: 9
[ 67729][E][WiFiUdp.cpp:221] parsePacket(): could not receive data: 9
[ 67737][E][WiFiUdp.cpp:221] parsePacket(): could not receive data: 9
[ 67745][E][WiFiUdp.cpp:221] parsePacket(): could not receive data: 9
[ 67753][E][WiFiUdp.cpp:221] parsePacket(): could not receive data: 9
[ 67761][E][WiFiUdp.cpp:221] parsePacket(): could not receive data: 9
[ 67769][E][WiFiUdp.cpp:221] parsePacket(): could not receive data: 9
[ 67777][E][WiFiUdp.cpp:221] parsePacket(): could not receive data: 9
[ 67785][E][WiFiUdp.cpp:221] parsePacket(): could not receive data: 9
[ 67793][E][WiFiUdp.cpp:221] parsePacket(): could not receive data: 9
[ 67801][E][WiFiUdp.cpp:221] parsePacket(): could not receive data: 9
[ 67809][E][WiFiUdp.cpp:221] parsePacket(): could not receive data: 9
[ 67817][E][WiFiUdp.cpp:221] parsePacket(): could not receive data: 9
[ 67825][E][WiFiUdp.cpp:221] parsePacket(): could not receive data: 9
[ 67833][E][WiFiUdp.cpp:221] parsePacket(): could not receive data: 9
[ 67841][E][WiFiUdp.cpp:221] parsePacket(): could not receive data: 9
[ 67849][E][WiFiUdp.cpp:221] parsePacket(): could not receive data: 9
[ 67857][E][WiFiUdp.cpp:221] parsePacket(): could not receive data: 9
[ 67865][E][WiFiUdp.cpp:221] parsePacket(): could not receive data: 9
[ 67873][E][WiFiUdp.cpp:221] parsePacket(): could not receive data: 9
[ 67881][E][WiFiUdp.cpp:221] parsePacket(): could not receive data: 9
[ 67889][E][WiFiUdp.cpp:221] parsePacket(): could not receive data: 9
[ 67897][E][WiFiUdp.cpp:221] parsePacket(): could not receive data: 9
[ 67905][E][WiFiUdp.cpp:221] parsePacket(): could not receive data: 9
[ 67913][E][WiFiUdp.cpp:221] parsePacket(): could not receive data: 9
[ 67921][E][WiFiUdp.cpp:221] parsePacket(): could not receive data: 9
[ 67929][E][WiFiUdp.cpp:221] parsePacket(): could not receive data: 9
[ 67937][E][WiFiUdp.cpp:221] parsePacket(): could not receive data: 9
[ 67945][E][WiFiUdp.cpp:221] parsePacket(): could not receive data: 9
[ 67953][E][WiFiUdp.cpp:221] parsePacket(): could not receive data: 9
[ 67961][E][WiFiUdp.cpp:221] parsePacket(): could not receive data: 9
[ 67969][E][WiFiUdp.cpp:221] parsePacket(): could not receive data: 9
[ 67977][E][WiFiUdp.cpp:221] parsePacket(): could not receive data: 9
[ 67985][E][WiFiUdp.cpp:221] parsePacket(): could not receive data: 9
[ 67993][E][WiFiUdp.cpp:221] parsePacket(): could not receive data: 9
[ 68001][E][WiFiUdp.cpp:221] parsePacket(): could not receive data: 9
[ 68009][E][WiFiUdp.cpp:221] parsePacket(): could not receive data: 9
[ 68017][E][WiFiUdp.cpp:221] parsePacket(): could not receive data: 9
[ 68025][E][WiFiUdp.cpp:221] parsePacket(): could not receive data: 9
[ 68033][E][WiFiUdp.cpp:221] parsePacket(): could not receive data: 9
[ 68041][E][WiFiUdp.cpp:221] parsePacket(): could not receive data: 9
[ 68049][E][WiFiUdp.cpp:221] parsePacket(): could not receive data: 9
[ 68057][E][WiFiUdp.cpp:221] parsePacket(): could not receive data: 9
[ 68065][E][WiFiUdp.cpp:221] parsePacket(): could not receive data: 9
[ 68073][E][WiFiUdp.cpp:221] parsePacket(): could not receive data: 9
[ 68081][E][WiFiUdp.cpp:221] parsePacket(): could not receive data: 9
[ 68089][E][WiFiUdp.cpp:221] parsePacket(): could not receive data: 9
[ 68097][E][WiFiUdp.cpp:221] parsePacket(): could not receive data: 9
[ 68105][E][WiFiUdp.cpp:221] parsePacket(): could not receive data: 9
[ 68113][E][WiFiUdp.cpp:221] parsePacket(): could not receive data: 9
[ 68121][E][WiFiUdp.cpp:221] parsePacket(): could not receive data: 9
[ 68129][E][WiFiUdp.cpp:221] parsePacket(): could not receive data: 9
[ 68137][E][WiFiUdp.cpp:221] parsePacket(): could not receive data: 9
[ 68145][E][WiFiUdp.cpp:221] parsePacket(): could not receive data: 9
[ 68153][E][WiFiUdp.cpp:221] parsePacket(): could not receive data: 9
[ 68161][E][WiFiUdp.cpp:221] parsePacket(): could not receive data: 9
[ 68169][E][WiFiUdp.cpp:221] parsePacket(): could not receive data: 9
[ 68177][E][WiFiUdp.cpp:221] parsePacket(): could not receive data: 9
[ 68185][E][WiFiUdp.cpp:221] parsePacket(): could not receive data: 9
[ 68193][E][WiFiUdp.cpp:221] parsePacket(): could not receive data: 9
[ 68201][E][WiFiUdp.cpp:221] parsePacket(): could not receive data: 9
[ 68209][E][WiFiUdp.cpp:221] parsePacket(): could not receive data: 9
[ 68217][E][WiFiUdp.cpp:221] parsePacket(): could not receive data: 9
[ 68225][E][WiFiUdp.cpp:221] parsePacket(): could not receive data: 9
[ 68233][E][WiFiUdp.cpp:221] parsePacket(): could not receive data: 9
[ 68241][E][WiFiUdp.cpp:221] parsePacket(): could not receive data: 9
[ 68249][E][WiFiUdp.cpp:221] parsePacket(): could not receive data: 9
[ 68257][E][WiFiUdp.cpp:221] parsePacket(): could not receive data: 9
[ 68265][E][WiFiUdp.cpp:221] parsePacket(): could not receive data: 9
[ 68273][E][WiFiUdp.cpp:221] parsePacket(): could not receive data: 9
[ 68281][E][WiFiUdp.cpp:221] parsePacket(): could not receive data: 9
[ 68289][E][WiFiUdp.cpp:221] parsePacket(): could not receive data: 9
[ 68297][E][WiFiUdp.cpp:221] parsePacket(): could not receive data: 9
[ 68305][E][WiFiUdp.cpp:221] parsePacket(): could not receive data: 9
[ 68313][E][WiFiUdp.cpp:221] parsePacket(): could not receive data: 9
[ 68321][E][WiFiUdp.cpp:221] parsePacket(): could not receive data: 9
[ 68329][E][WiFiUdp.cpp:221] parsePacket(): could not receive data: 9
[ 68337][E][WiFiUdp.cpp:221] parsePacket(): could not receive data: 9
[ 68345][E][WiFiUdp.cpp:221] parsePacket(): could not receive data: 9
[ 68353][E][WiFiUdp.cpp:221] parsePacket(): could not receive data: 9
[ 68361][E][WiFiUdp.cpp:221] parsePacket(): could not receive data: 9
[ 68369][E][WiFiUdp.cpp:221] parsePacket(): could not receive data: 9
[ 68377][E][WiFiUdp.cpp:221] parsePacket(): could not receive data: 9
[ 68385][E][WiFiUdp.cpp:221] parsePacket(): could not receive data: 9
[ 68393][E][WiFiUdp.cpp:221] parsePacket(): could not receive data: 9
[ 68401][E][WiFiUdp.cpp:221] parsePacket(): could not receive data: 9
[ 68409][E][WiFiUdp.cpp:221] parsePacket(): could not receive data: 9
[ 68417][E][WiFiUdp.cpp:221] parsePacket(): could not receive data: 9
[ 68425][E][WiFiUdp.cpp:221] parsePacket(): could not receive data: 9
[ 68433][E][WiFiUdp.cpp:221] parsePacket(): could not receive data: 9
[ 68441][E][WiFiUdp.cpp:221] parsePacket(): could not receive data: 9
[ 68449][E][WiFiUdp.cpp:221] parsePacket(): could not receive data: 9
[ 68457][E][WiFiUdp.cpp:221] parsePacket(): could not receive data: 9
[ 68465][E][WiFiUdp.cpp:221] parsePacket(): could not receive data: 9
[ 68473][E][WiFiUdp.cpp:221] parsePacket(): could not receive data: 9
[ 68481][E][WiFiUdp.cpp:221] parsePacket(): could not receive data: 9
[ 68489][E][WiFiUdp.cpp:221] parsePacket(): could not receive data: 9
[ 68497][E][WiFiUdp.cpp:221] parsePacket(): could not receive data: 9
[ 68505][E][WiFiUdp.cpp:221] parsePacket(): could not receive data: 9
[ 68513][E][WiFiUdp.cpp:221] parsePacket(): could not receive data: 9
[ 68521][E][WiFiUdp.cpp:221] parsePacket(): could not receive data: 9
[ 68529][E][WiFiUdp.cpp:221] parsePacket(): could not receive data: 9
[ 68537][E][WiFiUdp.cpp:221] parsePacket(): could not receive data: 9
[ 68545][E][WiFiUdp.cpp:221] parsePacket(): could not receive data: 9
[ 68553][E][WiFiUdp.cpp:221] parsePacket(): could not receive data: 9
[ 68561][E][WiFiUdp.cpp:221] parsePacket(): could not receive data: 9
[ 68569][E][WiFiUdp.cpp:221] parsePacket(): could not receive data: 9
[ 68577][E][WiFiUdp.cpp:221] parsePacket(): could not receive data: 9
[ 68585][E][WiFiUdp.cpp:221] parsePacket(): could not receive data: 9
[ 68593][E][WiFiUdp.cpp:221] parsePacket(): could not receive data: 9
[ 68601][E][WiFiUdp.cpp:221] parsePacket(): could not receive data: 9
[ 68609][E][WiFiUdp.cpp:221] parsePacket(): could not receive data: 9
[ 68617][E][WiFiUdp.cpp:221] parsePacket(): could not receive data: 9
[ 68625][E][WiFiUdp.cpp:221] parsePacket(): could not receive data: 9
[ 68633][E][WiFiUdp.cpp:221] parsePacket(): could not receive data: 9
[ 68641][E][WiFiUdp.cpp:221] parsePacket(): could not receive data: 9
[ 68649][E][WiFiUdp.cpp:221] parsePacket(): could not receive data: 9
[ 68657][E][WiFiUdp.cpp:221] parsePacket(): could not receive data: 9
[ 68665][E][WiFiUdp.cpp:221] parsePacket(): could not receive data: 9
[ 68673][E][WiFiUdp.cpp:221] parsePacket(): could not receive data: 9
[ 68681][E][WiFiUdp.cpp:221] parsePacket(): could not receive data: 9
[ 68689][E][WiFiUdp.cpp:221] parsePacket(): could not receive data: 9
[ 68697][E][WiFiUdp.cpp:221] parsePacket(): could not receive data: 9
[ 68705][E][WiFiUdp.cpp:221] parsePacket(): could not receive data: 9
[ 68713][E][WiFiUdp.cpp:221] parsePacket(): could not receive data: 9
[ 68721][E][WiFiUdp.cpp:221] parsePacket(): could not receive data: 9
[ 68729][E][WiFiUdp.cpp:221] parsePacket(): could not receive data: 9
[ 68737][E][WiFiUdp.cpp:221] parsePacket(): could not receive data: 9
[ 68745][E][WiFiUdp.cpp:221] parsePacket(): could not receive data: 9
[ 68753][E][WiFiUdp.cpp:221] parsePacket(): could not receive data: 9
[ 68761][E][WiFiUdp.cpp:221] parsePacket(): could not receive data: 9
[ 68769][E][WiFiUdp.cpp:221] parsePacket(): could not receive data: 9
[ 68777][E][WiFiUdp.cpp:221] parsePacket(): could not receive data: 9
[ 68785][E][WiFiUdp.cpp:221] parsePacket(): could not receive data: 9
[ 68793][E][WiFiUdp.cpp:221] parsePacket(): could not receive data: 9
[ 68801][E][WiFiUdp.cpp:221] parsePacket(): could not receive data: 9
[ 68809][E][WiFiUdp.cpp:221] parsePacket(): could not receive data: 9
[ 68817][E][WiFiUdp.cpp:221] parsePacket(): could not receive data: 9
[ 68825][E][WiFiUdp.cpp:221] parsePacket(): could not receive data: 9
[ 68833][E][WiFiUdp.cpp:221] parsePacket(): could not receive data: 9
[ 68841][E][WiFiUdp.cpp:221] parsePacket(): could not receive data: 9
[ 68849][E][WiFiUdp.cpp:221] parsePacket(): could not receive data: 9
[ 68857][E][WiFiUdp.cpp:221] parsePacket(): could not receive data: 9
[ 68865][E][WiFiUdp.cpp:221] parsePacket(): could not receive data: 9
[ 68873][E][WiFiUdp.cpp:221] parsePacket(): could not receive data: 9
[ 68881][E][WiFiUdp.cpp:221] parsePacket(): could not receive data: 9
[ 68889][E][WiFiUdp.cpp:221] parsePacket(): could not receive data: 9
[ 68897][E][WiFiUdp.cpp:221] parsePacket(): could not receive data: 9
[ 68905][E][WiFiUdp.cpp:221] parsePacket(): could not receive data: 9
[ 68913][E][WiFiUdp.cpp:221] parsePacket(): could not receive data: 9
[ 68921][E][WiFiUdp.cpp:221] parsePacket(): could not receive data: 9
[ 68929][E][WiFiUdp.cpp:221] parsePacket(): could not receive data: 9
[ 68937][E][WiFiUdp.cpp:221] parsePacket(): could not receive data: 9
[ 68945][E][WiFiUdp.cpp:221] parsePacket(): could not receive data: 9
[ 68953][E][WiFiUdp.cpp:221] parsePacket(): could not receive data: 9
[ 68961][E][WiFiUdp.cpp:221] parsePacket(): could not receive data: 9
[ 68969][E][WiFiUdp.cpp:221] parsePacket(): could not receive data: 9
[ 68977][E][WiFiUdp.cpp:221] parsePacket(): could not receive data: 9
[ 68985][E][WiFiUdp.cpp:221] parsePacket(): could not receive data: 9
[ 68993][E][WiFiUdp.cpp:221] parsePacket(): could not receive data: 9
[ 69001][E][WiFiUdp.cpp:221] parsePacket(): could not receive data: 9
[ 69009][E][WiFiUdp.cpp:221] parsePacket(): could not receive data: 9
[ 69017][E][WiFiUdp.cpp:221] parsePacket(): could not receive data: 9
[ 69025][E][WiFiUdp.cpp:221] parsePacket(): could not receive data: 9
[ 69033][E][WiFiUdp.cpp:221] parsePacket(): could not receive data: 9
[ 69041][E][WiFiUdp.cpp:221] parsePacket(): could not receive data: 9
[ 69049][E][WiFiUdp.cpp:221] parsePacket(): could not receive data: 9
[ 69057][E][WiFiUdp.cpp:221] parsePacket(): could not receive data: 9
[ 69065][E][WiFiUdp.cpp:221] parsePacket(): could not receive data: 9
[ 69073][E][WiFiUdp.cpp:221] parsePacket(): could not receive data: 9
[ 69081][E][WiFiUdp.cpp:221] parsePacket(): could not receive data: 9
[ 69089][E][WiFiUdp.cpp:221] parsePacket(): could not receive data: 9
[ 69097][E][WiFiUdp.cpp:221] parsePacket(): could not receive data: 9
[ 69105][E][WiFiUdp.cpp:221] parsePacket(): could not receive data: 9
[ 69113][E][WiFiUdp.cpp:221] parsePacket(): could not receive data: 9
[ 69121][E][WiFiUdp.cpp:221] parsePacket(): could not receive data: 9
[ 69129][E][WiFiUdp.cpp:221] parsePacket(): could not receive data: 9
[ 69137][E][WiFiUdp.cpp:221] parsePacket(): could not receive data: 9
[ 69145][E][WiFiUdp.cpp:221] parsePacket(): could not receive data: 9
[ 69153][E][WiFiUdp.cpp:221] parsePacket(): could not receive data: 9
[ 69161][E][WiFiUdp.cpp:221] parsePacket(): could not receive data: 9
[ 69169][E][WiFiUdp.cpp:221] parsePacket(): could not receive data: 9
[ 69177][E][WiFiUdp.cpp:221] parsePacket(): could not receive data: 9
[ 69185][E][WiFiUdp.cpp:221] parsePacket(): could not receive data: 9
[ 69193][E][WiFiUdp.cpp:221] parsePacket(): could not receive data: 9
[ 69201][E][WiFiUdp.cpp:221] parsePacket(): could not receive data: 9
[ 69209][E][WiFiUdp.cpp:221] parsePacket(): could not receive data: 9
[ 69217][E][WiFiUdp.cpp:221] parsePacket(): could not receive data: 9
[ 69225][E][WiFiUdp.cpp:221] parsePacket(): could not receive data: 9
[ 69233][E][WiFiUdp.cpp:221] parsePacket(): could not receive data: 9
[ 69241][E][WiFiUdp.cpp:221] parsePacket(): could not receive data: 9
[ 69249][E][WiFiUdp.cpp:221] parsePacket(): could not receive data: 9
[ 69257][E][WiFiUdp.cpp:221] parsePacket(): could not receive data: 9
[ 69265][E][WiFiUdp.cpp:221] parsePacket(): could not receive data: 9
[ 69273][E][WiFiUdp.cpp:221] parsePacket(): could not receive data: 9
[ 69281][E][WiFiUdp.cpp:221] parsePacket(): could not receive data: 9
[ 69289][E][WiFiUdp.cpp:221] parsePacket(): could not receive data: 9
[ 69297][E][WiFiUdp.cpp:221] parsePacket(): could not receive data: 9
[ 69305][E][WiFiUdp.cpp:221] parsePacket(): could not receive data: 9
[ 69313][E][WiFiUdp.cpp:221] parsePacket(): could not receive data: 9
[ 69321][E][WiFiUdp.cpp:221] parsePacket(): could not receive data: 9
[ 69329][E][WiFiUdp.cpp:221] parsePacket(): could not receive data: 9
[ 69337][E][WiFiUdp.cpp:221] parsePacket(): could not receive data: 9
[ 69345][E][WiFiUdp.cpp:221] parsePacket(): could not receive data: 9
[ 69353][E][WiFiUdp.cpp:221] parsePacket(): could not receive data: 9
[ 69361][E][WiFiUdp.cpp:221] parsePacket(): could not receive data: 9
[ 69369][E][WiFiUdp.cpp:221] parsePacket(): could not receive data: 9
[ 69377][E][WiFiUdp.cpp:221] parsePacket(): could not receive data: 9
[ 69385][E][WiFiUdp.cpp:221] parsePacket(): could not receive data: 9
[ 69393][E][WiFiUdp.cpp:221] parsePacket(): could not receive data: 9
[ 69401][E][WiFiUdp.cpp:221] parsePacket(): could not receive data: 9
[ 69409][E][WiFiUdp.cpp:221] parsePacket(): could not receive data: 9
[ 69417][E][WiFiUdp.cpp:221] parsePacket(): could not receive data: 9
[ 69425][E][WiFiUdp.cpp:221] parsePacket(): could not receive data: 9
[ 69433][E][WiFiUdp.cpp:221] parsePacket(): could not receive data: 9
[ 69441][E][WiFiUdp.cpp:221] parsePacket(): could not receive data: 9
[ 69449][E][WiFiUdp.cpp:221] parsePacket(): could not receive data: 9
[ 69457][E][WiFiUdp.cpp:221] parsePacket(): could not receive data: 9
[ 69465][E][WiFiUdp.cpp:221] parsePacket(): could not receive data: 9
[ 69473][E][WiFiUdp.cpp:221] parsePacket(): could not receive data: 9
[ 69481][E][WiFiUdp.cpp:221] parsePacket(): could not receive data: 9
[ 69489][E][WiFiUdp.cpp:221] parsePacket(): could not receive data: 9
[ 69497][E][WiFiUdp.cpp:221] parsePacket(): could not receive data: 9
[ 69505][E][WiFiUdp.cpp:221] parsePacket(): could not receive data: 9
[ 69513][E][WiFiUdp.cpp:221] parsePacket(): could not receive data: 9
[ 69521][E][WiFiUdp.cpp:221] parsePacket(): could not receive data: 9
[ 69529][E][WiFiUdp.cpp:221] parsePacket(): could not receive data: 9
[ 69537][E][WiFiUdp.cpp:221] parsePacket(): could not receive data: 9
[ 69545][E][WiFiUdp.cpp:221] parsePacket(): could not receive data: 9
[ 69553][E][WiFiUdp.cpp:221] parsePacket(): could not receive data: 9
[ 69561][E][WiFiUdp.cpp:221] parsePacket(): could not receive data: 9
[ 69569][E][WiFiUdp.cpp:221] parsePacket(): could not receive data: 9
[ 69577][E][WiFiUdp.cpp:221] parsePacket(): could not receive data: 9
[ 69585][E][WiFiUdp.cpp:221] parsePacket(): could not receive data: 9
[ 69593][E][WiFiUdp.cpp:221] parsePacket(): could not receive data: 9
[ 69601][E][WiFiUdp.cpp:221] parsePacket(): could not receive data: 9
[ 69609][E][WiFiUdp.cpp:221] parsePacket(): could not receive data: 9
[ 69617][E][WiFiUdp.cpp:221] parsePacket(): could not receive data: 9
[ 69625][E][WiFiUdp.cpp:221] parsePacket(): could not receive data: 9
[ 69633][E][WiFiUdp.cpp:221] parsePacket(): could not receive data: 9
[ 69641][E][WiFiUdp.cpp:221] parsePacket(): could not receive data: 9
[ 69649][E][WiFiUdp.cpp:221] parsePacket(): could not receive data: 9
[ 69657][E][WiFiUdp.cpp:221] parsePacket(): could not receive data: 9
[ 69665][E][WiFiUdp.cpp:221] parsePacket(): could not receive data: 9
[ 69673][E][WiFiUdp.cpp:221] parsePacket(): could not receive data: 9
[ 69681][E][WiFiUdp.cpp:221] parsePacket(): could not receive data: 9
[ 69689][E][WiFiUdp.cpp:221] parsePacket(): could not receive data: 9
[ 69697][E][WiFiUdp.cpp:221] parsePacket(): could not receive data: 9
[ 69705][E][WiFiUdp.cpp:221] parsePacket(): could not receive data: 9
[ 69713][E][WiFiUdp.cpp:221] parsePacket(): could not receive data: 9
[ 69721][E][WiFiUdp.cpp:221] parsePacket(): could not receive data: 9
[ 69729][E][WiFiUdp.cpp:221] parsePacket(): could not receive data: 9
[ 69737][E][WiFiUdp.cpp:221] parsePacket(): could not receive data: 9
[ 69745][E][WiFiUdp.cpp:221] parsePacket(): could not receive data: 9
[ 69753][E][WiFiUdp.cpp:221] parsePacket(): could not receive data: 9
[ 69761][E][WiFiUdp.cpp:221] parsePacket(): could not receive data: 9
[ 69769][E][WiFiUdp.cpp:221] parsePacket(): could not receive data: 9
[ 69777][E][WiFiUdp.cpp:221] parsePacket(): could not receive data: 9
[ 69785][E][WiFiUdp.cpp:221] parsePacket(): could not receive data: 9
[ 69793][E][WiFiUdp.cpp:221] parsePacket(): could not receive data: 9
[ 69801][E][WiFiUdp.cpp:221] parsePacket(): could not receive data: 9
[ 69809][E][WiFiUdp.cpp:221] parsePacket(): could not receive data: 9
[ 69817][E][WiFiUdp.cpp:221] parsePacket(): could not receive data: 9
[ 69825][E][WiFiUdp.cpp:221] parsePacket(): could not receive data: 9
[ 69833][E][WiFiUdp.cpp:221] parsePacket(): could not receive data: 9
[ 69841][E][WiFiUdp.cpp:221] parsePacket(): could not receive data: 9
[ 69849][E][WiFiUdp.cpp:221] parsePacket(): could not receive data: 9
[ 69857][E][WiFiUdp.cpp:221] parsePacket(): could not receive data: 9
[ 69865][E][WiFiUdp.cpp:221] parsePacket(): could not receive data: 9
[ 69873][E][WiFiUdp.cpp:221] parsePacket(): could not receive data: 9
[ 69881][E][WiFiUdp.cpp:221] parsePacket(): could not receive data: 9
[ 69889][E][WiFiUdp.cpp:221] parsePacket(): could not receive data: 9
[ 69897][E][WiFiUdp.cpp:221] parsePacket(): could not receive data: 9
[ 69905][E][WiFiUdp.cpp:221] parsePacket(): could not receive data: 9
[ 69913][E][WiFiUdp.cpp:221] parsePacket(): could not receive data: 9
[ 69921][E][WiFiUdp.cpp:221] parsePacket(): could not receive data: 9
[ 69929][E][WiFiUdp.cpp:221] parsePacket(): could not receive data: 9
[ 69937][E][WiFiUdp.cpp:221] parsePacket(): could not receive data: 9
[ 69945][E][WiFiUdp.cpp:221] parsePacket(): could not receive data: 9
[ 69953][E][WiFiUdp.cpp:221] parsePacket(): could not receive data: 9
[ 69961][E][WiFiUdp.cpp:221] parsePacket(): could not receive data: 9
[ 69969][E][WiFiUdp.cpp:221] parsePacket(): could not receive data: 9
[ 69977][E][WiFiUdp.cpp:221] parsePacket(): could not receive data: 9
[ 69985][E][WiFiUdp.cpp:221] parsePacket(): could not receive data: 9
[ 69993][E][WiFiUdp.cpp:221] parsePacket(): could not receive data: 9
[ 70001][E][WiFiUdp.cpp:221] parsePacket(): could not receive data: 9
[ 70009][E][WiFiUdp.cpp:221] parsePacket(): could not receive data: 9
[ 70017][E][WiFiUdp.cpp:221] parsePacket(): could not receive data: 9
[ 70025][E][WiFiUdp.cpp:221] parsePacket(): could not receive data: 9
[ 70033][E][WiFiUdp.cpp:221] parsePacket(): could not receive data: 9
[ 70041][E][WiFiUdp.cpp:221] parsePacket(): could not receive data: 9
[ 70049][E][WiFiUdp.cpp:221] parsePacket(): could not receive data: 9
[ 70057][E][WiFiUdp.cpp:221] parsePacket(): could not receive data: 9
[ 70065][E][WiFiUdp.cpp:221] parsePacket(): could not receive data: 9
[ 70073][E][WiFiUdp.cpp:221] parsePacket(): could not receive data: 9
[ 70081][E][WiFiUdp.cpp:221] parsePacket(): could not receive data: 9
[ 70089][E][WiFiUdp.cpp:221] parsePacket(): could not receive data: 9
[ 70097][E][WiFiUdp.cpp:221] parsePacket(): could not receive data: 9
[ 70105][E][WiFiUdp.cpp:221] parsePacket(): could not receive data: 9
[ 70113][E][WiFiUdp.cpp:221] parsePacket(): could not receive data: 9
[ 70121][E][WiFiUdp.cpp:221] parsePacket(): could not receive data: 9
[ 70129][E][WiFiUdp.cpp:221] parsePacket(): could not receive data: 9
[ 70137][E][WiFiUdp.cpp:221] parsePacket(): could not receive data: 9
[ 70145][E][WiFiUdp.cpp:221] parsePacket(): could not receive data: 9
[ 70153][E][WiFiUdp.cpp:221] parsePacket(): could not receive data: 9
[ 70161][E][WiFiUdp.cpp:221] parsePacket(): could not receive data: 9
[ 70169][E][WiFiUdp.cpp:221] parsePacket(): could not receive data: 9
[ 70177][E][WiFiUdp.cpp:221] parsePacket(): could not receive data: 9
[ 70185][E][WiFiUdp.cpp:221] parsePacket(): could not receive data: 9
[ 70193][E][WiFiUdp.cpp:221] parsePacket(): could not receive data: 9
[ 70201][E][WiFiUdp.cpp:221] parsePacket(): could not receive data: 9
[ 70209][E][WiFiUdp.cpp:221] parsePacket(): could not receive data: 9
[ 70217][E][WiFiUdp.cpp:221] parsePacket(): could not receive data: 9
[ 70225][E][WiFiUdp.cpp:221] parsePacket(): could not receive data: 9
[ 70233][E][WiFiUdp.cpp:221] parsePacket(): could not receive data: 9
[ 70241][E][WiFiUdp.cpp:221] parsePacket(): could not receive data: 9
[ 70249][E][WiFiUdp.cpp:221] parsePacket(): could not receive data: 9
[ 70257][E][WiFiUdp.cpp:221] parsePacket(): could not receive data: 9
[ 70265][E][WiFiUdp.cpp:221] parsePacket(): could not receive data: 9
[ 70273][E][WiFiUdp.cpp:221] parsePacket(): could not receive data: 9
[ 70281][E][WiFiUdp.cpp:221] parsePacket(): could not receive data: 9
[ 70289][E][WiFiUdp.cpp:221] parsePacket(): could not receive data: 9
[ 70297][E][WiFiUdp.cpp:221] parsePacket(): could not receive data: 9
[ 70305][E][WiFiUdp.cpp:221] parsePacket(): could not receive data: 9
[ 70313][E][WiFiUdp.cpp:221] parsePacket(): could not receive data: 9
[ 70321][E][WiFiUdp.cpp:221] parsePacket(): could not receive data: 9
[ 70329][E][WiFiUdp.cpp:221] parsePacket(): could not receive data: 9
[ 70337][E][WiFiUdp.cpp:221] parsePacket(): could not receive data: 9
[ 70345][E][WiFiUdp.cpp:221] parsePacket(): could not receive data: 9
[ 70353][E][WiFiUdp.cpp:221] parsePacket(): could not receive data: 9
[ 70361][E][WiFiUdp.cpp:221] parsePacket(): could not receive data: 9
[ 70369][E][WiFiUdp.cpp:221] parsePacket(): could not receive data: 9
[ 70377][E][WiFiUdp.cpp:221] parsePacket(): could not receive data: 9
[ 70385][E][WiFiUdp.cpp:221] parsePacket(): could not receive data: 9
[ 70393][E][WiFiUdp.cpp:221] parsePacket(): could not receive data: 9
[ 70401][E][WiFiUdp.cpp:221] parsePacket(): could not receive data: 9
[ 70409][E][WiFiUdp.cpp:221] parsePacket(): could not receive data: 9
[ 70417][E][WiFiUdp.cpp:221] parsePacket(): could not receive data: 9
[ 70425][E][WiFiUdp.cpp:221] parsePacket(): could not receive data: 9
[ 70433][E][WiFiUdp.cpp:221] parsePacket(): could not receive data: 9
[ 70441][E][WiFiUdp.cpp:221] parsePacket(): could not receive data: 9
[ 70449][E][WiFiUdp.cpp:221] parsePacket(): could not receive data: 9
[ 70457][E][WiFiUdp.cpp:221] parsePacket(): could not receive data: 9
[ 70465][E][WiFiUdp.cpp:221] parsePacket(): could not receive data: 9
[ 70473][E][WiFiUdp.cpp:221] parsePacket(): could not receive data: 9
[ 70481][E][WiFiUdp.cpp:221] parsePacket(): could not receive data: 9
[ 70489][E][WiFiUdp.cpp:221] parsePacket(): could not receive data: 9
[ 70497][E][WiFiUdp.cpp:221] parsePacket(): could not receive data: 9
[ 70505][E][WiFiUdp.cpp:221] parsePacket(): could not receive data: 9
[ 70513][E][WiFiUdp.cpp:221] parsePacket(): could not receive data: 9
[ 70521][E][WiFiUdp.cpp:221] parsePacket(): could not receive data: 9
[ 70529][E][WiFiUdp.cpp:221] parsePacket(): could not receive data: 9
[ 70537][E][WiFiUdp.cpp:221] parsePacket(): could not receive data: 9
[ 70545][E][WiFiUdp.cpp:221] parsePacket(): could not receive data: 9
[ 70553][E][WiFiUdp.cpp:221] parsePacket(): could not receive data: 9
[ 70561][E][WiFiUdp.cpp:221] parsePacket(): could not receive data: 9
[ 70569][E][WiFiUdp.cpp:221] parsePacket(): could not receive data: 9
[ 70577][E][WiFiUdp.cpp:221] parsePacket(): could not receive data: 9
[ 70585][E][WiFiUdp.cpp:221] parsePacket(): could not receive data: 9
[ 70593][E][WiFiUdp.cpp:221] parsePacket(): could not receive data: 9
[ 70601][E][WiFiUdp.cpp:221] parsePacket(): could not receive data: 9
[ 70609][E][WiFiUdp.cpp:221] parsePacket(): could not receive data: 9
[ 70617][E][WiFiUdp.cpp:221] parsePacket(): could not receive data: 9
[ 70625][E][WiFiUdp.cpp:221] parsePacket(): could not receive data: 9
[ 70633][E][WiFiUdp.cpp:221] parsePacket(): could not receive data: 9
[ 70641][E][WiFiUdp.cpp:221] parsePacket(): could not receive data: 9
[ 70649][E][WiFiUdp.cpp:221] parsePacket(): could not receive data: 9
[ 70657][E][WiFiUdp.cpp:221] parsePacket(): could not receive data: 9
[ 70665][E][WiFiUdp.cpp:221] parsePacket(): could not receive data: 9
[ 70673][E][WiFiUdp.cpp:221] parsePacket(): could not receive data: 9
[ 70681][E][WiFiUdp.cpp:221] parsePacket(): could not receive data: 9
[ 70689][E][WiFiUdp.cpp:221] parsePacket(): could not receive data: 9
[ 70697][E][WiFiUdp.cpp:221] parsePacket(): could not receive data: 9
[ 70705][E][WiFiUdp.cpp:221] parsePacket(): could not receive data: 9
[ 70713][E][WiFiUdp.cpp:221] parsePacket(): could not receive data: 9
[ 70721][E][WiFiUdp.cpp:221] parsePacket(): could not receive data: 9
[ 70729][E][WiFiUdp.cpp:221] parsePacket(): could not receive data: 9
[ 70737][E][WiFiUdp.cpp:221] parsePacket(): could not receive data: 9
[ 70745][E][WiFiUdp.cpp:221] parsePacket(): could not receive data: 9
[ 70753][E][WiFiUdp.cpp:221] parsePacket(): could not receive data: 9
[ 70761][E][WiFiUdp.cpp:221] parsePacket(): could not receive data: 9
[ 70769][E][WiFiUdp.cpp:221] parsePacket(): could not receive data: 9
[ 70777][E][WiFiUdp.cpp:221] parsePacket(): could not receive data: 9
[ 70785][E][WiFiUdp.cpp:221] parsePacket(): could not receive data: 9
[ 70793][E][WiFiUdp.cpp:221] parsePacket(): could not receive data: 9
[ 70801][E][WiFiUdp.cpp:221] parsePacket(): could not receive data: 9
[ 70809][E][WiFiUdp.cpp:221] parsePacket(): could not receive data: 9
[ 70817][E][WiFiUdp.cpp:221] parsePacket(): could not receive data: 9
[ 70825][E][WiFiUdp.cpp:221] parsePacket(): could not receive data: 9
[ 70833][E][WiFiUdp.cpp:221] parsePacket(): could not receive data: 9
[ 70841][E][WiFiUdp.cpp:221] parsePacket(): could not receive data: 9
[ 70849][E][WiFiUdp.cpp:221] parsePacket(): could not receive data: 9
[ 70857][E][WiFiUdp.cpp:221] parsePacket(): could not receive data: 9
[ 70865][E][WiFiUdp.cpp:221] parsePacket(): could not receive data: 9
[ 70873][E][WiFiUdp.cpp:221] parsePacket(): could not receive data: 9
[ 70881][E][WiFiUdp.cpp:221] parsePacket(): could not receive data: 9
[ 70889][E][WiFiUdp.cpp:221] parsePacket(): could not receive data: 9
[ 70897][E][WiFiUdp.cpp:221] parsePacket(): could not receive data: 9
[ 70905][E][WiFiUdp.cpp:221] parsePacket(): could not receive data: 9
[ 70913][E][WiFiUdp.cpp:221] parsePacket(): could not receive data: 9
[ 70921][E][WiFiUdp.cpp:221] parsePacket(): could not receive data: 9
[ 70929][E][WiFiUdp.cpp:221] parsePacket(): could not receive data: 9
[ 70937][E][WiFiUdp.cpp:221] parsePacket(): could not receive data: 9
[ 70945][E][WiFiUdp.cpp:221] parsePacket(): could not receive data: 9
[ 70953][E][WiFiUdp.cpp:221] parsePacket(): could not receive data: 9
[ 70961][E][WiFiUdp.cpp:221] parsePacket(): could not receive data: 9
[ 70969][E][WiFiUdp.cpp:221] parsePacket(): could not receive data: 9
[ 70977][E][WiFiUdp.cpp:221] parsePacket(): could not receive data: 9
[ 70985][E][WiFiUdp.cpp:221] parsePacket(): could not receive data: 9
[ 70993][E][WiFiUdp.cpp:221] parsePacket(): could not receive data: 9
[ 71001][E][WiFiUdp.cpp:221] parsePacket(): could not receive data: 9
[ 71009][E][WiFiUdp.cpp:221] parsePacket(): could not receive data: 9
[ 71017][E][WiFiUdp.cpp:221] parsePacket(): could not receive data: 9
[ 71025][E][WiFiUdp.cpp:221] parsePacket(): could not receive data: 9
[ 71033][E][WiFiUdp.cpp:221] parsePacket(): could not receive data: 9
[ 71041][E][WiFiUdp.cpp:221] parsePacket(): could not receive data: 9
[ 71049][E][WiFiUdp.cpp:221] parsePacket(): could not receive data: 9
[ 71057][E][WiFiUdp.cpp:221] parsePacket(): could not receive data: 9
[ 71065][E][WiFiUdp.cpp:221] parsePacket(): could not receive data: 9
[ 71073][E][WiFiUdp.cpp:221] parsePacket(): could not receive data: 9
[ 71081][E][WiFiUdp.cpp:221] parsePacket(): could not receive data: 9
[ 71089][E][WiFiUdp.cpp:221] parsePacket(): could not receive data: 9
[ 71097][E][WiFiUdp.cpp:221] parsePacket(): could not receive data: 9
[ 71105][E][WiFiUdp.cpp:221] parsePacket(): could not receive data: 9
[ 71113][E][WiFiUdp.cpp:221] parsePacket(): could not receive data: 9
[ 71121][E][WiFiUdp.cpp:221] parsePacket(): could not receive data: 9
[ 71129][E][WiFiUdp.cpp:221] parsePacket(): could not receive data: 9
[ 71137][E][WiFiUdp.cpp:221] parsePacket(): could not receive data: 9
[ 71145][E][WiFiUdp.cpp:221] parsePacket(): could not receive data: 9
[ 71153][E][WiFiUdp.cpp:221] parsePacket(): could not receive data: 9
[ 71161][E][WiFiUdp.cpp:221] parsePacket(): could not receive data: 9
[ 71169][E][WiFiUdp.cpp:221] parsePacket(): could not receive data: 9
[ 71177][E][WiFiUdp.cpp:221] parsePacket(): could not receive data: 9
[ 71185][E][WiFiUdp.cpp:221] parsePacket(): could not receive data: 9
[ 71193][E][WiFiUdp.cpp:221] parsePacket(): could not receive data: 9
[ 71201][E][WiFiUdp.cpp:221] parsePacket(): could not receive data: 9
[ 71209][E][WiFiUdp.cpp:221] parsePacket(): could not receive data: 9
[ 71217][E][WiFiUdp.cpp:221] parsePacket(): could not receive data: 9
[ 71225][E][WiFiUdp.cpp:221] parsePacket(): could not receive data: 9
[ 71233][E][WiFiUdp.cpp:221] parsePacket(): could not receive data: 9
[ 71241][E][WiFiUdp.cpp:221] parsePacket(): could not receive data: 9
[ 71249][E][WiFiUdp.cpp:221] parsePacket(): could not receive data: 9
[ 71257][E][WiFiUdp.cpp:221] parsePacket(): could not receive data: 9
[ 71265][E][WiFiUdp.cpp:221] parsePacket(): could not receive data: 9
[ 71273][E][WiFiUdp.cpp:221] parsePacket(): could not receive data: 9
[ 71281][E][WiFiUdp.cpp:221] parsePacket(): could not receive data: 9
[ 71289][E][WiFiUdp.cpp:221] parsePacket(): could not receive data: 9
[ 71297][E][WiFiUdp.cpp:221] parsePacket(): could not receive data: 9
[ 71305][E][WiFiUdp.cpp:221] parsePacket(): could not receive data: 9
[ 71313][E][WiFiUdp.cpp:221] parsePacket(): could not receive data: 9
[ 71321][E][WiFiUdp.cpp:221] parsePacket(): could not receive data: 9
[ 71329][E][WiFiUdp.cpp:221] parsePacket(): could not receive data: 9
[ 71337][E][WiFiUdp.cpp:221] parsePacket(): could not receive data: 9
[ 71345][E][WiFiUdp.cpp:221] parsePacket(): could not receive data: 9
[ 71353][E][WiFiUdp.cpp:221] parsePacket(): could not receive data: 9
[ 71361][E][WiFiUdp.cpp:221] parsePacket(): could not receive data: 9
[ 71369][E][WiFiUdp.cpp:221] parsePacket(): could not receive data: 9
[ 71377][E][WiFiUdp.cpp:221] parsePacket(): could not receive data: 9
[ 71385][E][WiFiUdp.cpp:221] parsePacket(): could not receive data: 9
[ 71393][E][WiFiUdp.cpp:221] parsePacket(): could not receive data: 9
[ 71401][E][WiFiUdp.cpp:221] parsePacket(): could not receive data: 9
[ 71409][E][WiFiUdp.cpp:221] parsePacket(): could not receive data: 9
[ 71417][E][WiFiUdp.cpp:221] parsePacket(): could not receive data: 9
[ 71425][E][WiFiUdp.cpp:221] parsePacket(): could not receive data: 9
[ 71433][E][WiFiUdp.cpp:221] parsePacket(): could not receive data: 9
[ 71441][E][WiFiUdp.cpp:221] parsePacket(): could not receive data: 9
[ 71449][E][WiFiUdp.cpp:221] parsePacket(): could not receive data: 9
[ 71457][E][WiFiUdp.cpp:221] parsePacket(): could not receive data: 9
[ 71465][E][WiFiUdp.cpp:221] parsePacket(): could not receive data: 9
[ 71473][E][WiFiUdp.cpp:221] parsePacket(): could not receive data: 9
[ 71481][E][WiFiUdp.cpp:221] parsePacket(): could not receive data: 9
[ 71489][E][WiFiUdp.cpp:221] parsePacket(): could not receive data: 9
[ 71497][E][WiFiUdp.cpp:221] parsePacket(): could not receive data: 9
[ 71505][E][WiFiUdp.cpp:221] parsePacket(): could not receive data: 9
[ 71513][E][WiFiUdp.cpp:221] parsePacket(): could not receive data: 9
[ 71521][E][WiFiUdp.cpp:221] parsePacket(): could not receive data: 9
[ 71529][E][WiFiUdp.cpp:221] parsePacket(): could not receive data: 9
[ 71537][E][WiFiUdp.cpp:221] parsePacket(): could not receive data: 9
[ 71545][E][WiFiUdp.cpp:221] parsePacket(): could not receive data: 9
[ 71553][E][WiFiUdp.cpp:221] parsePacket(): could not receive data: 9
[ 71561][E][WiFiUdp.cpp:221] parsePacket(): could not receive data: 9
[ 71569][E][WiFiUdp.cpp:221] parsePacket(): could not receive data: 9
[ 71577][E][WiFiUdp.cpp:221] parsePacket(): could not receive data: 9
[ 71585][E][WiFiUdp.cpp:221] parsePacket(): could not receive data: 9
[ 71593][E][WiFiUdp.cpp:221] parsePacket(): could not receive data: 9
[ 71601][E][WiFiUdp.cpp:221] parsePacket(): could not receive data: 9
[ 71609][E][WiFiUdp.cpp:221] parsePacket(): could not receive data: 9
[ 71617][E][WiFiUdp.cpp:221] parsePacket(): could not receive data: 9
[ 71625][E][WiFiUdp.cpp:221] parsePacket(): could not receive data: 9
[ 71633][E][WiFiUdp.cpp:221] parsePacket(): could not receive data: 9
[ 71641][E][WiFiUdp.cpp:221] parsePacket(): could not receive data: 9
[ 71649][E][WiFiUdp.cpp:221] parsePacket(): could not receive data: 9
[ 71657][E][WiFiUdp.cpp:221] parsePacket(): could not receive data: 9
[ 71665][E][WiFiUdp.cpp:221] parsePacket(): could not receive data: 9
[ 71673][E][WiFiUdp.cpp:221] parsePacket(): could not receive data: 9
[ 71681][E][WiFiUdp.cpp:221] parsePacket(): could not receive data: 9
[ 71689][E][WiFiUdp.cpp:221] parsePacket(): could not receive data: 9
[ 71697][E][WiFiUdp.cpp:221] parsePacket(): could not receive data: 9
[ 71705][E][WiFiUdp.cpp:221] parsePacket(): could not receive data: 9
[ 71713][E][WiFiUdp.cpp:221] parsePacket(): could not receive data: 9
No Sensor found on bus! Rescanning...
No Sensor found on bus! Rescanning...
[ 72026][E][WiFiUdp.cpp:221] parsePacket(): could not receive data: 9
[ 72034][E][WiFiUdp.cpp:221] parsePacket(): could not receive data: 9
[ 72042][E][WiFiUdp.cpp:221] parsePacket(): could not receive data: 9
[ 72050][E][WiFiUdp.cpp:221] parsePacket(): could not receive data: 9
[ 72058][E][WiFiUdp.cpp:221] parsePacket(): could not receive data: 9
[ 72066][E][WiFiUdp.cpp:221] parsePacket(): could not receive data: 9
[ 72074][E][WiFiUdp.cpp:221] parsePacket(): could not receive data: 9
[ 72082][E][WiFiUdp.cpp:221] parsePacket(): could not receive data: 9
[ 72090][E][WiFiUdp.cpp:221] parsePacket(): could not receive data: 9
[ 72098][E][WiFiUdp.cpp:221] parsePacket(): could not receive data: 9
[ 72106][E][WiFiUdp.cpp:221] parsePacket(): could not receive data: 9
[ 72114][E][WiFiUdp.cpp:221] parsePacket(): could not receive data: 9
[ 72122][E][WiFiUdp.cpp:221] parsePacket(): could not receive data: 9
[ 72130][E][WiFiUdp.cpp:221] parsePacket(): could not receive data: 9
[ 72138][E][WiFiUdp.cpp:221] parsePacket(): could not receive data: 9
[ 72146][E][WiFiUdp.cpp:221] parsePacket(): could not receive data: 9
[ 72154][E][WiFiUdp.cpp:221] parsePacket(): could not receive data: 9
[ 72162][E][WiFiUdp.cpp:221] parsePacket(): could not receive data: 9
[ 72170][E][WiFiUdp.cpp:221] parsePacket(): could not receive data: 9
[ 72178][E][WiFiUdp.cpp:221] parsePacket(): could not receive data: 9
[ 72186][E][WiFiUdp.cpp:221] parsePacket(): could not receive data: 9
[ 72194][E][WiFiUdp.cpp:221] parsePacket(): could not receive data: 9
[ 72202][E][WiFiUdp.cpp:221] parsePacket(): could not receive data: 9
[ 72210][E][WiFiUdp.cpp:221] parsePacket(): could not receive data: 9
[ 72218][E][WiFiUdp.cpp:221] parsePacket(): could not receive data: 9
[ 72226][E][WiFiUdp.cpp:221] parsePacket(): could not receive data: 9
[ 72234][E][WiFiUdp.cpp:221] parsePacket(): could not receive data: 9
[ 72242][E][WiFiUdp.cpp:221] parsePacket(): could not receive data: 9
[ 72250][E][WiFiUdp.cpp:221] parsePacket(): could not receive data: 9
[ 72258][E][WiFiUdp.cpp:221] parsePacket(): could not receive data: 9
[ 72266][E][WiFiUdp.cpp:221] parsePacket(): could not receive data: 9
[ 72274][E][WiFiUdp.cpp:221] parsePacket(): could not receive data: 9
[ 72282][E][WiFiUdp.cpp:221] parsePacket(): could not receive data: 9
[ 72290][E][WiFiUdp.cpp:221] parsePacket(): could not receive data: 9
[ 72298][E][WiFiUdp.cpp:221] parsePacket(): could not receive data: 9
[ 72306][E][WiFiUdp.cpp:221] parsePacket(): could not receive data: 9
[ 72314][E][WiFiUdp.cpp:221] parsePacket(): could not receive data: 9
[ 72322][E][WiFiUdp.cpp:221] parsePacket(): could not receive data: 9
[ 72330][E][WiFiUdp.cpp:221] parsePacket(): could not receive data: 9
[ 72338][E][WiFiUdp.cpp:221] parsePacket(): could not receive data: 9
[ 72346][E][WiFiUdp.cpp:221] parsePacket(): could not receive data: 9
[ 72354][E][WiFiUdp.cpp:221] parsePacket(): could not receive data: 9
[ 72362][E][WiFiUdp.cpp:221] parsePacket(): could not receive data: 9
[ 72370][E][WiFiUdp.cpp:221] parsePacket(): could not receive data: 9
[ 72378][E][WiFiUdp.cpp:221] parsePacket(): could not receive data: 9
[ 72386][E][WiFiUdp.cpp:221] parsePacket(): could not receive data: 9
[ 72394][E][WiFiUdp.cpp:221] parsePacket(): could not receive data: 9
[ 72402][E][WiFiUdp.cpp:221] parsePacket(): could not receive data: 9
[ 72410][E][WiFiUdp.cpp:221] parsePacket(): could not receive data: 9
[ 72418][E][WiFiUdp.cpp:221] parsePacket(): could not receive data: 9
[ 72426][E][WiFiUdp.cpp:221] parsePacket(): could not receive data: 9
[ 72434][E][WiFiUdp.cpp:221] parsePacket(): could not receive data: 9
[ 72442][E][WiFiUdp.cpp:221] parsePacket(): could not receive data: 9
[ 72450][E][WiFiUdp.cpp:221] parsePacket(): could not receive data: 9
[ 72458][E][WiFiUdp.cpp:221] parsePacket(): could not receive data: 9
[ 72466][E][WiFiUdp.cpp:221] parsePacket(): could not receive data: 9
[ 72474][E][WiFiUdp.cpp:221] parsePacket(): could not receive data: 9
[ 72482][E][WiFiUdp.cpp:221] parsePacket(): could not receive data: 9
[ 72490][E][WiFiUdp.cpp:221] parsePacket(): could not receive data: 9
[ 72498][E][WiFiUdp.cpp:221] parsePacket(): could not receive data: 9
[ 72506][E][WiFiUdp.cpp:221] parsePacket(): could not receive data: 9
[ 72514][E][WiFiUdp.cpp:221] parsePacket(): could not receive data: 9
[ 72522][E][WiFiUdp.cpp:221] parsePacket(): could not receive data: 9
[ 72530][E][WiFiUdp.cpp:221] parsePacket(): could not receive data: 9
[ 72538][E][WiFiUdp.cpp:221] parsePacket(): could not receive data: 9
[ 72546][E][WiFiUdp.cpp:221] parsePacket(): could not receive data: 9
[ 72554][E][WiFiUdp.cpp:221] parsePacket(): could not receive data: 9
[ 72562][E][WiFiUdp.cpp:221] parsePacket(): could not receive data: 9
[ 72570][E][WiFiUdp.cpp:221] parsePacket(): could not receive data: 9
[ 72578][E][WiFiUdp.cpp:221] parsePacket(): could not receive data: 9
[ 72586][E][WiFiUdp.cpp:221] parsePacket(): could not receive data: 9
[ 72594][E][WiFiUdp.cpp:221] parsePacket(): could not receive data: 9
[ 72602][E][WiFiUdp.cpp:221] parsePacket(): could not receive data: 9
[ 72610][E][WiFiUdp.cpp:221] parsePacket(): could not receive data: 9
[ 72618][E][WiFiUdp.cpp:221] parsePacket(): could not receive data: 9
[ 72626][E][WiFiUdp.cpp:221] parsePacket(): could not receive data: 9
[ 72634][E][WiFiUdp.cpp:221] parsePacket(): could not receive data: 9
[ 72642][E][WiFiUdp.cpp:221] parsePacket(): could not receive data: 9
[ 72650][E][WiFiUdp.cpp:221] parsePacket(): could not receive data: 9
[ 72658][E][WiFiUdp.cpp:221] parsePacket(): could not receive data: 9
[ 72666][E][WiFiUdp.cpp:221] parsePacket(): could not receive data: 9
[ 72674][E][WiFiUdp.cpp:221] parsePacket(): could not receive data: 9
[ 72682][E][WiFiUdp.cpp:221] parsePacket(): could not receive data: 9
[ 72690][E][WiFiUdp.cpp:221] parsePacket(): could not receive data: 9
[ 72698][E][WiFiUdp.cpp:221] parsePacket(): could not receive data: 9
[ 72706][E][WiFiUdp.cpp:221] parsePacket(): could not receive data: 9
[ 72714][E][WiFiUdp.cpp:221] parsePacket(): could not receive data: 9
[ 72722][E][WiFiUdp.cpp:221] parsePacket(): could not receive data: 9
[ 72730][E][WiFiUdp.cpp:221] parsePacket(): could not receive data: 9
[ 72738][E][WiFiUdp.cpp:221] parsePacket(): could not receive data: 9
[ 72746][E][WiFiUdp.cpp:221] parsePacket(): could not receive data: 9
[ 72754][E][WiFiUdp.cpp:221] parsePacket(): could not receive data: 9
[ 72762][E][WiFiUdp.cpp:221] parsePacket(): could not receive data: 9
[ 72770][E][WiFiUdp.cpp:221] parsePacket(): could not receive data: 9
[ 72778][E][WiFiUdp.cpp:221] parsePacket(): could not receive data: 9
[ 72786][E][WiFiUdp.cpp:221] parsePacket(): could not receive data: 9
[ 72794][E][WiFiUdp.cpp:221] parsePacket(): could not receive data: 9
[ 72802][E][WiFiUdp.cpp:221] parsePacket(): could not receive data: 9
[ 72810][E][WiFiUdp.cpp:221] parsePacket(): could not receive data: 9
[ 72818][E][WiFiUdp.cpp:221] parsePacket(): could not receive data: 9
[ 72826][E][WiFiUdp.cpp:221] parsePacket(): could not receive data: 9
[ 72834][E][WiFiUdp.cpp:221] parsePacket(): could not receive data: 9
[ 72842][E][WiFiUdp.cpp:221] parsePacket(): could not receive data: 9
[ 72850][E][WiFiUdp.cpp:221] parsePacket(): could not receive data: 9
[ 72858][E][WiFiUdp.cpp:221] parsePacket(): could not receive data: 9
[ 72866][E][WiFiUdp.cpp:221] parsePacket(): could not receive data: 9
[ 72874][E][WiFiUdp.cpp:221] parsePacket(): could not receive data: 9
[ 72882][E][WiFiUdp.cpp:221] parsePacket(): could not receive data: 9
[ 72890][E][WiFiUdp.cpp:221] parsePacket(): could not receive data: 9
[ 72898][E][WiFiUdp.cpp:221] parsePacket(): could not receive data: 9
[ 72906][E][WiFiUdp.cpp:221] parsePacket(): could not receive data: 9
[ 72914][E][WiFiUdp.cpp:221] parsePacket(): could not receive data: 9
[ 72922][E][WiFiUdp.cpp:221] parsePacket(): could not receive data: 9
[ 72930][E][WiFiUdp.cpp:221] parsePacket(): could not receive data: 9
[ 72938][E][WiFiUdp.cpp:221] parsePacket(): could not receive data: 9
[ 72946][E][WiFiUdp.cpp:221] parsePacket(): could not receive data: 9
[ 72954][E][WiFiUdp.cpp:221] parsePacket(): could not receive data: 9
[ 72962][E][WiFiUdp.cpp:221] parsePacket(): could not receive data: 9
[ 72970][E][WiFiUdp.cpp:221] parsePacket(): could not receive data: 9
[ 72978][E][WiFiUdp.cpp:221] parsePacket(): could not receive data: 9
[ 72986][E][WiFiUdp.cpp:221] parsePacket(): could not receive data: 9
[ 72994][E][WiFiUdp.cpp:221] parsePacket(): could not receive data: 9
[ 73002][E][WiFiUdp.cpp:221] parsePacket(): could not receive data: 9
[ 73010][E][WiFiUdp.cpp:221] parsePacket(): could not receive data: 9
[ 73018][E][WiFiUdp.cpp:221] parsePacket(): could not receive data: 9
[ 73026][E][WiFiUdp.cpp:221] parsePacket(): could not receive data: 9
[ 73034][E][WiFiUdp.cpp:221] parsePacket(): could not receive data: 9
[ 73042][E][WiFiUdp.cpp:221] parsePacket(): could not receive data: 9
[ 73050][E][WiFiUdp.cpp:221] parsePacket(): could not receive data: 9
[ 73058][E][WiFiUdp.cpp:221] parsePacket(): could not receive data: 9
[ 73066][E][WiFiUdp.cpp:221] parsePacket(): could not receive data: 9
[ 73074][E][WiFiUdp.cpp:221] parsePacket(): could not receive data: 9
[ 73082][E][WiFiUdp.cpp:221] parsePacket(): could not receive data: 9
[ 73090][E][WiFiUdp.cpp:221] parsePacket(): could not receive data: 9
[ 73098][E][WiFiUdp.cpp:221] parsePacket(): could not receive data: 9
[ 73106][E][WiFiUdp.cpp:221] parsePacket(): could not receive data: 9
[ 73114][E][WiFiUdp.cpp:221] parsePacket(): could not receive data: 9
[ 73122][E][WiFiUdp.cpp:221] parsePacket(): could not receive data: 9
[ 73130][E][WiFiUdp.cpp:221] parsePacket(): could not receive data: 9
[ 73138][E][WiFiUdp.cpp:221] parsePacket(): could not receive data: 9
[ 73146][E][WiFiUdp.cpp:221] parsePacket(): could not receive data: 9
[ 73154][E][WiFiUdp.cpp:221] parsePacket(): could not receive data: 9
[ 73162][E][WiFiUdp.cpp:221] parsePacket(): could not receive data: 9
[ 73170][E][WiFiUdp.cpp:221] parsePacket(): could not receive data: 9
[ 73178][E][WiFiUdp.cpp:221] parsePacket(): could not receive data: 9
[ 73186][E][WiFiUdp.cpp:221] parsePacket(): could not receive data: 9
[ 73194][E][WiFiUdp.cpp:221] parsePacket(): could not receive data: 9
[ 73202][E][WiFiUdp.cpp:221] parsePacket(): could not receive data: 9
[ 73210][E][WiFiUdp.cpp:221] parsePacket(): could not receive data: 9
[ 73218][E][WiFiUdp.cpp:221] parsePacket(): could not receive data: 9
[ 73226][E][WiFiUdp.cpp:221] parsePacket(): could not receive data: 9
[ 73234][E][WiFiUdp.cpp:221] parsePacket(): could not receive data: 9
[ 73242][E][WiFiUdp.cpp:221] parsePacket(): could not receive data: 9
[ 73250][E][WiFiUdp.cpp:221] parsePacket(): could not receive data: 9
[ 73258][E][WiFiUdp.cpp:221] parsePacket(): could not receive data: 9
[ 73266][E][WiFiUdp.cpp:221] parsePacket(): could not receive data: 9
[ 73274][E][WiFiUdp.cpp:221] parsePacket(): could not receive data: 9
[ 73282][E][WiFiUdp.cpp:221] parsePacket(): could not receive data: 9
[ 73290][E][WiFiUdp.cpp:221] parsePacket(): could not receive data: 9
[ 73298][E][WiFiUdp.cpp:221] parsePacket(): could not receive data: 9
[ 73306][E][WiFiUdp.cpp:221] parsePacket(): could not receive data: 9
[ 73314][E][WiFiUdp.cpp:221] parsePacket(): could not receive data: 9
[ 73322][E][WiFiUdp.cpp:221] parsePacket(): could not receive data: 9
[ 73330][E][WiFiUdp.cpp:221] parsePacket(): could not receive data: 9
[ 73338][E][WiFiUdp.cpp:221] parsePacket(): could not receive data: 9
[ 73346][E][WiFiUdp.cpp:221] parsePacket(): could not receive data: 9
[ 73354][E][WiFiUdp.cpp:221] parsePacket(): could not receive data: 9
[ 73362][E][WiFiUdp.cpp:221] parsePacket(): could not receive data: 9
[ 73370][E][WiFiUdp.cpp:221] parsePacket(): could not receive data: 9
[ 73378][E][WiFiUdp.cpp:221] parsePacket(): could not receive data: 9
[ 73386][E][WiFiUdp.cpp:221] parsePacket(): could not receive data: 9
[ 73394][E][WiFiUdp.cpp:221] parsePacket(): could not receive data: 9
[ 73402][E][WiFiUdp.cpp:221] parsePacket(): could not receive data: 9
[ 73410][E][WiFiUdp.cpp:221] parsePacket(): could not receive data: 9
[ 73418][E][WiFiUdp.cpp:221] parsePacket(): could not receive data: 9
[ 73426][E][WiFiUdp.cpp:221] parsePacket(): could not receive data: 9
[ 73434][E][WiFiUdp.cpp:221] parsePacket(): could not receive data: 9
[ 73442][E][WiFiUdp.cpp:221] parsePacket(): could not receive data: 9
[ 73450][E][WiFiUdp.cpp:221] parsePacket(): could not receive data: 9
[ 73458][E][WiFiUdp.cpp:221] parsePacket(): could not receive data: 9
[ 73466][E][WiFiUdp.cpp:221] parsePacket(): could not receive data: 9
[ 73474][E][WiFiUdp.cpp:221] parsePacket(): could not receive data: 9
[ 73482][E][WiFiUdp.cpp:221] parsePacket(): could not receive data: 9
[ 73490][E][WiFiUdp.cpp:221] parsePacket(): could not receive data: 9
[ 73498][E][WiFiUdp.cpp:221] parsePacket(): could not receive data: 9
[ 73506][E][WiFiUdp.cpp:221] parsePacket(): could not receive data: 9
[ 73514][E][WiFiUdp.cpp:221] parsePacket(): could not receive data: 9
[ 73522][E][WiFiUdp.cpp:221] parsePacket(): could not receive data: 9
[ 73530][E][WiFiUdp.cpp:221] parsePacket(): could not receive data: 9
[ 73538][E][WiFiUdp.cpp:221] parsePacket(): could not receive data: 9
[ 73546][E][WiFiUdp.cpp:221] parsePacket(): could not receive data: 9
[ 73554][E][WiFiUdp.cpp:221] parsePacket(): could not receive data: 9
[ 73562][E][WiFiUdp.cpp:221] parsePacket(): could not receive data: 9
[ 73570][E][WiFiUdp.cpp:221] parsePacket(): could not receive data: 9
[ 73578][E][WiFiUdp.cpp:221] parsePacket(): could not receive data: 9
[ 73586][E][WiFiUdp.cpp:221] parsePacket(): could not receive data: 9
[ 73594][E][WiFiUdp.cpp:221] parsePacket(): could not receive data: 9
[ 73602][E][WiFiUdp.cpp:221] parsePacket(): could not receive data: 9
[ 73610][E][WiFiUdp.cpp:221] parsePacket(): could not receive data: 9
[ 73618][E][WiFiUdp.cpp:221] parsePacket(): could not receive data: 9
[ 73626][E][WiFiUdp.cpp:221] parsePacket(): could not receive data: 9
[ 73634][E][WiFiUdp.cpp:221] parsePacket(): could not receive data: 9
[ 73642][E][WiFiUdp.cpp:221] parsePacket(): could not receive data: 9
[ 73650][E][WiFiUdp.cpp:221] parsePacket(): could not receive data: 9
[ 73658][E][WiFiUdp.cpp:221] parsePacket(): could not receive data: 9
[ 73666][E][WiFiUdp.cpp:221] parsePacket(): could not receive data: 9
[ 73674][E][WiFiUdp.cpp:221] parsePacket(): could not receive data: 9
[ 73682][E][WiFiUdp.cpp:221] parsePacket(): could not receive data: 9
[ 73690][E][WiFiUdp.cpp:221] parsePacket(): could not receive data: 9
[ 73698][E][WiFiUdp.cpp:221] parsePacket(): could not receive data: 9
[ 73706][E][WiFiUdp.cpp:221] parsePacket(): could not receive data: 9
[ 73714][E][WiFiUdp.cpp:221] parsePacket(): could not receive data: 9
[ 73722][E][WiFiUdp.cpp:221] parsePacket(): could not receive data: 9
[ 73730][E][WiFiUdp.cpp:221] parsePacket(): could not receive data: 9
[ 73738][E][WiFiUdp.cpp:221] parsePacket(): could not receive data: 9
[ 73746][E][WiFiUdp.cpp:221] parsePacket(): could not receive data: 9
[ 73754][E][WiFiUdp.cpp:221] parsePacket(): could not receive data: 9
[ 73762][E][WiFiUdp.cpp:221] parsePacket(): could not receive data: 9
[ 73770][E][WiFiUdp.cpp:221] parsePacket(): could not receive data: 9
[ 73778][E][WiFiUdp.cpp:221] parsePacket(): could not receive data: 9
[ 73786][E][WiFiUdp.cpp:221] parsePacket(): could not receive data: 9
[ 73794][E][WiFiUdp.cpp:221] parsePacket(): could not receive data: 9
[ 73802][E][WiFiUdp.cpp:221] parsePacket(): could not receive data: 9
[ 73810][E][WiFiUdp.cpp:221] parsePacket(): could not receive data: 9
[ 73818][E][WiFiUdp.cpp:221] parsePacket(): could not receive data: 9
[ 73826][E][WiFiUdp.cpp:221] parsePacket(): could not receive data: 9
[ 73834][E][WiFiUdp.cpp:221] parsePacket(): could not receive data: 9
[ 73842][E][WiFiUdp.cpp:221] parsePacket(): could not receive data: 9
[ 73850][E][WiFiUdp.cpp:221] parsePacket(): could not receive data: 9
[ 73858][E][WiFiUdp.cpp:221] parsePacket(): could not receive data: 9
[ 73866][E][WiFiUdp.cpp:221] parsePacket(): could not receive data: 9
[ 73874][E][WiFiUdp.cpp:221] parsePacket(): could not receive data: 9
[ 73882][E][WiFiUdp.cpp:221] parsePacket(): could not receive data: 9
[ 73890][E][WiFiUdp.cpp:221] parsePacket(): could not receive data: 9
[ 73898][E][WiFiUdp.cpp:221] parsePacket(): could not receive data: 9
[ 73906][E][WiFiUdp.cpp:221] parsePacket(): could not receive data: 9
[ 73914][E][WiFiUdp.cpp:221] parsePacket(): could not receive data: 9
[ 73922][E][WiFiUdp.cpp:221] parsePacket(): could not receive data: 9
[ 73930][E][WiFiUdp.cpp:221] parsePacket(): could not receive data: 9
[ 73938][E][WiFiUdp.cpp:221] parsePacket(): could not receive data: 9
[ 73946][E][WiFiUdp.cpp:221] parsePacket(): could not receive data: 9
[ 73954][E][WiFiUdp.cpp:221] parsePacket(): could not receive data: 9
[ 73962][E][WiFiUdp.cpp:221] parsePacket(): could not receive data: 9
[ 73970][E][WiFiUdp.cpp:221] parsePacket(): could not receive data: 9
[ 73978][E][WiFiUdp.cpp:221] parsePacket(): could not receive data: 9
[ 73986][E][WiFiUdp.cpp:221] parsePacket(): could not receive data: 9
[ 73994][E][WiFiUdp.cpp:221] parsePacket(): could not receive data: 9
[ 74002][E][WiFiUdp.cpp:221] parsePacket(): could not receive data: 9
[ 74010][E][WiFiUdp.cpp:221] parsePacket(): could not receive data: 9
[ 74018][E][WiFiUdp.cpp:221] parsePacket(): could not receive data: 9
[ 74026][E][WiFiUdp.cpp:221] parsePacket(): could not receive data: 9
[ 74034][E][WiFiUdp.cpp:221] parsePacket(): could not receive data: 9
[ 74042][E][WiFiUdp.cpp:221] parsePacket(): could not receive data: 9
[ 74050][E][WiFiUdp.cpp:221] parsePacket(): could not receive data: 9
[ 74058][E][WiFiUdp.cpp:221] parsePacket(): could not receive data: 9
[ 74066][E][WiFiUdp.cpp:221] parsePacket(): could not receive data: 9
[ 74074][E][WiFiUdp.cpp:221] parsePacket(): could not receive data: 9
[ 74082][E][WiFiUdp.cpp:221] parsePacket(): could not receive data: 9
[ 74090][E][WiFiUdp.cpp:221] parsePacket(): could not receive data: 9
[ 74098][E][WiFiUdp.cpp:221] parsePacket(): could not receive data: 9
[ 74106][E][WiFiUdp.cpp:221] parsePacket(): could not receive data: 9
[ 74114][E][WiFiUdp.cpp:221] parsePacket(): could not receive data: 9
[ 74122][E][WiFiUdp.cpp:221] parsePacket(): could not receive data: 9
[ 74130][E][WiFiUdp.cpp:221] parsePacket(): could not receive data: 9
[ 74138][E][WiFiUdp.cpp:221] parsePacket(): could not receive data: 9
[ 74146][E][WiFiUdp.cpp:221] parsePacket(): could not receive data: 9
[ 74154][E][WiFiUdp.cpp:221] parsePacket(): could not receive data: 9
[ 74162][E][WiFiUdp.cpp:221] parsePacket(): could not receive data: 9
[ 74170][E][WiFiUdp.cpp:221] parsePacket(): could not receive data: 9
[ 74178][E][WiFiUdp.cpp:221] parsePacket(): could not receive data: 9
[ 74186][E][WiFiUdp.cpp:221] parsePacket(): could not receive data: 9
[ 74194][E][WiFiUdp.cpp:221] parsePacket(): could not receive data: 9
[ 74202][E][WiFiUdp.cpp:221] parsePacket(): could not receive data: 9
[ 74210][E][WiFiUdp.cpp:221] parsePacket(): could not receive data: 9
[ 74218][E][WiFiUdp.cpp:221] parsePacket(): could not receive data: 9
[ 74226][E][WiFiUdp.cpp:221] parsePacket(): could not receive data: 9
[ 74234][E][WiFiUdp.cpp:221] parsePacket(): could not receive data: 9
[ 74242][E][WiFiUdp.cpp:221] parsePacket(): could not receive data: 9
[ 74250][E][WiFiUdp.cpp:221] parsePacket(): could not receive data: 9
[ 74258][E][WiFiUdp.cpp:221] parsePacket(): could not receive data: 9
[ 74266][E][WiFiUdp.cpp:221] parsePacket(): could not receive data: 9
[ 74274][E][WiFiUdp.cpp:221] parsePacket(): could not receive data: 9
[ 74282][E][WiFiUdp.cpp:221] parsePacket(): could not receive data: 9
[ 74290][E][WiFiUdp.cpp:221] parsePacket(): could not receive data: 9
[ 74298][E][WiFiUdp.cpp:221] parsePacket(): could not receive data: 9
[ 74306][E][WiFiUdp.cpp:221] parsePacket(): could not receive data: 9
[ 74314][E][WiFiUdp.cpp:221] parsePacket(): could not receive data: 9
[ 74322][E][WiFiUdp.cpp:221] parsePacket(): could not receive data: 9
[ 74330][E][WiFiUdp.cpp:221] parsePacket(): could not receive data: 9
[ 74338][E][WiFiUdp.cpp:221] parsePacket(): could not receive data: 9
[ 74346][E][WiFiUdp.cpp:221] parsePacket(): could not receive data: 9
[ 74354][E][WiFiUdp.cpp:221] parsePacket(): could not receive data: 9
[ 74362][E][WiFiUdp.cpp:221] parsePacket(): could not receive data: 9
[ 74370][E][WiFiUdp.cpp:221] parsePacket(): could not receive data: 9
[ 74378][E][WiFiUdp.cpp:221] parsePacket(): could not receive data: 9
[ 74386][E][WiFiUdp.cpp:221] parsePacket(): could not receive data: 9
[ 74394][E][WiFiUdp.cpp:221] parsePacket(): could not receive data: 9
[ 74402][E][WiFiUdp.cpp:221] parsePacket(): could not receive data: 9
[ 74410][E][WiFiUdp.cpp:221] parsePacket(): could not receive data: 9
[ 74418][E][WiFiUdp.cpp:221] parsePacket(): could not receive data: 9
[ 74426][E][WiFiUdp.cpp:221] parsePacket(): could not receive data: 9
[ 74434][E][WiFiUdp.cpp:221] parsePacket(): could not receive data: 9
[ 74442][E][WiFiUdp.cpp:221] parsePacket(): could not receive data: 9
[ 74450][E][WiFiUdp.cpp:221] parsePacket(): could not receive data: 9
[ 74458][E][WiFiUdp.cpp:221] parsePacket(): could not receive data: 9
[ 74466][E][WiFiUdp.cpp:221] parsePacket(): could not receive data: 9
[ 74474][E][WiFiUdp.cpp:221] parsePacket(): could not receive data: 9
[ 74482][E][WiFiUdp.cpp:221] parsePacket(): could not receive data: 9
[ 74490][E][WiFiUdp.cpp:221] parsePacket(): could not receive data: 9
[ 74498][E][WiFiUdp.cpp:221] parsePacket(): could not receive data: 9
[ 74506][E][WiFiUdp.cpp:221] parsePacket(): could not receive data: 9
[ 74514][E][WiFiUdp.cpp:221] parsePacket(): could not receive data: 9
[ 74522][E][WiFiUdp.cpp:221] parsePacket(): could not receive data: 9
[ 74530][E][WiFiUdp.cpp:221] parsePacket(): could not receive data: 9
[ 74538][E][WiFiUdp.cpp:221] parsePacket(): could not receive data: 9
[ 74546][E][WiFiUdp.cpp:221] parsePacket(): could not receive data: 9
[ 74554][E][WiFiUdp.cpp:221] parsePacket(): could not receive data: 9
[ 74562][E][WiFiUdp.cpp:221] parsePacket(): could not receive data: 9
[ 74570][E][WiFiUdp.cpp:221] parsePacket(): could not receive data: 9
[ 74578][E][WiFiUdp.cpp:221] parsePacket(): could not receive data: 9
[ 74586][E][WiFiUdp.cpp:221] parsePacket(): could not receive data: 9
[ 74594][E][WiFiUdp.cpp:221] parsePacket(): could not receive data: 9
[ 74602][E][WiFiUdp.cpp:221] parsePacket(): could not receive data: 9
[ 74610][E][WiFiUdp.cpp:221] parsePacket(): could not receive data: 9
[ 74618][E][WiFiUdp.cpp:221] parsePacket(): could not receive data: 9
[ 74626][E][WiFiUdp.cpp:221] parsePacket(): could not receive data: 9
[ 74634][E][WiFiUdp.cpp:221] parsePacket(): could not receive data: 9
[ 74642][E][WiFiUdp.cpp:221] parsePacket(): could not receive data: 9
[ 74650][E][WiFiUdp.cpp:221] parsePacket(): could not receive data: 9
[ 74658][E][WiFiUdp.cpp:221] parsePacket(): could not receive data: 9
[ 74666][E][WiFiUdp.cpp:221] parsePacket(): could not receive data: 9
[ 74674][E][WiFiUdp.cpp:221] parsePacket(): could not receive data: 9
[ 74682][E][WiFiUdp.cpp:221] parsePacket(): could not receive data: 9
[ 74690][E][WiFiUdp.cpp:221] parsePacket(): could not receive data: 9
[ 74698][E][WiFiUdp.cpp:221] parsePacket(): could not receive data: 9
[ 74706][E][WiFiUdp.cpp:221] parsePacket(): could not receive data: 9
[ 74714][E][WiFiUdp.cpp:221] parsePacket(): could not receive data: 9
[ 74722][E][WiFiUdp.cpp:221] parsePacket(): could not receive data: 9
[ 74730][E][WiFiUdp.cpp:221] parsePacket(): could not receive data: 9
[ 74738][E][WiFiUdp.cpp:221] parsePacket(): could not receive data: 9
[ 74746][E][WiFiUdp.cpp:221] parsePacket(): could not receive data: 9
[ 74754][E][WiFiUdp.cpp:221] parsePacket(): could not receive data: 9
[ 74762][E][WiFiUdp.cpp:221] parsePacket(): could not receive data: 9
[ 74770][E][WiFiUdp.cpp:221] parsePacket(): could not receive data: 9
[ 74778][E][WiFiUdp.cpp:221] parsePacket(): could not receive data: 9
[ 74786][E][WiFiUdp.cpp:221] parsePacket(): could not receive data: 9
[ 74794][E][WiFiUdp.cpp:221] parsePacket(): could not receive data: 9
[ 74802][E][WiFiUdp.cpp:221] parsePacket(): could not receive data: 9
[ 74810][E][WiFiUdp.cpp:221] parsePacket(): could not receive data: 9
[ 74818][E][WiFiUdp.cpp:221] parsePacket(): could not receive data: 9
[ 74826][E][WiFiUdp.cpp:221] parsePacket(): could not receive data: 9
[ 74834][E][WiFiUdp.cpp:221] parsePacket(): could not receive data: 9
[ 74842][E][WiFiUdp.cpp:221] parsePacket(): could not receive data: 9
[ 74850][E][WiFiUdp.cpp:221] parsePacket(): could not receive data: 9
[ 74858][E][WiFiUdp.cpp:221] parsePacket(): could not receive data: 9
[ 74866][E][WiFiUdp.cpp:221] parsePacket(): could not receive data: 9
[ 74874][E][WiFiUdp.cpp:221] parsePacket(): could not receive data: 9
[ 74882][E][WiFiUdp.cpp:221] parsePacket(): could not receive data: 9
[ 74890][E][WiFiUdp.cpp:221] parsePacket(): could not receive data: 9
[ 74898][E][WiFiUdp.cpp:221] parsePacket(): could not receive data: 9
[ 74906][E][WiFiUdp.cpp:221] parsePacket(): could not receive data: 9
[ 74914][E][WiFiUdp.cpp:221] parsePacket(): could not receive data: 9
[ 74922][E][WiFiUdp.cpp:221] parsePacket(): could not receive data: 9
[ 74930][E][WiFiUdp.cpp:221] parsePacket(): could not receive data: 9
[ 74938][E][WiFiUdp.cpp:221] parsePacket(): could not receive data: 9
[ 74946][E][WiFiUdp.cpp:221] parsePacket(): could not receive data: 9
[ 74954][E][WiFiUdp.cpp:221] parsePacket(): could not receive data: 9
[ 74962][E][WiFiUdp.cpp:221] parsePacket(): could not receive data: 9
[ 74970][E][WiFiUdp.cpp:221] parsePacket(): could not receive data: 9
[ 74978][E][WiFiUdp.cpp:221] parsePacket(): could not receive data: 9
[ 74986][E][WiFiUdp.cpp:221] parsePacket(): could not receive data: 9
[ 74994][E][WiFiUdp.cpp:221] parsePacket(): could not receive data: 9
[ 75002][E][WiFiUdp.cpp:221] parsePacket(): could not receive data: 9
[ 75010][E][WiFiUdp.cpp:221] parsePacket(): could not receive data: 9
[ 75018][E][WiFiUdp.cpp:221] parsePacket(): could not receive data: 9
[ 75026][E][WiFiUdp.cpp:221] parsePacket(): could not receive data: 9
[ 75034][E][WiFiUdp.cpp:221] parsePacket(): could not receive data: 9
[ 75042][E][WiFiUdp.cpp:221] parsePacket(): could not receive data: 9
[ 75050][E][WiFiUdp.cpp:221] parsePacket(): could not receive data: 9
[ 75058][E][WiFiUdp.cpp:221] parsePacket(): could not receive data: 9
[ 75066][E][WiFiUdp.cpp:221] parsePacket(): could not receive data: 9
[ 75074][E][WiFiUdp.cpp:221] parsePacket(): could not receive data: 9
[ 75082][E][WiFiUdp.cpp:221] parsePacket(): could not receive data: 9
[ 75090][E][WiFiUdp.cpp:221] parsePacket(): could not receive data: 9
[ 75098][E][WiFiUdp.cpp:221] parsePacket(): could not receive data: 9
[ 75106][E][WiFiUdp.cpp:221] parsePacket(): could not receive data: 9
[ 75114][E][WiFiUdp.cpp:221] parsePacket(): could not receive data: 9
[ 75122][E][WiFiUdp.cpp:221] parsePacket(): could not receive data: 9
[ 75130][E][WiFiUdp.cpp:221] parsePacket(): could not receive data: 9
[ 75138][E][WiFiUdp.cpp:221] parsePacket(): could not receive data: 9
[ 75146][E][WiFiUdp.cpp:221] parsePacket(): could not receive data: 9
[ 75154][E][WiFiUdp.cpp:221] parsePacket(): could not receive data: 9
[ 75162][E][WiFiUdp.cpp:221] parsePacket(): could not receive data: 9
[ 75170][E][WiFiUdp.cpp:221] parsePacket(): could not receive data: 9
[ 75178][E][WiFiUdp.cpp:221] parsePacket(): could not receive data: 9
[ 75186][E][WiFiUdp.cpp:221] parsePacket(): could not receive data: 9
[ 75194][E][WiFiUdp.cpp:221] parsePacket(): could not receive data: 9
[ 75202][E][WiFiUdp.cpp:221] parsePacket(): could not receive data: 9
[ 75210][E][WiFiUdp.cpp:221] parsePacket(): could not receive data: 9
[ 75218][E][WiFiUdp.cpp:221] parsePacket(): could not receive data: 9
[ 75226][E][WiFiUdp.cpp:221] parsePacket(): could not receive data: 9
[ 75234][E][WiFiUdp.cpp:221] parsePacket(): could not receive data: 9
[ 75242][E][WiFiUdp.cpp:221] parsePacket(): could not receive data: 9
[ 75250][E][WiFiUdp.cpp:221] parsePacket(): could not receive data: 9
[ 75258][E][WiFiUdp.cpp:221] parsePacket(): could not receive data: 9
[ 75266][E][WiFiUdp.cpp:221] parsePacket(): could not receive data: 9
[ 75274][E][WiFiUdp.cpp:221] parsePacket(): could not receive data: 9
[ 75282][E][WiFiUdp.cpp:221] parsePacket(): could not receive data: 9
[ 75290][E][WiFiUdp.cpp:221] parsePacket(): could not receive data: 9
[ 75298][E][WiFiUdp.cpp:221] parsePacket(): could not receive data: 9
[ 75306][E][WiFiUdp.cpp:221] parsePacket(): could not receive data: 9
[ 75314][E][WiFiUdp.cpp:221] parsePacket(): could not receive data: 9
[ 75322][E][WiFiUdp.cpp:221] parsePacket(): could not receive data: 9
[ 75330][E][WiFiUdp.cpp:221] parsePacket(): could not receive data: 9
[ 75338][E][WiFiUdp.cpp:221] parsePacket(): could not receive data: 9
[ 75346][E][WiFiUdp.cpp:221] parsePacket(): could not receive data: 9
[ 75354][E][WiFiUdp.cpp:221] parsePacket(): could not receive data: 9
[ 75362][E][WiFiUdp.cpp:221] parsePacket(): could not receive data: 9
[ 75370][E][WiFiUdp.cpp:221] parsePacket(): could not receive data: 9
[ 75378][E][WiFiUdp.cpp:221] parsePacket(): could not receive data: 9
[ 75386][E][WiFiUdp.cpp:221] parsePacket(): could not receive data: 9
[ 75394][E][WiFiUdp.cpp:221] parsePacket(): could not receive data: 9
[ 75402][E][WiFiUdp.cpp:221] parsePacket(): could not receive data: 9
[ 75410][E][WiFiUdp.cpp:221] parsePacket(): could not receive data: 9
[ 75418][E][WiFiUdp.cpp:221] parsePacket(): could not receive data: 9
[ 75426][E][WiFiUdp.cpp:221] parsePacket(): could not receive data: 9
[ 75434][E][WiFiUdp.cpp:221] parsePacket(): could not receive data: 9
[ 75442][E][WiFiUdp.cpp:221] parsePacket(): could not receive data: 9
[ 75450][E][WiFiUdp.cpp:221] parsePacket(): could not receive data: 9
[ 75458][E][WiFiUdp.cpp:221] parsePacket(): could not receive data: 9
[ 75466][E][WiFiUdp.cpp:221] parsePacket(): could not receive data: 9
[ 75474][E][WiFiUdp.cpp:221] parsePacket(): could not receive data: 9
[ 75482][E][WiFiUdp.cpp:221] parsePacket(): could not receive data: 9
[ 75490][E][WiFiUdp.cpp:221] parsePacket(): could not receive data: 9
[ 75498][E][WiFiUdp.cpp:221] parsePacket(): could not receive data: 9
[ 75506][E][WiFiUdp.cpp:221] parsePacket(): could not receive data: 9
[ 75514][E][WiFiUdp.cpp:221] parsePacket(): could not receive data: 9
[ 75522][E][WiFiUdp.cpp:221] parsePacket(): could not receive data: 9
[ 75530][E][WiFiUdp.cpp:221] parsePacket(): could not receive data: 9
[ 75538][E][WiFiUdp.cpp:221] parsePacket(): could not receive data: 9
[ 75546][E][WiFiUdp.cpp:221] parsePacket(): could not receive data: 9
[ 75554][E][WiFiUdp.cpp:221] parsePacket(): could not receive data: 9
[ 75562][E][WiFiUdp.cpp:221] parsePacket(): could not receive data: 9
[ 75570][E][WiFiUdp.cpp:221] parsePacket(): could not receive data: 9
[ 75578][E][WiFiUdp.cpp:221] parsePacket(): could not receive data: 9
[ 75586][E][WiFiUdp.cpp:221] parsePacket(): could not receive data: 9
[ 75594][E][WiFiUdp.cpp:221] parsePacket(): could not receive data: 9
[ 75602][E][WiFiUdp.cpp:221] parsePacket(): could not receive data: 9
[ 75610][E][WiFiUdp.cpp:221] parsePacket(): could not receive data: 9
[ 75618][E][WiFiUdp.cpp:221] parsePacket(): could not receive data: 9
[ 75626][E][WiFiUdp.cpp:221] parsePacket(): could not receive data: 9
[ 75634][E][WiFiUdp.cpp:221] parsePacket(): could not receive data: 9
[ 75642][E][WiFiUdp.cpp:221] parsePacket(): could not receive data: 9
[ 75650][E][WiFiUdp.cpp:221] parsePacket(): could not receive data: 9
[ 75658][E][WiFiUdp.cpp:221] parsePacket(): could not receive data: 9
[ 75666][E][WiFiUdp.cpp:221] parsePacket(): could not receive data: 9
[ 75674][E][WiFiUdp.cpp:221] parsePacket(): could not receive data: 9
[ 75682][E][WiFiUdp.cpp:221] parsePacket(): could not receive data: 9
[ 75690][E][WiFiUdp.cpp:221] parsePacket(): could not receive data: 9
[ 75698][E][WiFiUdp.cpp:221] parsePacket(): could not receive data: 9
[ 75706][E][WiFiUdp.cpp:221] parsePacket(): could not receive data: 9
[ 75714][E][WiFiUdp.cpp:221] parsePacket(): could not receive data: 9
[ 75722][E][WiFiUdp.cpp:221] parsePacket(): could not receive data: 9
[ 75730][E][WiFiUdp.cpp:221] parsePacket(): could not receive data: 9
[ 75738][E][WiFiUdp.cpp:221] parsePacket(): could not receive data: 9
[ 75746][E][WiFiUdp.cpp:221] parsePacket(): could not receive data: 9
[ 75754][E][WiFiUdp.cpp:221] parsePacket(): could not receive data: 9
[ 75762][E][WiFiUdp.cpp:221] parsePacket(): could not receive data: 9
[ 75770][E][WiFiUdp.cpp:221] parsePacket(): could not receive data: 9
[ 75778][E][WiFiUdp.cpp:221] parsePacket(): could not receive data: 9
[ 75786][E][WiFiUdp.cpp:221] parsePacket(): could not receive data: 9
[ 75794][E][WiFiUdp.cpp:221] parsePacket(): could not receive data: 9
[ 75802][E][WiFiUdp.cpp:221] parsePacket(): could not receive data: 9
[ 75810][E][WiFiUdp.cpp:221] parsePacket(): could not receive data: 9
[ 75818][E][WiFiUdp.cpp:221] parsePacket(): could not receive data: 9
[ 75826][E][WiFiUdp.cpp:221] parsePacket(): could not receive data: 9
[ 75834][E][WiFiUdp.cpp:221] parsePacket(): could not receive data: 9
[ 75842][E][WiFiUdp.cpp:221] parsePacket(): could not receive data: 9
[ 75850][E][WiFiUdp.cpp:221] parsePacket(): could not receive data: 9
[ 75858][E][WiFiUdp.cpp:221] parsePacket(): could not receive data: 9
[ 75866][E][WiFiUdp.cpp:221] parsePacket(): could not receive data: 9
[ 75874][E][WiFiUdp.cpp:221] parsePacket(): could not receive data: 9
[ 75882][E][WiFiUdp.cpp:221] parsePacket(): could not receive data: 9
[ 75890][E][WiFiUdp.cpp:221] parsePacket(): could not receive data: 9
[ 75898][E][WiFiUdp.cpp:221] parsePacket(): could not receive data: 9
[ 75906][E][WiFiUdp.cpp:221] parsePacket(): could not receive data: 9
[ 75914][E][WiFiUdp.cpp:221] parsePacket(): could not receive data: 9
[ 75922][E][WiFiUdp.cpp:221] parsePacket(): could not receive data: 9
[ 75930][E][WiFiUdp.cpp:221] parsePacket(): could not receive data: 9
[ 75938][E][WiFiUdp.cpp:221] parsePacket(): could not receive data: 9
[ 75946][E][WiFiUdp.cpp:221] parsePacket(): could not receive data: 9
[ 75954][E][WiFiUdp.cpp:221] parsePacket(): could not receive data: 9
[ 75962][E][WiFiUdp.cpp:221] parsePacket(): could not receive data: 9
[ 75970][E][WiFiUdp.cpp:221] parsePacket(): could not receive data: 9
[ 75978][E][WiFiUdp.cpp:221] parsePacket(): could not receive data: 9
[ 75986][E][WiFiUdp.cpp:221] parsePacket(): could not receive data: 9
[ 75994][E][WiFiUdp.cpp:221] parsePacket(): could not receive data: 9
[ 76002][E][WiFiUdp.cpp:221] parsePacket(): could not receive data: 9
[ 76010][E][WiFiUdp.cpp:221] parsePacket(): could not receive data: 9
[ 76018][E][WiFiUdp.cpp:221] parsePacket(): could not receive data: 9
[ 76026][E][WiFiUdp.cpp:221] parsePacket(): could not receive data: 9
[ 76034][E][WiFiUdp.cpp:221] parsePacket(): could not receive data: 9
[ 76042][E][WiFiUdp.cpp:221] parsePacket(): could not receive data: 9
[ 76050][E][WiFiUdp.cpp:221] parsePacket(): could not receive data: 9
[ 76058][E][WiFiUdp.cpp:221] parsePacket(): could not receive data: 9
[ 76066][E][WiFiUdp.cpp:221] parsePacket(): could not receive data: 9
[ 76074][E][WiFiUdp.cpp:221] parsePacket(): could not receive data: 9
[ 76082][E][WiFiUdp.cpp:221] parsePacket(): could not receive data: 9
[ 76090][E][WiFiUdp.cpp:221] parsePacket(): could not receive data: 9
[ 76098][E][WiFiUdp.cpp:221] parsePacket(): could not receive data: 9
[ 76106][E][WiFiUdp.cpp:221] parsePacket(): could not receive data: 9
[ 76114][E][WiFiUdp.cpp:221] parsePacket(): could not receive data: 9
[ 76122][E][WiFiUdp.cpp:221] parsePacket(): could not receive data: 9
[ 76130][E][WiFiUdp.cpp:221] parsePacket(): could not receive data: 9
[ 76138][E][WiFiUdp.cpp:221] parsePacket(): could not receive data: 9
[ 76146][E][WiFiUdp.cpp:221] parsePacket(): could not receive data: 9
[ 76154][E][WiFiUdp.cpp:221] parsePacket(): could not receive data: 9
[ 76162][E][WiFiUdp.cpp:221] parsePacket(): could not receive data: 9
[ 76170][E][WiFiUdp.cpp:221] parsePacket(): could not receive data: 9
[ 76178][E][WiFiUdp.cpp:221] parsePacket(): could not receive data: 9
[ 76186][E][WiFiUdp.cpp:221] parsePacket(): could not receive data: 9
[ 76194][E][WiFiUdp.cpp:221] parsePacket(): could not receive data: 9
[ 76202][E][WiFiUdp.cpp:221] parsePacket(): could not receive data: 9
[ 76210][E][WiFiUdp.cpp:221] parsePacket(): could not receive data: 9
[ 76218][E][WiFiUdp.cpp:221] parsePacket(): could not receive data: 9
[ 76226][E][WiFiUdp.cpp:221] parsePacket(): could not receive data: 9
[ 76234][E][WiFiUdp.cpp:221] parsePacket(): could not receive data: 9
[ 76242][E][WiFiUdp.cpp:221] parsePacket(): could not receive data: 9
[ 76250][E][WiFiUdp.cpp:221] parsePacket(): could not receive data: 9
[ 76258][E][WiFiUdp.cpp:221] parsePacket(): could not receive data: 9
[ 76266][E][WiFiUdp.cpp:221] parsePacket(): could not receive data: 9
[ 76274][E][WiFiUdp.cpp:221] parsePacket(): could not receive data: 9
[ 76282][E][WiFiUdp.cpp:221] parsePacket(): could not receive data: 9
[ 76290][E][WiFiUdp.cpp:221] parsePacket(): could not receive data: 9
[ 76298][E][WiFiUdp.cpp:221] parsePacket(): could not receive data: 9
[ 76306][E][WiFiUdp.cpp:221] parsePacket(): could not receive data: 9
[ 76314][E][WiFiUdp.cpp:221] parsePacket(): could not receive data: 9
[ 76322][E][WiFiUdp.cpp:221] parsePacket(): could not receive data: 9
[ 76330][E][WiFiUdp.cpp:221] parsePacket(): could not receive data: 9
[ 76338][E][WiFiUdp.cpp:221] parsePacket(): could not receive data: 9
[ 76346][E][WiFiUdp.cpp:221] parsePacket(): could not receive data: 9
[ 76354][E][WiFiUdp.cpp:221] parsePacket(): could not receive data: 9
[ 76362][E][WiFiUdp.cpp:221] parsePacket(): could not receive data: 9
[ 76370][E][WiFiUdp.cpp:221] parsePacket(): could not receive data: 9
[ 76378][E][WiFiUdp.cpp:221] parsePacket(): could not receive data: 9
[ 76386][E][WiFiUdp.cpp:221] parsePacket(): could not receive data: 9
[ 76394][E][WiFiUdp.cpp:221] parsePacket(): could not receive data: 9
[ 76402][E][WiFiUdp.cpp:221] parsePacket(): could not receive data: 9
[ 76410][E][WiFiUdp.cpp:221] parsePacket(): could not receive data: 9
[ 76418][E][WiFiUdp.cpp:221] parsePacket(): could not receive data: 9
[ 76426][E][WiFiUdp.cpp:221] parsePacket(): could not receive data: 9
[ 76434][E][WiFiUdp.cpp:221] parsePacket(): could not receive data: 9
[ 76442][E][WiFiUdp.cpp:221] parsePacket(): could not receive data: 9
[ 76450][E][WiFiUdp.cpp:221] parsePacket(): could not receive data: 9
[ 76458][E][WiFiUdp.cpp:221] parsePacket(): could not receive data: 9
[ 76466][E][WiFiUdp.cpp:221] parsePacket(): could not receive data: 9
[ 76474][E][WiFiUdp.cpp:221] parsePacket(): could not receive data: 9
[ 76482][E][WiFiUdp.cpp:221] parsePacket(): could not receive data: 9
[ 76490][E][WiFiUdp.cpp:221] parsePacket(): could not receive data: 9
[ 76498][E][WiFiUdp.cpp:221] parsePacket(): could not receive data: 9
[ 76506][E][WiFiUdp.cpp:221] parsePacket(): could not receive data: 9
[ 76514][E][WiFiUdp.cpp:221] parsePacket(): could not receive data: 9
[ 76522][E][WiFiUdp.cpp:221] parsePacket(): could not receive data: 9
[ 76530][E][WiFiUdp.cpp:221] parsePacket(): could not receive data: 9
[ 76538][E][WiFiUdp.cpp:221] parsePacket(): could not receive data: 9
[ 76546][E][WiFiUdp.cpp:221] parsePacket(): could not receive data: 9
[ 76554][E][WiFiUdp.cpp:221] parsePacket(): could not receive data: 9
[ 76562][E][WiFiUdp.cpp:221] parsePacket(): could not receive data: 9
[ 76570][E][WiFiUdp.cpp:221] parsePacket(): could not receive data: 9
[ 76578][E][WiFiUdp.cpp:221] parsePacket(): could not receive data: 9
[ 76586][E][WiFiUdp.cpp:221] parsePacket(): could not receive data: 9
[ 76594][E][WiFiUdp.cpp:221] parsePacket(): could not receive data: 9
[ 76602][E][WiFiUdp.cpp:221] parsePacket(): could not receive data: 9
[ 76610][E][WiFiUdp.cpp:221] parsePacket(): could not receive data: 9
[ 76618][E][WiFiUdp.cpp:221] parsePacket(): could not receive data: 9
[ 76626][E][WiFiUdp.cpp:221] parsePacket(): could not receive data: 9
[ 76634][E][WiFiUdp.cpp:221] parsePacket(): could not receive data: 9
[ 76642][E][WiFiUdp.cpp:221] parsePacket(): could not receive data: 9
[ 76650][E][WiFiUdp.cpp:221] parsePacket(): could not receive data: 9
[ 76658][E][WiFiUdp.cpp:221] parsePacket(): could not receive data: 9
[ 76666][E][WiFiUdp.cpp:221] parsePacket(): could not receive data: 9
[ 76674][E][WiFiUdp.cpp:221] parsePacket(): could not receive data: 9
[ 76682][E][WiFiUdp.cpp:221] parsePacket(): could not receive data: 9
[ 76690][E][WiFiUdp.cpp:221] parsePacket(): could not receive data: 9
[ 76698][E][WiFiUdp.cpp:221] parsePacket(): could not receive data: 9
[ 76706][E][WiFiUdp.cpp:221] parsePacket(): could not receive data: 9
[ 76714][E][WiFiUdp.cpp:221] parsePacket(): could not receive data: 9
No Sensor found on bus! Rescanning...
No Sensor found on bus! Rescanning...
[ 77027][E][WiFiUdp.cpp:221] parsePacket(): could not receive data: 9
[ 77035][E][WiFiUdp.cpp:221] parsePacket(): could not receive data: 9
[ 77043][E][WiFiUdp.cpp:221] parsePacket(): could not receive data: 9
[ 77051][E][WiFiUdp.cpp:221] parsePacket(): could not receive data: 9
[ 77059][E][WiFiUdp.cpp:221] parsePacket(): could not receive data: 9
[ 77067][E][WiFiUdp.cpp:221] parsePacket(): could not receive data: 9
[ 77075][E][WiFiUdp.cpp:221] parsePacket(): could not receive data: 9
[ 77083][E][WiFiUdp.cpp:221] parsePacket(): could not receive data: 9
[ 77091][E][WiFiUdp.cpp:221] parsePacket(): could not receive data: 9
[ 77099][E][WiFiUdp.cpp:221] parsePacket(): could not receive data: 9
[ 77107][E][WiFiUdp.cpp:221] parsePacket(): could not receive data: 9
[ 77115][E][WiFiUdp.cpp:221] parsePacket(): could not receive data: 9
[ 77123][E][WiFiUdp.cpp:221] parsePacket(): could not receive data: 9
[ 77131][E][WiFiUdp.cpp:221] parsePacket(): could not receive data: 9
[ 77139][E][WiFiUdp.cpp:221] parsePacket(): could not receive data: 9
[ 77147][E][WiFiUdp.cpp:221] parsePacket(): could not receive data: 9
[ 77155][E][WiFiUdp.cpp:221] parsePacket(): could not receive data: 9
[ 77163][E][WiFiUdp.cpp:221] parsePacket(): could not receive data: 9
[ 77171][E][WiFiUdp.cpp:221] parsePacket(): could not receive data: 9
[ 77179][E][WiFiUdp.cpp:221] parsePacket(): could not receive data: 9
[ 77187][E][WiFiUdp.cpp:221] parsePacket(): could not receive data: 9
[ 77195][E][WiFiUdp.cpp:221] parsePacket(): could not receive data: 9
[ 77203][E][WiFiUdp.cpp:221] parsePacket(): could not receive data: 9
[ 77211][E][WiFiUdp.cpp:221] parsePacket(): could not receive data: 9
[ 77219][E][WiFiUdp.cpp:221] parsePacket(): could not receive data: 9
[ 77227][E][WiFiUdp.cpp:221] parsePacket(): could not receive data: 9
[ 77235][E][WiFiUdp.cpp:221] parsePacket(): could not receive data: 9
[ 77243][E][WiFiUdp.cpp:221] parsePacket(): could not receive data: 9
[ 77251][E][WiFiUdp.cpp:221] parsePacket(): could not receive data: 9
[ 77259][E][WiFiUdp.cpp:221] parsePacket(): could not receive data: 9
[ 77267][E][WiFiUdp.cpp:221] parsePacket(): could not receive data: 9
[ 77275][E][WiFiUdp.cpp:221] parsePacket(): could not receive data: 9
[ 77283][E][WiFiUdp.cpp:221] parsePacket(): could not receive data: 9
[ 77291][E][WiFiUdp.cpp:221] parsePacket(): could not receive data: 9
[ 77299][E][WiFiUdp.cpp:221] parsePacket(): could not receive data: 9
[ 77307][E][WiFiUdp.cpp:221] parsePacket(): could not receive data: 9
[ 77315][E][WiFiUdp.cpp:221] parsePacket(): could not receive data: 9
[ 77323][E][WiFiUdp.cpp:221] parsePacket(): could not receive data: 9
[ 77331][E][WiFiUdp.cpp:221] parsePacket(): could not receive data: 9
[ 77339][E][WiFiUdp.cpp:221] parsePacket(): could not receive data: 9
[ 77347][E][WiFiUdp.cpp:221] parsePacket(): could not receive data: 9
[ 77355][E][WiFiUdp.cpp:221] parsePacket(): could not receive data: 9
[ 77363][E][WiFiUdp.cpp:221] parsePacket(): could not receive data: 9
[ 77371][E][WiFiUdp.cpp:221] parsePacket(): could not receive data: 9
[ 77379][E][WiFiUdp.cpp:221] parsePacket(): could not receive data: 9
[ 77387][E][WiFiUdp.cpp:221] parsePacket(): could not receive data: 9
[ 77395][E][WiFiUdp.cpp:221] parsePacket(): could not receive data: 9
[ 77403][E][WiFiUdp.cpp:221] parsePacket(): could not receive data: 9
[ 77411][E][WiFiUdp.cpp:221] parsePacket(): could not receive data: 9
[ 77419][E][WiFiUdp.cpp:221] parsePacket(): could not receive data: 9
[ 77427][E][WiFiUdp.cpp:221] parsePacket(): could not receive data: 9
[ 77435][E][WiFiUdp.cpp:221] parsePacket(): could not receive data: 9
[ 77443][E][WiFiUdp.cpp:221] parsePacket(): could not receive data: 9
[ 77451][E][WiFiUdp.cpp:221] parsePacket(): could not receive data: 9
[ 77459][E][WiFiUdp.cpp:221] parsePacket(): could not receive data: 9
[ 77467][E][WiFiUdp.cpp:221] parsePacket(): could not receive data: 9
[ 77475][E][WiFiUdp.cpp:221] parsePacket(): could not receive data: 9
[ 77483][E][WiFiUdp.cpp:221] parsePacket(): could not receive data: 9
[ 77491][E][WiFiUdp.cpp:221] parsePacket(): could not receive data: 9
[ 77499][E][WiFiUdp.cpp:221] parsePacket(): could not receive data: 9
[ 77507][E][WiFiUdp.cpp:221] parsePacket(): could not receive data: 9
[ 77515][E][WiFiUdp.cpp:221] parsePacket(): could not receive data: 9
[ 77523][E][WiFiUdp.cpp:221] parsePacket(): could not receive data: 9
[ 77531][E][WiFiUdp.cpp:221] parsePacket(): could not receive data: 9
[ 77539][E][WiFiUdp.cpp:221] parsePacket(): could not receive data: 9
[ 77547][E][WiFiUdp.cpp:221] parsePacket(): could not receive data: 9
[ 77555][E][WiFiUdp.cpp:221] parsePacket(): could not receive data: 9
[ 77563][E][WiFiUdp.cpp:221] parsePacket(): could not receive data: 9
[ 77571][E][WiFiUdp.cpp:221] parsePacket(): could not receive data: 9
[ 77579][E][WiFiUdp.cpp:221] parsePacket(): could not receive data: 9
[ 77587][E][WiFiUdp.cpp:221] parsePacket(): could not receive data: 9
[ 77595][E][WiFiUdp.cpp:221] parsePacket(): could not receive data: 9
[ 77603][E][WiFiUdp.cpp:221] parsePacket(): could not receive data: 9
[ 77611][E][WiFiUdp.cpp:221] parsePacket(): could not receive data: 9
[ 77619][E][WiFiUdp.cpp:221] parsePacket(): could not receive data: 9
[ 77627][E][WiFiUdp.cpp:221] parsePacket(): could not receive data: 9
[ 77635][E][WiFiUdp.cpp:221] parsePacket(): could not receive data: 9
[ 77643][E][WiFiUdp.cpp:221] parsePacket(): could not receive data: 9
[ 77651][E][WiFiUdp.cpp:221] parsePacket(): could not receive data: 9
[ 77659][E][WiFiUdp.cpp:221] parsePacket(): could not receive data: 9
[ 77667][E][WiFiUdp.cpp:221] parsePacket(): could not receive data: 9
[ 77675][E][WiFiUdp.cpp:221] parsePacket(): could not receive data: 9
[ 77683][E][WiFiUdp.cpp:221] parsePacket(): could not receive data: 9
[ 77691][E][WiFiUdp.cpp:221] parsePacket(): could not receive data: 9
[ 77699][E][WiFiUdp.cpp:221] parsePacket(): could not receive data: 9
[ 77707][E][WiFiUdp.cpp:221] parsePacket(): could not receive data: 9
[ 77715][E][WiFiUdp.cpp:221] parsePacket(): could not receive data: 9
[ 77723][E][WiFiUdp.cpp:221] parsePacket(): could not receive data: 9
[ 77731][E][WiFiUdp.cpp:221] parsePacket(): could not receive data: 9
[ 77739][E][WiFiUdp.cpp:221] parsePacket(): could not receive data: 9
[ 77747][E][WiFiUdp.cpp:221] parsePacket(): could not receive data: 9
[ 77755][E][WiFiUdp.cpp:221] parsePacket(): could not receive data: 9
[ 77763][E][WiFiUdp.cpp:221] parsePacket(): could not receive data: 9
[ 77771][E][WiFiUdp.cpp:221] parsePacket(): could not receive data: 9
[ 77779][E][WiFiUdp.cpp:221] parsePacket(): could not receive data: 9
[ 77787][E][WiFiUdp.cpp:221] parsePacket(): could not receive data: 9
[ 77795][E][WiFiUdp.cpp:221] parsePacket(): could not receive data: 9
[ 77803][E][WiFiUdp.cpp:221] parsePacket(): could not receive data: 9
[ 77811][E][WiFiUdp.cpp:221] parsePacket(): could not receive data: 9
[ 77819][E][WiFiUdp.cpp:221] parsePacket(): could not receive data: 9
[ 77827][E][WiFiUdp.cpp:221] parsePacket(): could not receive data: 9
[ 77835][E][WiFiUdp.cpp:221] parsePacket(): could not receive data: 9
[ 77843][E][WiFiUdp.cpp:221] parsePacket(): could not receive data: 9
[ 77851][E][WiFiUdp.cpp:221] parsePacket(): could not receive data: 9
[ 77859][E][WiFiUdp.cpp:221] parsePacket(): could not receive data: 9
[ 77867][E][WiFiUdp.cpp:221] parsePacket(): could not receive data: 9
[ 77875][E][WiFiUdp.cpp:221] parsePacket(): could not receive data: 9
[ 77883][E][WiFiUdp.cpp:221] parsePacket(): could not receive data: 9
[ 77891][E][WiFiUdp.cpp:221] parsePacket(): could not receive data: 9
[ 77899][E][WiFiUdp.cpp:221] parsePacket(): could not receive data: 9
[ 77907][E][WiFiUdp.cpp:221] parsePacket(): could not receive data: 9
[ 77915][E][WiFiUdp.cpp:221] parsePacket(): could not receive data: 9
[ 77923][E][WiFiUdp.cpp:221] parsePacket(): could not receive data: 9
[ 77931][E][WiFiUdp.cpp:221] parsePacket(): could not receive data: 9
[ 77939][E][WiFiUdp.cpp:221] parsePacket(): could not receive data: 9
[ 77947][E][WiFiUdp.cpp:221] parsePacket(): could not receive data: 9
[ 77955][E][WiFiUdp.cpp:221] parsePacket(): could not receive data: 9
[ 77963][E][WiFiUdp.cpp:221] parsePacket(): could not receive data: 9
[ 77971][E][WiFiUdp.cpp:221] parsePacket(): could not receive data: 9
[ 77979][E][WiFiUdp.cpp:221] parsePacket(): could not receive data: 9
[ 77987][E][WiFiUdp.cpp:221] parsePacket(): could not receive data: 9
[ 77995][E][WiFiUdp.cpp:221] parsePacket(): could not receive data: 9
[ 78003][E][WiFiUdp.cpp:221] parsePacket(): could not receive data: 9
[ 78011][E][WiFiUdp.cpp:221] parsePacket(): could not receive data: 9
[ 78019][E][WiFiUdp.cpp:221] parsePacket(): could not receive data: 9
[ 78027][E][WiFiUdp.cpp:221] parsePacket(): could not receive data: 9
[ 78035][E][WiFiUdp.cpp:221] parsePacket(): could not receive data: 9
[ 78043][E][WiFiUdp.cpp:221] parsePacket(): could not receive data: 9
[ 78051][E][WiFiUdp.cpp:221] parsePacket(): could not receive data: 9
[ 78059][E][WiFiUdp.cpp:221] parsePacket(): could not receive data: 9
[ 78067][E][WiFiUdp.cpp:221] parsePacket(): could not receive data: 9
[ 78075][E][WiFiUdp.cpp:221] parsePacket(): could not receive data: 9
[ 78083][E][WiFiUdp.cpp:221] parsePacket(): could not receive data: 9
[ 78091][E][WiFiUdp.cpp:221] parsePacket(): could not receive data: 9
[ 78099][E][WiFiUdp.cpp:221] parsePacket(): could not receive data: 9
[ 78107][E][WiFiUdp.cpp:221] parsePacket(): could not receive data: 9
[ 78115][E][WiFiUdp.cpp:221] parsePacket(): could not receive data: 9
[ 78123][E][WiFiUdp.cpp:221] parsePacket(): could not receive data: 9
[ 78131][E][WiFiUdp.cpp:221] parsePacket(): could not receive data: 9
[ 78139][E][WiFiUdp.cpp:221] parsePacket(): could not receive data: 9
[ 78147][E][WiFiUdp.cpp:221] parsePacket(): could not receive data: 9
[ 78155][E][WiFiUdp.cpp:221] parsePacket(): could not receive data: 9
[ 78163][E][WiFiUdp.cpp:221] parsePacket(): could not receive data: 9
[ 78171][E][WiFiUdp.cpp:221] parsePacket(): could not receive data: 9
[ 78179][E][WiFiUdp.cpp:221] parsePacket(): could not receive data: 9
[ 78187][E][WiFiUdp.cpp:221] parsePacket(): could not receive data: 9
[ 78195][E][WiFiUdp.cpp:221] parsePacket(): could not receive data: 9
[ 78203][E][WiFiUdp.cpp:221] parsePacket(): could not receive data: 9
[ 78211][E][WiFiUdp.cpp:221] parsePacket(): could not receive data: 9
[ 78219][E][WiFiUdp.cpp:221] parsePacket(): could not receive data: 9
[ 78227][E][WiFiUdp.cpp:221] parsePacket(): could not receive data: 9
[ 78235][E][WiFiUdp.cpp:221] parsePacket(): could not receive data: 9
[ 78243][E][WiFiUdp.cpp:221] parsePacket(): could not receive data: 9
[ 78251][E][WiFiUdp.cpp:221] parsePacket(): could not receive data: 9
[ 78259][E][WiFiUdp.cpp:221] parsePacket(): could not receive data: 9
[ 78267][E][WiFiUdp.cpp:221] parsePacket(): could not receive data: 9
[ 78275][E][WiFiUdp.cpp:221] parsePacket(): could not receive data: 9
[ 78283][E][WiFiUdp.cpp:221] parsePacket(): could not receive data: 9
[ 78291][E][WiFiUdp.cpp:221] parsePacket(): could not receive data: 9
[ 78299][E][WiFiUdp.cpp:221] parsePacket(): could not receive data: 9
[ 78307][E][WiFiUdp.cpp:221] parsePacket(): could not receive data: 9
[ 78315][E][WiFiUdp.cpp:221] parsePacket(): could not receive data: 9
[ 78323][E][WiFiUdp.cpp:221] parsePacket(): could not receive data: 9
[ 78331][E][WiFiUdp.cpp:221] parsePacket(): could not receive data: 9
[ 78339][E][WiFiUdp.cpp:221] parsePacket(): could not receive data: 9
[ 78347][E][WiFiUdp.cpp:221] parsePacket(): could not receive data: 9
[ 78355][E][WiFiUdp.cpp:221] parsePacket(): could not receive data: 9
[ 78363][E][WiFiUdp.cpp:221] parsePacket(): could not receive data: 9
[ 78371][E][WiFiUdp.cpp:221] parsePacket(): could not receive data: 9
[ 78379][E][WiFiUdp.cpp:221] parsePacket(): could not receive data: 9
[ 78387][E][WiFiUdp.cpp:221] parsePacket(): could not receive data: 9
[ 78395][E][WiFiUdp.cpp:221] parsePacket(): could not receive data: 9
[ 78403][E][WiFiUdp.cpp:221] parsePacket(): could not receive data: 9
[ 78411][E][WiFiUdp.cpp:221] parsePacket(): could not receive data: 9
[ 78419][E][WiFiUdp.cpp:221] parsePacket(): could not receive data: 9
[ 78427][E][WiFiUdp.cpp:221] parsePacket(): could not receive data: 9
[ 78435][E][WiFiUdp.cpp:221] parsePacket(): could not receive data: 9
[ 78443][E][WiFiUdp.cpp:221] parsePacket(): could not receive data: 9
[ 78451][E][WiFiUdp.cpp:221] parsePacket(): could not receive data: 9
[ 78459][E][WiFiUdp.cpp:221] parsePacket(): could not receive data: 9
[ 78467][E][WiFiUdp.cpp:221] parsePacket(): could not receive data: 9
[ 78475][E][WiFiUdp.cpp:221] parsePacket(): could not receive data: 9
[ 78483][E][WiFiUdp.cpp:221] parsePacket(): could not receive data: 9
[ 78491][E][WiFiUdp.cpp:221] parsePacket(): could not receive data: 9
[ 78499][E][WiFiUdp.cpp:221] parsePacket(): could not receive data: 9
[ 78507][E][WiFiUdp.cpp:221] parsePacket(): could not receive data: 9
[ 78515][E][WiFiUdp.cpp:221] parsePacket(): could not receive data: 9
[ 78523][E][WiFiUdp.cpp:221] parsePacket(): could not receive data: 9
[ 78531][E][WiFiUdp.cpp:221] parsePacket(): could not receive data: 9
[ 78539][E][WiFiUdp.cpp:221] parsePacket(): could not receive data: 9
[ 78547][E][WiFiUdp.cpp:221] parsePacket(): could not receive data: 9
[ 78555][E][WiFiUdp.cpp:221] parsePacket(): could not receive data: 9
[ 78563][E][WiFiUdp.cpp:221] parsePacket(): could not receive data: 9
[ 78571][E][WiFiUdp.cpp:221] parsePacket(): could not receive data: 9
[ 78579][E][WiFiUdp.cpp:221] parsePacket(): could not receive data: 9
[ 78587][E][WiFiUdp.cpp:221] parsePacket(): could not receive data: 9
[ 78595][E][WiFiUdp.cpp:221] parsePacket(): could not receive data: 9
[ 78603][E][WiFiUdp.cpp:221] parsePacket(): could not receive data: 9
[ 78611][E][WiFiUdp.cpp:221] parsePacket(): could not receive data: 9
[ 78619][E][WiFiUdp.cpp:221] parsePacket(): could not receive data: 9
[ 78627][E][WiFiUdp.cpp:221] parsePacket(): could not receive data: 9
[ 78635][E][WiFiUdp.cpp:221] parsePacket(): could not receive data: 9
[ 78643][E][WiFiUdp.cpp:221] parsePacket(): could not receive data: 9
[ 78651][E][WiFiUdp.cpp:221] parsePacket(): could not receive data: 9
[ 78659][E][WiFiUdp.cpp:221] parsePacket(): could not receive data: 9
[ 78667][E][WiFiUdp.cpp:221] parsePacket(): could not receive data: 9
[ 78675][E][WiFiUdp.cpp:221] parsePacket(): could not receive data: 9
[ 78683][E][WiFiUdp.cpp:221] parsePacket(): could not receive data: 9
[ 78691][E][WiFiUdp.cpp:221] parsePacket(): could not receive data: 9
[ 78699][E][WiFiUdp.cpp:221] parsePacket(): could not receive data: 9
[ 78707][E][WiFiUdp.cpp:221] parsePacket(): could not receive data: 9
[ 78715][E][WiFiUdp.cpp:221] parsePacket(): could not receive data: 9
[ 78723][E][WiFiUdp.cpp:221] parsePacket(): could not receive data: 9
[ 78731][E][WiFiUdp.cpp:221] parsePacket(): could not receive data: 9
[ 78739][E][WiFiUdp.cpp:221] parsePacket(): could not receive data: 9
[ 78747][E][WiFiUdp.cpp:221] parsePacket(): could not receive data: 9
[ 78755][E][WiFiUdp.cpp:221] parsePacket(): could not receive data: 9
[ 78763][E][WiFiUdp.cpp:221] parsePacket(): could not receive data: 9
[ 78771][E][WiFiUdp.cpp:221] parsePacket(): could not receive data: 9
[ 78779][E][WiFiUdp.cpp:221] parsePacket(): could not receive data: 9
[ 78787][E][WiFiUdp.cpp:221] parsePacket(): could not receive data: 9
[ 78795][E][WiFiUdp.cpp:221] parsePacket(): could not receive data: 9
[ 78803][E][WiFiUdp.cpp:221] parsePacket(): could not receive data: 9
[ 78811][E][WiFiUdp.cpp:221] parsePacket(): could not receive data: 9
[ 78819][E][WiFiUdp.cpp:221] parsePacket(): could not receive data: 9
[ 78827][E][WiFiUdp.cpp:221] parsePacket(): could not receive data: 9
[ 78835][E][WiFiUdp.cpp:221] parsePacket(): could not receive data: 9
[ 78843][E][WiFiUdp.cpp:221] parsePacket(): could not receive data: 9
[ 78851][E][WiFiUdp.cpp:221] parsePacket(): could not receive data: 9
[ 78859][E][WiFiUdp.cpp:221] parsePacket(): could not receive data: 9
[ 78867][E][WiFiUdp.cpp:221] parsePacket(): could not receive data: 9
[ 78875][E][WiFiUdp.cpp:221] parsePacket(): could not receive data: 9
[ 78883][E][WiFiUdp.cpp:221] parsePacket(): could not receive data: 9
[ 78891][E][WiFiUdp.cpp:221] parsePacket(): could not receive data: 9
[ 78899][E][WiFiUdp.cpp:221] parsePacket(): could not receive data: 9
[ 78907][E][WiFiUdp.cpp:221] parsePacket(): could not receive data: 9
[ 78915][E][WiFiUdp.cpp:221] parsePacket(): could not receive data: 9
[ 78923][E][WiFiUdp.cpp:221] parsePacket(): could not receive data: 9
[ 78931][E][WiFiUdp.cpp:221] parsePacket(): could not receive data: 9
[ 78939][E][WiFiUdp.cpp:221] parsePacket(): could not receive data: 9
[ 78947][E][WiFiUdp.cpp:221] parsePacket(): could not receive data: 9
[ 78955][E][WiFiUdp.cpp:221] parsePacket(): could not receive data: 9
[ 78963][E][WiFiUdp.cpp:221] parsePacket(): could not receive data: 9
[ 78971][E][WiFiUdp.cpp:221] parsePacket(): could not receive data: 9
[ 78979][E][WiFiUdp.cpp:221] parsePacket(): could not receive data: 9
[ 78987][E][WiFiUdp.cpp:221] parsePacket(): could not receive data: 9
[ 78995][E][WiFiUdp.cpp:221] parsePacket(): could not receive data: 9
[ 79003][E][WiFiUdp.cpp:221] parsePacket(): could not receive data: 9
[ 79011][E][WiFiUdp.cpp:221] parsePacket(): could not receive data: 9
[ 79019][E][WiFiUdp.cpp:221] parsePacket(): could not receive data: 9
[ 79027][E][WiFiUdp.cpp:221] parsePacket(): could not receive data: 9
[ 79035][E][WiFiUdp.cpp:221] parsePacket(): could not receive data: 9
[ 79043][E][WiFiUdp.cpp:221] parsePacket(): could not receive data: 9
[ 79051][E][WiFiUdp.cpp:221] parsePacket(): could not receive data: 9
[ 79059][E][WiFiUdp.cpp:221] parsePacket(): could not receive data: 9
[ 79067][E][WiFiUdp.cpp:221] parsePacket(): could not receive data: 9
[ 79075][E][WiFiUdp.cpp:221] parsePacket(): could not receive data: 9
[ 79083][E][WiFiUdp.cpp:221] parsePacket(): could not receive data: 9
[ 79091][E][WiFiUdp.cpp:221] parsePacket(): could not receive data: 9
[ 79099][E][WiFiUdp.cpp:221] parsePacket(): could not receive data: 9
[ 79107][E][WiFiUdp.cpp:221] parsePacket(): could not receive data: 9
[ 79115][E][WiFiUdp.cpp:221] parsePacket(): could not receive data: 9
[ 79123][E][WiFiUdp.cpp:221] parsePacket(): could not receive data: 9
[ 79131][E][WiFiUdp.cpp:221] parsePacket(): could not receive data: 9
[ 79139][E][WiFiUdp.cpp:221] parsePacket(): could not receive data: 9
[ 79147][E][WiFiUdp.cpp:221] parsePacket(): could not receive data: 9
[ 79155][E][WiFiUdp.cpp:221] parsePacket(): could not receive data: 9
[ 79163][E][WiFiUdp.cpp:221] parsePacket(): could not receive data: 9
[ 79171][E][WiFiUdp.cpp:221] parsePacket(): could not receive data: 9
[ 79179][E][WiFiUdp.cpp:221] parsePacket(): could not receive data: 9
[ 79187][E][WiFiUdp.cpp:221] parsePacket(): could not receive data: 9
[ 79195][E][WiFiUdp.cpp:221] parsePacket(): could not receive data: 9
[ 79203][E][WiFiUdp.cpp:221] parsePacket(): could not receive data: 9
[ 79211][E][WiFiUdp.cpp:221] parsePacket(): could not receive data: 9
[ 79219][E][WiFiUdp.cpp:221] parsePacket(): could not receive data: 9
[ 79227][E][WiFiUdp.cpp:221] parsePacket(): could not receive data: 9
[ 79235][E][WiFiUdp.cpp:221] parsePacket(): could not receive data: 9
[ 79243][E][WiFiUdp.cpp:221] parsePacket(): could not receive data: 9
[ 79251][E][WiFiUdp.cpp:221] parsePacket(): could not receive data: 9
[ 79259][E][WiFiUdp.cpp:221] parsePacket(): could not receive data: 9
[ 79267][E][WiFiUdp.cpp:221] parsePacket(): could not receive data: 9
[ 79275][E][WiFiUdp.cpp:221] parsePacket(): could not receive data: 9
[ 79283][E][WiFiUdp.cpp:221] parsePacket(): could not receive data: 9
[ 79291][E][WiFiUdp.cpp:221] parsePacket(): could not receive data: 9
[ 79299][E][WiFiUdp.cpp:221] parsePacket(): could not receive data: 9
[ 79307][E][WiFiUdp.cpp:221] parsePacket(): could not receive data: 9
[ 79315][E][WiFiUdp.cpp:221] parsePacket(): could not receive data: 9
[ 79323][E][WiFiUdp.cpp:221] parsePacket(): could not receive data: 9
[ 79331][E][WiFiUdp.cpp:221] parsePacket(): could not receive data: 9
[ 79339][E][WiFiUdp.cpp:221] parsePacket(): could not receive data: 9
[ 79347][E][WiFiUdp.cpp:221] parsePacket(): could not receive data: 9
[ 79355][E][WiFiUdp.cpp:221] parsePacket(): could not receive data: 9
[ 79363][E][WiFiUdp.cpp:221] parsePacket(): could not receive data: 9
[ 79371][E][WiFiUdp.cpp:221] parsePacket(): could not receive data: 9
[ 79379][E][WiFiUdp.cpp:221] parsePacket(): could not receive data: 9
[ 79387][E][WiFiUdp.cpp:221] parsePacket(): could not receive data: 9
[ 79395][E][WiFiUdp.cpp:221] parsePacket(): could not receive data: 9
[ 79403][E][WiFiUdp.cpp:221] parsePacket(): could not receive data: 9
[ 79411][E][WiFiUdp.cpp:221] parsePacket(): could not receive data: 9
[ 79419][E][WiFiUdp.cpp:221] parsePacket(): could not receive data: 9
[ 79427][E][WiFiUdp.cpp:221] parsePacket(): could not receive data: 9
[ 79435][E][WiFiUdp.cpp:221] parsePacket(): could not receive data: 9
[ 79443][E][WiFiUdp.cpp:221] parsePacket(): could not receive data: 9
[ 79451][E][WiFiUdp.cpp:221] parsePacket(): could not receive data: 9
[ 79459][E][WiFiUdp.cpp:221] parsePacket(): could not receive data: 9
[ 79467][E][WiFiUdp.cpp:221] parsePacket(): could not receive data: 9
[ 79475][E][WiFiUdp.cpp:221] parsePacket(): could not receive data: 9
[ 79483][E][WiFiUdp.cpp:221] parsePacket(): could not receive data: 9
[ 79491][E][WiFiUdp.cpp:221] parsePacket(): could not receive data: 9
[ 79499][E][WiFiUdp.cpp:221] parsePacket(): could not receive data: 9
[ 79507][E][WiFiUdp.cpp:221] parsePacket(): could not receive data: 9
[ 79515][E][WiFiUdp.cpp:221] parsePacket(): could not receive data: 9
[ 79523][E][WiFiUdp.cpp:221] parsePacket(): could not receive data: 9
[ 79531][E][WiFiUdp.cpp:221] parsePacket(): could not receive data: 9
[ 79539][E][WiFiUdp.cpp:221] parsePacket(): could not receive data: 9
[ 79547][E][WiFiUdp.cpp:221] parsePacket(): could not receive data: 9
[ 79555][E][WiFiUdp.cpp:221] parsePacket(): could not receive data: 9
[ 79563][E][WiFiUdp.cpp:221] parsePacket(): could not receive data: 9
[ 79571][E][WiFiUdp.cpp:221] parsePacket(): could not receive data: 9
[ 79579][E][WiFiUdp.cpp:221] parsePacket(): could not receive data: 9
[ 79587][E][WiFiUdp.cpp:221] parsePacket(): could not receive data: 9
[ 79595][E][WiFiUdp.cpp:221] parsePacket(): could not receive data: 9
[ 79603][E][WiFiUdp.cpp:221] parsePacket(): could not receive data: 9
[ 79611][E][WiFiUdp.cpp:221] parsePacket(): could not receive data: 9
[ 79619][E][WiFiUdp.cpp:221] parsePacket(): could not receive data: 9
[ 79627][E][WiFiUdp.cpp:221] parsePacket(): could not receive data: 9
[ 79635][E][WiFiUdp.cpp:221] parsePacket(): could not receive data: 9
[ 79643][E][WiFiUdp.cpp:221] parsePacket(): could not receive data: 9
[ 79651][E][WiFiUdp.cpp:221] parsePacket(): could not receive data: 9
[ 79659][E][WiFiUdp.cpp:221] parsePacket(): could not receive data: 9
[ 79667][E][WiFiUdp.cpp:221] parsePacket(): could not receive data: 9
[ 79675][E][WiFiUdp.cpp:221] parsePacket(): could not receive data: 9
[ 79683][E][WiFiUdp.cpp:221] parsePacket(): could not receive data: 9
[ 79691][E][WiFiUdp.cpp:221] parsePacket(): could not receive data: 9
[ 79699][E][WiFiUdp.cpp:221] parsePacket(): could not receive data: 9
[ 79707][E][WiFiUdp.cpp:221] parsePacket(): could not receive data: 9
[ 79715][E][WiFiUdp.cpp:221] parsePacket(): could not receive data: 9
[ 79723][E][WiFiUdp.cpp:221] parsePacket(): could not receive data: 9
[ 79731][E][WiFiUdp.cpp:221] parsePacket(): could not receive data: 9
[ 79739][E][WiFiUdp.cpp:221] parsePacket(): could not receive data: 9
[ 79747][E][WiFiUdp.cpp:221] parsePacket(): could not receive data: 9
[ 79755][E][WiFiUdp.cpp:221] parsePacket(): could not receive data: 9
[ 79763][E][WiFiUdp.cpp:221] parsePacket(): could not receive data: 9
[ 79771][E][WiFiUdp.cpp:221] parsePacket(): could not receive data: 9
[ 79779][E][WiFiUdp.cpp:221] parsePacket(): could not receive data: 9
[ 79787][E][WiFiUdp.cpp:221] parsePacket(): could not receive data: 9
[ 79795][E][WiFiUdp.cpp:221] parsePacket(): could not receive data: 9
[ 79803][E][WiFiUdp.cpp:221] parsePacket(): could not receive data: 9
[ 79811][E][WiFiUdp.cpp:221] parsePacket(): could not receive data: 9
[ 79819][E][WiFiUdp.cpp:221] parsePacket(): could not receive data: 9
[ 79827][E][WiFiUdp.cpp:221] parsePacket(): could not receive data: 9
[ 79835][E][WiFiUdp.cpp:221] parsePacket(): could not receive data: 9
[ 79843][E][WiFiUdp.cpp:221] parsePacket(): could not receive data: 9
[ 79851][E][WiFiUdp.cpp:221] parsePacket(): could not receive data: 9
[ 79859][E][WiFiUdp.cpp:221] parsePacket(): could not receive data: 9
[ 79867][E][WiFiUdp.cpp:221] parsePacket(): could not receive data: 9
[ 79875][E][WiFiUdp.cpp:221] parsePacket(): could not receive data: 9
[ 79883][E][WiFiUdp.cpp:221] parsePacket(): could not receive data: 9
[ 79891][E][WiFiUdp.cpp:221] parsePacket(): could not receive data: 9
[ 79899][E][WiFiUdp.cpp:221] parsePacket(): could not receive data: 9
[ 79907][E][WiFiUdp.cpp:221] parsePacket(): could not receive data: 9
[ 79915][E][WiFiUdp.cpp:221] parsePacket(): could not receive data: 9
[ 79923][E][WiFiUdp.cpp:221] parsePacket(): could not receive data: 9
[ 79931][E][WiFiUdp.cpp:221] parsePacket(): could not receive data: 9
[ 79939][E][WiFiUdp.cpp:221] parsePacket(): could not receive data: 9
[ 79947][E][WiFiUdp.cpp:221] parsePacket(): could not receive data: 9
[ 79955][E][WiFiUdp.cpp:221] parsePacket(): could not receive data: 9
[ 79963][E][WiFiUdp.cpp:221] parsePacket(): could not receive data: 9
[ 79971][E][WiFiUdp.cpp:221] parsePacket(): could not receive data: 9
[ 79979][E][WiFiUdp.cpp:221] parsePacket(): could not receive data: 9
[ 79987][E][WiFiUdp.cpp:221] parsePacket(): could not receive data: 9
[ 79995][E][WiFiUdp.cpp:221] parsePacket(): could not receive data: 9
[ 80003][E][WiFiUdp.cpp:221] parsePacket(): could not receive data: 9
[ 80011][E][WiFiUdp.cpp:221] parsePacket(): could not receive data: 9
[ 80019][E][WiFiUdp.cpp:221] parsePacket(): could not receive data: 9
[ 80027][E][WiFiUdp.cpp:221] parsePacket(): could not receive data: 9
[ 80035][E][WiFiUdp.cpp:221] parsePacket(): could not receive data: 9
[ 80043][E][WiFiUdp.cpp:221] parsePacket(): could not receive data: 9
[ 80051][E][WiFiUdp.cpp:221] parsePacket(): could not receive data: 9
[ 80059][E][WiFiUdp.cpp:221] parsePacket(): could not receive data: 9
[ 80067][E][WiFiUdp.cpp:221] parsePacket(): could not receive data: 9
[ 80075][E][WiFiUdp.cpp:221] parsePacket(): could not receive data: 9
[ 80083][E][WiFiUdp.cpp:221] parsePacket(): could not receive data: 9
[ 80091][E][WiFiUdp.cpp:221] parsePacket(): could not receive data: 9
[ 80099][E][WiFiUdp.cpp:221] parsePacket(): could not receive data: 9
[ 80107][E][WiFiUdp.cpp:221] parsePacket(): could not receive data: 9
[ 80115][E][WiFiUdp.cpp:221] parsePacket(): could not receive data: 9
[ 80123][E][WiFiUdp.cpp:221] parsePacket(): could not receive data: 9
[ 80131][E][WiFiUdp.cpp:221] parsePacket(): could not receive data: 9
[ 80139][E][WiFiUdp.cpp:221] parsePacket(): could not receive data: 9
[ 80147][E][WiFiUdp.cpp:221] parsePacket(): could not receive data: 9
[ 80155][E][WiFiUdp.cpp:221] parsePacket(): could not receive data: 9
[ 80163][E][WiFiUdp.cpp:221] parsePacket(): could not receive data: 9
[ 80171][E][WiFiUdp.cpp:221] parsePacket(): could not receive data: 9
[ 80179][E][WiFiUdp.cpp:221] parsePacket(): could not receive data: 9
[ 80187][E][WiFiUdp.cpp:221] parsePacket(): could not receive data: 9
[ 80195][E][WiFiUdp.cpp:221] parsePacket(): could not receive data: 9
[ 80203][E][WiFiUdp.cpp:221] parsePacket(): could not receive data: 9
[ 80211][E][WiFiUdp.cpp:221] parsePacket(): could not receive data: 9
[ 80219][E][WiFiUdp.cpp:221] parsePacket(): could not receive data: 9
[ 80227][E][WiFiUdp.cpp:221] parsePacket(): could not receive data: 9
[ 80235][E][WiFiUdp.cpp:221] parsePacket(): could not receive data: 9
[ 80243][E][WiFiUdp.cpp:221] parsePacket(): could not receive data: 9
[ 80251][E][WiFiUdp.cpp:221] parsePacket(): could not receive data: 9
[ 80259][E][WiFiUdp.cpp:221] parsePacket(): could not receive data: 9
[ 80267][E][WiFiUdp.cpp:221] parsePacket(): could not receive data: 9
[ 80275][E][WiFiUdp.cpp:221] parsePacket(): could not receive data: 9
[ 80283][E][WiFiUdp.cpp:221] parsePacket(): could not receive data: 9
[ 80291][E][WiFiUdp.cpp:221] parsePacket(): could not receive data: 9
[ 80299][E][WiFiUdp.cpp:221] parsePacket(): could not receive data: 9
[ 80307][E][WiFiUdp.cpp:221] parsePacket(): could not receive data: 9
[ 80315][E][WiFiUdp.cpp:221] parsePacket(): could not receive data: 9
[ 80323][E][WiFiUdp.cpp:221] parsePacket(): could not receive data: 9
[ 80331][E][WiFiUdp.cpp:221] parsePacket(): could not receive data: 9
[ 80339][E][WiFiUdp.cpp:221] parsePacket(): could not receive data: 9
[ 80347][E][WiFiUdp.cpp:221] parsePacket(): could not receive data: 9
[ 80355][E][WiFiUdp.cpp:221] parsePacket(): could not receive data: 9
[ 80363][E][WiFiUdp.cpp:221] parsePacket(): could not receive data: 9
[ 80371][E][WiFiUdp.cpp:221] parsePacket(): could not receive data: 9
[ 80379][E][WiFiUdp.cpp:221] parsePacket(): could not receive data: 9
[ 80387][E][WiFiUdp.cpp:221] parsePacket(): could not receive data: 9
[ 80395][E][WiFiUdp.cpp:221] parsePacket(): could not receive data: 9
[ 80403][E][WiFiUdp.cpp:221] parsePacket(): could not receive data: 9
[ 80411][E][WiFiUdp.cpp:221] parsePacket(): could not receive data: 9
[ 80419][E][WiFiUdp.cpp:221] parsePacket(): could not receive data: 9
[ 80427][E][WiFiUdp.cpp:221] parsePacket(): could not receive data: 9
[ 80435][E][WiFiUdp.cpp:221] parsePacket(): could not receive data: 9
[ 80443][E][WiFiUdp.cpp:221] parsePacket(): could not receive data: 9
[ 80451][E][WiFiUdp.cpp:221] parsePacket(): could not receive data: 9
[ 80459][E][WiFiUdp.cpp:221] parsePacket(): could not receive data: 9
[ 80467][E][WiFiUdp.cpp:221] parsePacket(): could not receive data: 9
[ 80475][E][WiFiUdp.cpp:221] parsePacket(): could not receive data: 9
[ 80483][E][WiFiUdp.cpp:221] parsePacket(): could not receive data: 9
[ 80491][E][WiFiUdp.cpp:221] parsePacket(): could not receive data: 9
[ 80499][E][WiFiUdp.cpp:221] parsePacket(): could not receive data: 9
[ 80507][E][WiFiUdp.cpp:221] parsePacket(): could not receive data: 9
[ 80515][E][WiFiUdp.cpp:221] parsePacket(): could not receive data: 9
[ 80523][E][WiFiUdp.cpp:221] parsePacket(): could not receive data: 9
[ 80531][E][WiFiUdp.cpp:221] parsePacket(): could not receive data: 9
[ 80539][E][WiFiUdp.cpp:221] parsePacket(): could not receive data: 9
[ 80547][E][WiFiUdp.cpp:221] parsePacket(): could not receive data: 9
[ 80555][E][WiFiUdp.cpp:221] parsePacket(): could not receive data: 9
[ 80563][E][WiFiUdp.cpp:221] parsePacket(): could not receive data: 9
[ 80571][E][WiFiUdp.cpp:221] parsePacket(): could not receive data: 9
[ 80579][E][WiFiUdp.cpp:221] parsePacket(): could not receive data: 9
[ 80587][E][WiFiUdp.cpp:221] parsePacket(): could not receive data: 9
[ 80595][E][WiFiUdp.cpp:221] parsePacket(): could not receive data: 9
[ 80603][E][WiFiUdp.cpp:221] parsePacket(): could not receive data: 9
[ 80611][E][WiFiUdp.cpp:221] parsePacket(): could not receive data: 9
[ 80619][E][WiFiUdp.cpp:221] parsePacket(): could not receive data: 9
[ 80627][E][WiFiUdp.cpp:221] parsePacket(): could not receive data: 9
[ 80635][E][WiFiUdp.cpp:221] parsePacket(): could not receive data: 9
[ 80643][E][WiFiUdp.cpp:221] parsePacket(): could not receive data: 9
[ 80651][E][WiFiUdp.cpp:221] parsePacket(): could not receive data: 9
[ 80659][E][WiFiUdp.cpp:221] parsePacket(): could not receive data: 9
[ 80667][E][WiFiUdp.cpp:221] parsePacket(): could not receive data: 9
[ 80675][E][WiFiUdp.cpp:221] parsePacket(): could not receive data: 9
[ 80683][E][WiFiUdp.cpp:221] parsePacket(): could not receive data: 9
[ 80691][E][WiFiUdp.cpp:221] parsePacket(): could not receive data: 9
[ 80699][E][WiFiUdp.cpp:221] parsePacket(): could not receive data: 9
[ 80707][E][WiFiUdp.cpp:221] parsePacket(): could not receive data: 9
[ 80715][E][WiFiUdp.cpp:221] parsePacket(): could not receive data: 9
[ 80723][E][WiFiUdp.cpp:221] parsePacket(): could not receive data: 9
[ 80731][E][WiFiUdp.cpp:221] parsePacket(): could not receive data: 9
[ 80739][E][WiFiUdp.cpp:221] parsePacket(): could not receive data: 9
[ 80747][E][WiFiUdp.cpp:221] parsePacket(): could not receive data: 9
[ 80755][E][WiFiUdp.cpp:221] parsePacket(): could not receive data: 9
[ 80763][E][WiFiUdp.cpp:221] parsePacket(): could not receive data: 9
[ 80771][E][WiFiUdp.cpp:221] parsePacket(): could not receive data: 9
[ 80779][E][WiFiUdp.cpp:221] parsePacket(): could not receive data: 9
[ 80787][E][WiFiUdp.cpp:221] parsePacket(): could not receive data: 9
[ 80795][E][WiFiUdp.cpp:221] parsePacket(): could not receive data: 9
[ 80803][E][WiFiUdp.cpp:221] parsePacket(): could not receive data: 9
[ 80811][E][WiFiUdp.cpp:221] parsePacket(): could not receive data: 9
[ 80819][E][WiFiUdp.cpp:221] parsePacket(): could not receive data: 9
[ 80827][E][WiFiUdp.cpp:221] parsePacket(): could not receive data: 9
[ 80835][E][WiFiUdp.cpp:221] parsePacket(): could not receive data: 9
[ 80843][E][WiFiUdp.cpp:221] parsePacket(): could not receive data: 9
[ 80851][E][WiFiUdp.cpp:221] parsePacket(): could not receive data: 9
[ 80859][E][WiFiUdp.cpp:221] parsePacket(): could not receive data: 9
[ 80867][E][WiFiUdp.cpp:221] parsePacket(): could not receive data: 9
[ 80875][E][WiFiUdp.cpp:221] parsePacket(): could not receive data: 9
[ 80883][E][WiFiUdp.cpp:221] parsePacket(): could not receive data: 9
[ 80891][E][WiFiUdp.cpp:221] parsePacket(): could not receive data: 9
[ 80899][E][WiFiUdp.cpp:221] parsePacket(): could not receive data: 9
[ 80907][E][WiFiUdp.cpp:221] parsePacket(): could not receive data: 9
[ 80915][E][WiFiUdp.cpp:221] parsePacket(): could not receive data: 9
[ 80923][E][WiFiUdp.cpp:221] parsePacket(): could not receive data: 9
[ 80931][E][WiFiUdp.cpp:221] parsePacket(): could not receive data: 9
[ 80939][E][WiFiUdp.cpp:221] parsePacket(): could not receive data: 9
[ 80947][E][WiFiUdp.cpp:221] parsePacket(): could not receive data: 9
[ 80955][E][WiFiUdp.cpp:221] parsePacket(): could not receive data: 9
[ 80963][E][WiFiUdp.cpp:221] parsePacket(): could not receive data: 9
[ 80971][E][WiFiUdp.cpp:221] parsePacket(): could not receive data: 9
[ 80979][E][WiFiUdp.cpp:221] parsePacket(): could not receive data: 9
[ 80987][E][WiFiUdp.cpp:221] parsePacket(): could not receive data: 9
[ 80995][E][WiFiUdp.cpp:221] parsePacket(): could not receive data: 9
[ 81003][E][WiFiUdp.cpp:221] parsePacket(): could not receive data: 9
[ 81011][E][WiFiUdp.cpp:221] parsePacket(): could not receive data: 9
[ 81019][E][WiFiUdp.cpp:221] parsePacket(): could not receive data: 9
[ 81027][E][WiFiUdp.cpp:221] parsePacket(): could not receive data: 9
[ 81035][E][WiFiUdp.cpp:221] parsePacket(): could not receive data: 9
[ 81043][E][WiFiUdp.cpp:221] parsePacket(): could not receive data: 9
[ 81051][E][WiFiUdp.cpp:221] parsePacket(): could not receive data: 9
[ 81059][E][WiFiUdp.cpp:221] parsePacket(): could not receive data: 9
[ 81067][E][WiFiUdp.cpp:221] parsePacket(): could not receive data: 9
[ 81075][E][WiFiUdp.cpp:221] parsePacket(): could not receive data: 9
[ 81083][E][WiFiUdp.cpp:221] parsePacket(): could not receive data: 9
[ 81091][E][WiFiUdp.cpp:221] parsePacket(): could not receive data: 9
[ 81099][E][WiFiUdp.cpp:221] parsePacket(): could not receive data: 9
[ 81107][E][WiFiUdp.cpp:221] parsePacket(): could not receive data: 9
[ 81115][E][WiFiUdp.cpp:221] parsePacket(): could not receive data: 9
[ 81123][E][WiFiUdp.cpp:221] parsePacket(): could not receive data: 9
[ 81131][E][WiFiUdp.cpp:221] parsePacket(): could not receive data: 9
[ 81139][E][WiFiUdp.cpp:221] parsePacket(): could not receive data: 9
[ 81147][E][WiFiUdp.cpp:221] parsePacket(): could not receive data: 9
[ 81155][E][WiFiUdp.cpp:221] parsePacket(): could not receive data: 9
[ 81163][E][WiFiUdp.cpp:221] parsePacket(): could not receive data: 9
[ 81171][E][WiFiUdp.cpp:221] parsePacket(): could not receive data: 9
[ 81179][E][WiFiUdp.cpp:221] parsePacket(): could not receive data: 9
[ 81187][E][WiFiUdp.cpp:221] parsePacket(): could not receive data: 9
[ 81195][E][WiFiUdp.cpp:221] parsePacket(): could not receive data: 9
[ 81203][E][WiFiUdp.cpp:221] parsePacket(): could not receive data: 9
[ 81211][E][WiFiUdp.cpp:221] parsePacket(): could not receive data: 9
[ 81219][E][WiFiUdp.cpp:221] parsePacket(): could not receive data: 9
[ 81227][E][WiFiUdp.cpp:221] parsePacket(): could not receive data: 9
[ 81235][E][WiFiUdp.cpp:221] parsePacket(): could not receive data: 9
[ 81243][E][WiFiUdp.cpp:221] parsePacket(): could not receive data: 9
[ 81251][E][WiFiUdp.cpp:221] parsePacket(): could not receive data: 9
[ 81259][E][WiFiUdp.cpp:221] parsePacket(): could not receive data: 9
[ 81267][E][WiFiUdp.cpp:221] parsePacket(): could not receive data: 9
[ 81275][E][WiFiUdp.cpp:221] parsePacket(): could not receive data: 9
[ 81283][E][WiFiUdp.cpp:221] parsePacket(): could not receive data: 9
[ 81291][E][WiFiUdp.cpp:221] parsePacket(): could not receive data: 9
[ 81299][E][WiFiUdp.cpp:221] parsePacket(): could not receive data: 9
[ 81307][E][WiFiUdp.cpp:221] parsePacket(): could not receive data: 9
[ 81315][E][WiFiUdp.cpp:221] parsePacket(): could not receive data: 9
[ 81323][E][WiFiUdp.cpp:221] parsePacket(): could not receive data: 9
[ 81331][E][WiFiUdp.cpp:221] parsePacket(): could not receive data: 9
[ 81339][E][WiFiUdp.cpp:221] parsePacket(): could not receive data: 9
[ 81347][E][WiFiUdp.cpp:221] parsePacket(): could not receive data: 9
[ 81355][E][WiFiUdp.cpp:221] parsePacket(): could not receive data: 9
[ 81363][E][WiFiUdp.cpp:221] parsePacket(): could not receive data: 9
[ 81371][E][WiFiUdp.cpp:221] parsePacket(): could not receive data: 9
[ 81379][E][WiFiUdp.cpp:221] parsePacket(): could not receive data: 9
[ 81387][E][WiFiUdp.cpp:221] parsePacket(): could not receive data: 9
[ 81395][E][WiFiUdp.cpp:221] parsePacket(): could not receive data: 9
[ 81403][E][WiFiUdp.cpp:221] parsePacket(): could not receive data: 9
[ 81411][E][WiFiUdp.cpp:221] parsePacket(): could not receive data: 9
[ 81419][E][WiFiUdp.cpp:221] parsePacket(): could not receive data: 9
[ 81427][E][WiFiUdp.cpp:221] parsePacket(): could not receive data: 9
[ 81435][E][WiFiUdp.cpp:221] parsePacket(): could not receive data: 9
[ 81443][E][WiFiUdp.cpp:221] parsePacket(): could not receive data: 9
[ 81451][E][WiFiUdp.cpp:221] parsePacket(): could not receive data: 9
[ 81459][E][WiFiUdp.cpp:221] parsePacket(): could not receive data: 9
[ 81467][E][WiFiUdp.cpp:221] parsePacket(): could not receive data: 9
[ 81475][E][WiFiUdp.cpp:221] parsePacket(): could not receive data: 9
[ 81483][E][WiFiUdp.cpp:221] parsePacket(): could not receive data: 9
[ 81491][E][WiFiUdp.cpp:221] parsePacket(): could not receive data: 9
[ 81499][E][WiFiUdp.cpp:221] parsePacket(): could not receive data: 9
[ 81507][E][WiFiUdp.cpp:221] parsePacket(): could not receive data: 9
[ 81515][E][WiFiUdp.cpp:221] parsePacket(): could not receive data: 9
[ 81523][E][WiFiUdp.cpp:221] parsePacket(): could not receive data: 9
[ 81531][E][WiFiUdp.cpp:221] parsePacket(): could not receive data: 9
[ 81539][E][WiFiUdp.cpp:221] parsePacket(): could not receive data: 9
[ 81547][E][WiFiUdp.cpp:221] parsePacket(): could not receive data: 9
[ 81555][E][WiFiUdp.cpp:221] parsePacket(): could not receive data: 9
[ 81563][E][WiFiUdp.cpp:221] parsePacket(): could not receive data: 9
[ 81571][E][WiFiUdp.cpp:221] parsePacket(): could not receive data: 9
[ 81579][E][WiFiUdp.cpp:221] parsePacket(): could not receive data: 9
[ 81587][E][WiFiUdp.cpp:221] parsePacket(): could not receive data: 9
[ 81595][E][WiFiUdp.cpp:221] parsePacket(): could not receive data: 9
[ 81603][E][WiFiUdp.cpp:221] parsePacket(): could not receive data: 9
[ 81611][E][WiFiUdp.cpp:221] parsePacket(): could not receive data: 9
[ 81619][E][WiFiUdp.cpp:221] parsePacket(): could not receive data: 9
[ 81627][E][WiFiUdp.cpp:221] parsePacket(): could not receive data: 9
[ 81635][E][WiFiUdp.cpp:221] parsePacket(): could not receive data: 9
[ 81643][E][WiFiUdp.cpp:221] parsePacket(): could not receive data: 9
[ 81651][E][WiFiUdp.cpp:221] parsePacket(): could not receive data: 9
[ 81659][E][WiFiUdp.cpp:221] parsePacket(): could not receive data: 9
[ 81667][E][WiFiUdp.cpp:221] parsePacket(): could not receive data: 9
[ 81675][E][WiFiUdp.cpp:221] parsePacket(): could not receive data: 9
[ 81683][E][WiFiUdp.cpp:221] parsePacket(): could not receive data: 9
[ 81691][E][WiFiUdp.cpp:221] parsePacket(): could not receive data: 9
[ 81699][E][WiFiUdp.cpp:221] parsePacket(): could not receive data: 9
[ 81707][E][WiFiUdp.cpp:221] parsePacket(): could not receive data: 9
[ 81715][E][WiFiUdp.cpp:221] parsePacket(): could not receive data: 9
No Sensor found on bus! Rescanning...
No Sensor found on bus! Rescanning...
[ 82028][E][WiFiUdp.cpp:221] parsePacket(): could not receive data: 9
[ 82036][E][WiFiUdp.cpp:221] parsePacket(): could not receive data: 9
[ 82044][E][WiFiUdp.cpp:221] parsePacket(): could not receive data: 9
[ 82052][E][WiFiUdp.cpp:221] parsePacket(): could not receive data: 9
[ 82060][E][WiFiUdp.cpp:221] parsePacket(): could not receive data: 9
[ 82068][E][WiFiUdp.cpp:221] parsePacket(): could not receive data: 9
[ 82076][E][WiFiUdp.cpp:221] parsePacket(): could not receive data: 9
[ 82084][E][WiFiUdp.cpp:221] parsePacket(): could not receive data: 9
[ 82092][E][WiFiUdp.cpp:221] parsePacket(): could not receive data: 9
[ 82100][E][WiFiUdp.cpp:221] parsePacket(): could not receive data: 9
[ 82108][E][WiFiUdp.cpp:221] parsePacket(): could not receive data: 9
[ 82116][E][WiFiUdp.cpp:221] parsePacket(): could not receive data: 9
[ 82124][E][WiFiUdp.cpp:221] parsePacket(): could not receive data: 9
[ 82132][E][WiFiUdp.cpp:221] parsePacket(): could not receive data: 9
[ 82140][E][WiFiUdp.cpp:221] parsePacket(): could not receive data: 9
[ 82148][E][WiFiUdp.cpp:221] parsePacket(): could not receive data: 9
[ 82156][E][WiFiUdp.cpp:221] parsePacket(): could not receive data: 9
[ 82164][E][WiFiUdp.cpp:221] parsePacket(): could not receive data: 9
[ 82172][E][WiFiUdp.cpp:221] parsePacket(): could not receive data: 9
[ 82180][E][WiFiUdp.cpp:221] parsePacket(): could not receive data: 9
[ 82188][E][WiFiUdp.cpp:221] parsePacket(): could not receive data: 9
[ 82196][E][WiFiUdp.cpp:221] parsePacket(): could not receive data: 9
[ 82204][E][WiFiUdp.cpp:221] parsePacket(): could not receive data: 9
[ 82212][E][WiFiUdp.cpp:221] parsePacket(): could not receive data: 9
[ 82220][E][WiFiUdp.cpp:221] parsePacket(): could not receive data: 9
[ 82228][E][WiFiUdp.cpp:221] parsePacket(): could not receive data: 9
[ 82236][E][WiFiUdp.cpp:221] parsePacket(): could not receive data: 9
[ 82244][E][WiFiUdp.cpp:221] parsePacket(): could not receive data: 9
[ 82252][E][WiFiUdp.cpp:221] parsePacket(): could not receive data: 9
[ 82260][E][WiFiUdp.cpp:221] parsePacket(): could not receive data: 9
[ 82268][E][WiFiUdp.cpp:221] parsePacket(): could not receive data: 9
[ 82276][E][WiFiUdp.cpp:221] parsePacket(): could not receive data: 9
[ 82284][E][WiFiUdp.cpp:221] parsePacket(): could not receive data: 9
[ 82292][E][WiFiUdp.cpp:221] parsePacket(): could not receive data: 9
[ 82300][E][WiFiUdp.cpp:221] parsePacket(): could not receive data: 9
[ 82308][E][WiFiUdp.cpp:221] parsePacket(): could not receive data: 9
[ 82316][E][WiFiUdp.cpp:221] parsePacket(): could not receive data: 9
[ 82324][E][WiFiUdp.cpp:221] parsePacket(): could not receive data: 9
[ 82332][E][WiFiUdp.cpp:221] parsePacket(): could not receive data: 9
[ 82340][E][WiFiUdp.cpp:221] parsePacket(): could not receive data: 9
[ 82348][E][WiFiUdp.cpp:221] parsePacket(): could not receive data: 9
[ 82356][E][WiFiUdp.cpp:221] parsePacket(): could not receive data: 9
[ 82364][E][WiFiUdp.cpp:221] parsePacket(): could not receive data: 9
[ 82372][E][WiFiUdp.cpp:221] parsePacket(): could not receive data: 9
[ 82380][E][WiFiUdp.cpp:221] parsePacket(): could not receive data: 9
[ 82388][E][WiFiUdp.cpp:221] parsePacket(): could not receive data: 9
[ 82396][E][WiFiUdp.cpp:221] parsePacket(): could not receive data: 9
[ 82404][E][WiFiUdp.cpp:221] parsePacket(): could not receive data: 9
[ 82412][E][WiFiUdp.cpp:221] parsePacket(): could not receive data: 9
[ 82420][E][WiFiUdp.cpp:221] parsePacket(): could not receive data: 9
[ 82428][E][WiFiUdp.cpp:221] parsePacket(): could not receive data: 9
[ 82436][E][WiFiUdp.cpp:221] parsePacket(): could not receive data: 9
[ 82444][E][WiFiUdp.cpp:221] parsePacket(): could not receive data: 9
[ 82452][E][WiFiUdp.cpp:221] parsePacket(): could not receive data: 9
[ 82460][E][WiFiUdp.cpp:221] parsePacket(): could not receive data: 9
[ 82468][E][WiFiUdp.cpp:221] parsePacket(): could not receive data: 9
[ 82476][E][WiFiUdp.cpp:221] parsePacket(): could not receive data: 9
[ 82484][E][WiFiUdp.cpp:221] parsePacket(): could not receive data: 9
[ 82492][E][WiFiUdp.cpp:221] parsePacket(): could not receive data: 9
[ 82500][E][WiFiUdp.cpp:221] parsePacket(): could not receive data: 9
[ 82508][E][WiFiUdp.cpp:221] parsePacket(): could not receive data: 9
[ 82516][E][WiFiUdp.cpp:221] parsePacket(): could not receive data: 9
[ 82524][E][WiFiUdp.cpp:221] parsePacket(): could not receive data: 9
[ 82532][E][WiFiUdp.cpp:221] parsePacket(): could not receive data: 9
[ 82540][E][WiFiUdp.cpp:221] parsePacket(): could not receive data: 9
[ 82548][E][WiFiUdp.cpp:221] parsePacket(): could not receive data: 9
[ 82556][E][WiFiUdp.cpp:221] parsePacket(): could not receive data: 9
[ 82564][E][WiFiUdp.cpp:221] parsePacket(): could not receive data: 9
[ 82572][E][WiFiUdp.cpp:221] parsePacket(): could not receive data: 9
[ 82580][E][WiFiUdp.cpp:221] parsePacket(): could not receive data: 9
[ 82588][E][WiFiUdp.cpp:221] parsePacket(): could not receive data: 9
[ 82596][E][WiFiUdp.cpp:221] parsePacket(): could not receive data: 9
[ 82604][E][WiFiUdp.cpp:221] parsePacket(): could not receive data: 9
[ 82612][E][WiFiUdp.cpp:221] parsePacket(): could not receive data: 9
[ 82620][E][WiFiUdp.cpp:221] parsePacket(): could not receive data: 9
[ 82628][E][WiFiUdp.cpp:221] parsePacket(): could not receive data: 9
[ 82636][E][WiFiUdp.cpp:221] parsePacket(): could not receive data: 9
[ 82644][E][WiFiUdp.cpp:221] parsePacket(): could not receive data: 9
[ 82652][E][WiFiUdp.cpp:221] parsePacket(): could not receive data: 9
[ 82660][E][WiFiUdp.cpp:221] parsePacket(): could not receive data: 9
[ 82668][E][WiFiUdp.cpp:221] parsePacket(): could not receive data: 9
[ 82676][E][WiFiUdp.cpp:221] parsePacket(): could not receive data: 9
[ 82684][E][WiFiUdp.cpp:221] parsePacket(): could not receive data: 9
[ 82692][E][WiFiUdp.cpp:221] parsePacket(): could not receive data: 9
[ 82700][E][WiFiUdp.cpp:221] parsePacket(): could not receive data: 9
[ 82708][E][WiFiUdp.cpp:221] parsePacket(): could not receive data: 9
[ 82716][E][WiFiUdp.cpp:221] parsePacket(): could not receive data: 9
[ 82724][E][WiFiUdp.cpp:221] parsePacket(): could not receive data: 9
[ 82732][E][WiFiUdp.cpp:221] parsePacket(): could not receive data: 9
[ 82740][E][WiFiUdp.cpp:221] parsePacket(): could not receive data: 9
[ 82748][E][WiFiUdp.cpp:221] parsePacket(): could not receive data: 9
[ 82756][E][WiFiUdp.cpp:221] parsePacket(): could not receive data: 9
[ 82764][E][WiFiUdp.cpp:221] parsePacket(): could not receive data: 9
[ 82772][E][WiFiUdp.cpp:221] parsePacket(): could not receive data: 9
[ 82780][E][WiFiUdp.cpp:221] parsePacket(): could not receive data: 9
[ 82788][E][WiFiUdp.cpp:221] parsePacket(): could not receive data: 9
[ 82796][E][WiFiUdp.cpp:221] parsePacket(): could not receive data: 9
[ 82804][E][WiFiUdp.cpp:221] parsePacket(): could not receive data: 9
[ 82812][E][WiFiUdp.cpp:221] parsePacket(): could not receive data: 9
[ 82820][E][WiFiUdp.cpp:221] parsePacket(): could not receive data: 9
[ 82828][E][WiFiUdp.cpp:221] parsePacket(): could not receive data: 9
[ 82836][E][WiFiUdp.cpp:221] parsePacket(): could not receive data: 9
[ 82844][E][WiFiUdp.cpp:221] parsePacket(): could not receive data: 9
[ 82852][E][WiFiUdp.cpp:221] parsePacket(): could not receive data: 9
[ 82860][E][WiFiUdp.cpp:221] parsePacket(): could not receive data: 9
[ 82868][E][WiFiUdp.cpp:221] parsePacket(): could not receive data: 9
[ 82876][E][WiFiUdp.cpp:221] parsePacket(): could not receive data: 9
[ 82884][E][WiFiUdp.cpp:221] parsePacket(): could not receive data: 9
[ 82892][E][WiFiUdp.cpp:221] parsePacket(): could not receive data: 9
[ 82900][E][WiFiUdp.cpp:221] parsePacket(): could not receive data: 9
[ 82908][E][WiFiUdp.cpp:221] parsePacket(): could not receive data: 9
[ 82916][E][WiFiUdp.cpp:221] parsePacket(): could not receive data: 9
[ 82924][E][WiFiUdp.cpp:221] parsePacket(): could not receive data: 9
[ 82932][E][WiFiUdp.cpp:221] parsePacket(): could not receive data: 9
[ 82940][E][WiFiUdp.cpp:221] parsePacket(): could not receive data: 9
[ 82948][E][WiFiUdp.cpp:221] parsePacket(): could not receive data: 9
[ 82956][E][WiFiUdp.cpp:221] parsePacket(): could not receive data: 9
[ 82964][E][WiFiUdp.cpp:221] parsePacket(): could not receive data: 9
[ 82972][E][WiFiUdp.cpp:221] parsePacket(): could not receive data: 9
[ 82980][E][WiFiUdp.cpp:221] parsePacket(): could not receive data: 9
[ 82988][E][WiFiUdp.cpp:221] parsePacket(): could not receive data: 9
[ 82996][E][WiFiUdp.cpp:221] parsePacket(): could not receive data: 9
[ 83004][E][WiFiUdp.cpp:221] parsePacket(): could not receive data: 9
[ 83012][E][WiFiUdp.cpp:221] parsePacket(): could not receive data: 9
[ 83020][E][WiFiUdp.cpp:221] parsePacket(): could not receive data: 9
[ 83028][E][WiFiUdp.cpp:221] parsePacket(): could not receive data: 9
[ 83036][E][WiFiUdp.cpp:221] parsePacket(): could not receive data: 9
[ 83044][E][WiFiUdp.cpp:221] parsePacket(): could not receive data: 9
[ 83052][E][WiFiUdp.cpp:221] parsePacket(): could not receive data: 9
[ 83060][E][WiFiUdp.cpp:221] parsePacket(): could not receive data: 9
[ 83068][E][WiFiUdp.cpp:221] parsePacket(): could not receive data: 9
[ 83076][E][WiFiUdp.cpp:221] parsePacket(): could not receive data: 9
[ 83084][E][WiFiUdp.cpp:221] parsePacket(): could not receive data: 9
[ 83092][E][WiFiUdp.cpp:221] parsePacket(): could not receive data: 9
[ 83100][E][WiFiUdp.cpp:221] parsePacket(): could not receive data: 9
[ 83108][E][WiFiUdp.cpp:221] parsePacket(): could not receive data: 9
[ 83116][E][WiFiUdp.cpp:221] parsePacket(): could not receive data: 9
[ 83124][E][WiFiUdp.cpp:221] parsePacket(): could not receive data: 9
[ 83132][E][WiFiUdp.cpp:221] parsePacket(): could not receive data: 9
[ 83140][E][WiFiUdp.cpp:221] parsePacket(): could not receive data: 9
[ 83148][E][WiFiUdp.cpp:221] parsePacket(): could not receive data: 9
[ 83156][E][WiFiUdp.cpp:221] parsePacket(): could not receive data: 9
[ 83164][E][WiFiUdp.cpp:221] parsePacket(): could not receive data: 9
[ 83172][E][WiFiUdp.cpp:221] parsePacket(): could not receive data: 9
[ 83180][E][WiFiUdp.cpp:221] parsePacket(): could not receive data: 9
[ 83188][E][WiFiUdp.cpp:221] parsePacket(): could not receive data: 9
[ 83196][E][WiFiUdp.cpp:221] parsePacket(): could not receive data: 9
[ 83204][E][WiFiUdp.cpp:221] parsePacket(): could not receive data: 9
[ 83212][E][WiFiUdp.cpp:221] parsePacket(): could not receive data: 9
[ 83220][E][WiFiUdp.cpp:221] parsePacket(): could not receive data: 9
[ 83228][E][WiFiUdp.cpp:221] parsePacket(): could not receive data: 9
[ 83236][E][WiFiUdp.cpp:221] parsePacket(): could not receive data: 9
[ 83244][E][WiFiUdp.cpp:221] parsePacket(): could not receive data: 9
[ 83252][E][WiFiUdp.cpp:221] parsePacket(): could not receive data: 9
[ 83260][E][WiFiUdp.cpp:221] parsePacket(): could not receive data: 9
[ 83268][E][WiFiUdp.cpp:221] parsePacket(): could not receive data: 9
[ 83276][E][WiFiUdp.cpp:221] parsePacket(): could not receive data: 9
[ 83284][E][WiFiUdp.cpp:221] parsePacket(): could not receive data: 9
[ 83292][E][WiFiUdp.cpp:221] parsePacket(): could not receive data: 9
[ 83300][E][WiFiUdp.cpp:221] parsePacket(): could not receive data: 9
[ 83308][E][WiFiUdp.cpp:221] parsePacket(): could not receive data: 9
[ 83316][E][WiFiUdp.cpp:221] parsePacket(): could not receive data: 9
[ 83324][E][WiFiUdp.cpp:221] parsePacket(): could not receive data: 9
[ 83332][E][WiFiUdp.cpp:221] parsePacket(): could not receive data: 9
[ 83340][E][WiFiUdp.cpp:221] parsePacket(): could not receive data: 9
[ 83348][E][WiFiUdp.cpp:221] parsePacket(): could not receive data: 9
[ 83356][E][WiFiUdp.cpp:221] parsePacket(): could not receive data: 9
[ 83364][E][WiFiUdp.cpp:221] parsePacket(): could not receive data: 9
[ 83372][E][WiFiUdp.cpp:221] parsePacket(): could not receive data: 9
[ 83380][E][WiFiUdp.cpp:221] parsePacket(): could not receive data: 9
[ 83388][E][WiFiUdp.cpp:221] parsePacket(): could not receive data: 9
[ 83396][E][WiFiUdp.cpp:221] parsePacket(): could not receive data: 9
[ 83404][E][WiFiUdp.cpp:221] parsePacket(): could not receive data: 9
[ 83412][E][WiFiUdp.cpp:221] parsePacket(): could not receive data: 9
[ 83420][E][WiFiUdp.cpp:221] parsePacket(): could not receive data: 9
[ 83428][E][WiFiUdp.cpp:221] parsePacket(): could not receive data: 9
[ 83436][E][WiFiUdp.cpp:221] parsePacket(): could not receive data: 9
[ 83444][E][WiFiUdp.cpp:221] parsePacket(): could not receive data: 9
[ 83452][E][WiFiUdp.cpp:221] parsePacket(): could not receive data: 9
[ 83460][E][WiFiUdp.cpp:221] parsePacket(): could not receive data: 9
[ 83468][E][WiFiUdp.cpp:221] parsePacket(): could not receive data: 9
[ 83476][E][WiFiUdp.cpp:221] parsePacket(): could not receive data: 9
[ 83484][E][WiFiUdp.cpp:221] parsePacket(): could not receive data: 9
[ 83492][E][WiFiUdp.cpp:221] parsePacket(): could not receive data: 9
[ 83500][E][WiFiUdp.cpp:221] parsePacket(): could not receive data: 9
[ 83508][E][WiFiUdp.cpp:221] parsePacket(): could not receive data: 9
[ 83516][E][WiFiUdp.cpp:221] parsePacket(): could not receive data: 9
[ 83524][E][WiFiUdp.cpp:221] parsePacket(): could not receive data: 9
[ 83532][E][WiFiUdp.cpp:221] parsePacket(): could not receive data: 9
[ 83540][E][WiFiUdp.cpp:221] parsePacket(): could not receive data: 9
[ 83548][E][WiFiUdp.cpp:221] parsePacket(): could not receive data: 9
[ 83556][E][WiFiUdp.cpp:221] parsePacket(): could not receive data: 9
[ 83564][E][WiFiUdp.cpp:221] parsePacket(): could not receive data: 9
[ 83572][E][WiFiUdp.cpp:221] parsePacket(): could not receive data: 9
[ 83580][E][WiFiUdp.cpp:221] parsePacket(): could not receive data: 9
[ 83588][E][WiFiUdp.cpp:221] parsePacket(): could not receive data: 9
[ 83596][E][WiFiUdp.cpp:221] parsePacket(): could not receive data: 9
